channel_ID,name_namuwiki
UChQ-VMvdGrYZxviQVMTJOHg,도티
UCbFzvzDu17eDZ3RIeaLRswQ,감스트
UCg7rkxrTnIhiHEpXY1ec9NA,잠뜰
UCNzcxCN_Hh_lu5RCSFXKgGQ,김블루
UCSHVH_AWVUc-C8-D8mh8W6A,대도서관(방송인)
UCYooECrv-fIXlPaDwEIaveA,양띵
UCta_NRwnsUaew0t3VNxBNyg,김재원(샌드박스%20네트워크)
UCHxKSivB6JLZ1SEMdxd1fAg,뜨뜨뜨뜨
UCEPuItFWOOJ2o5hTu65NlEg,태경
UCpJw2H9KKqwCCGQKRh1Bf2w,이상혁(프로게이머)
UCQJuZxeDv2P05YHcC-tIEVQ,악어(인터넷%20방송인)
UCUbOogiD-4PKDqaJfSOTC0g,테스터훈
UC2NFRq9s2neD_Ml0tPhNC2Q,우주하마
UCBkyj16n2snkRg1BAzpovXQ,우왁굳
UC48NSSfUBsmL0k0wKxSqRkw,릴카
UCAaLhok91QDrweyuDRsmjqQ,킴성태
UCSOeJWyByeoBHpmrm0NnlLw,겜브링
UC3DYSay178fMMPaf3zHwECA,만두민
UCtCnnCUn9IDDQRU9_04JD3g,쁘띠허브
UCEcuyrAqhRVUmRdOd6FGKSw,기리TV
UC5pbeFWTPAUdKu65kBROsBg,테드TV
UC8CIM3d3zDYMk-3T5aAz0yw,혜안(인터넷%20방송인)
UCl4nBkmJCDs6RR8uWldAqLA,텔론
UC7uKMg7lPdCp4Nm1tLesihQ,액시스마이콜
UCc0_4m8a-YtBHEcYwjEnbxw,맥큐뭅
UCHdsNK3SJi7tI85f4XPy7zA,램램
UCN5oT4zGJX-_H6pE5isAEeg,군림보
UCZcD2iYy55-SkEbv3tcMZrg,연다
UC-Zedn7a_RJyb5hUQ-aGZog,머독
UCeG0ONJtjwE20ThR5iSYdsA,잉여맨
UCUj6rrhMTR9pipbAWBAMvUQ,침착맨
UCDBAVzfX3yZ1hah0FHnOoaA,괴물쥐
UC31ypOxFsuU3Q0OFpQzcQ3g,과로사(인터넷%20방송인)
UCRpdlPk671uOMiBtf5HtB3Q,개리형
UCPI40-XQA9-GBGj2k8PPqfg,김왼팔
UCEVnzHZkNMG-XFUGomZ24cg,돼지저금통(유튜버)
UCeivPjjK9-cdj8-gw4-7JRg,문호준
UCJprx3bX49vNl6Bcw01Cwfg,T1
UCIVFv8AiQLqM9oLHTixrNYw,강지
UC7nVGqibbYgrzh733LDffNQ,탁주(인터넷%20방송인)
UCLuDznROytXtnMSDwo5aGJQ,GCL%20지씨엘
UCdmPH-DTjL52x5K3lRvHYQw,코아(인터넷%20방송인)
UCLJs55bZWMsCBPekt3vssoQ,로이조
UC1dG3vI9FfHnH3YgyeKUz_A,저라뎃
UCsR07Y3qMhf_oKxit4xLoHg,헬로(유튜버)
UCMOOio1GZ50OeJT58DGBQCA,삼식
UCHsK9gl5aU0F3umrU4Zn_sA,PD대정령
UCxeWKVovE_mKNRCwAlpL87A,유소나
UCiwOunGuqfKjcLIBsteAAJQ,퀸톨
UCw-JzmPsjRcbzJLncr4pIIA,수탉TV
UCJDEss5wA1ddrCBC40giO8A,형독
UCylzl5EMsHKCMeUe2TLKLKA,서넹
UCt15X5eHLwyP8PpNtQTkuDQ,도파(인터넷%20방송인)
UCw1DsweY9b2AKGjV4kGJP1A,League%20of%20Legends%20Champions%20Korea
UCWL_9MaaMy8ObTDPmVHemjA,대월향
UCAJAJ9bAvfjFLRrsqeumJIA,꿀탱탱
UCZ0bi2aVJngKLwFTU5g_fLQ,김성회(방송인)
UCSzHok6X5qXEO7cjvVnE62g,김종인(프로게이머)
UCnQRkIhRmXrxGrK4-8n-lVw,똘킹
UCL_IvtOZo6sONpiydbzzHpA,JUNE
UCKDkGnyeib7mcU7LdD3x0jQ,OGN
UCXZaTqDKXHmNfKZ1ywhxe0w,진호(인터넷%20방송인)
UCgjaQlejpAnIu0q-xtVfTEw,밍모
UCbLispC1ydHSC_69kjZI6hw,비누TV
UCb5NLtXAsTBrmaZVhyFa-Wg,세글자
UCugNO83_V7xZLzCsjpABGeg,백크
UCZ-UuK86Bk5sGzQQ2cEglJQ,주키니
UCHsNxA14lzqnrm0mW7GQIXA,자몽티비
UCAJ-meoCh1TrPZ7La3UpPrw,빅헤드
UCzoP3s16B9hP7f_qIc6DReQ,쵸쵸우
UCldBBBC3KowWN7ScJRQlZyg,희철
UCl402YYy7RcH7PBI3npmGPQ,두치와뿌꾸(인터넷%20방송인)
UCzPLwuw2vJgxtEQk2nM4TVg,루태
UCa-IaOPw5r1oQ4vuf3QjEPA,롤큐
UCVZI7eLie2UlZph6aiBRNrw,캬하하
UCBvkQFBskQR9NeOoDYR8ckA,견자희
UCHqvLC2ilL2M4_SpoFiWtuQ,이설(인터넷%20방송인)
UC1MO5uem_t8lRgvIBF9u83w,방앗간%20비둘기
UCp77saYy1V_F3dld7GfJrcg,썩쏘(유튜버)
UC1q4Ihlv_YhLELw-ijE0Diw,마인애플
UCCA8UWUW80iHqK9ymdjRwPg,탬탬버린
UCfnMSbA2Bfi4cnuuN2pa0HA,재민TV
UCj1dw4G9v09OLXIxiL_VUEA,휴지(유튜버)
UCyHvSKT_bLDYpkv1JjjsLAg,풍월량
UCUsrcN6Vtqr05ibbow_rnBw,닥터파이어
UConOmISJY0oZHRhWGyvdQ2A,핑맨
UCrLxiPkgUEEnItqryMFVG2g,희바
UCM9m5BHwm-lU7tK07co3ClA,김계정
UCC4QcwDnXG5poPg__kD4YmQ,임선비
UCTSaxXnhUcrhv984bVpDr6Q,투보
UCcdlIcleb4oIK6of1ugSJ7w,옥냥이
UCIhfL5TX-FODmWcX2k1uWHg,멋사
UCnxOGZwppMFnMYS-eUJtwXw,눈꽃(인터넷%20방송인)
UCtJpqaQ0XAmX5uYZ48crOdQ,모아요
UCR0aLp4aIvxS07g6rGWZr_g,개구릿대
UCt51IEo3ZxxOysVAG_ylR6w,찬이
UCUR5w0E-jQTOO8Q0FZ4ilYQ,팡이요
UCHYMpkGhNIr8A0m2H3lIjUA,강찬용
UC2FDVyrQnjoZCUyk9fmqd9g,가브리엘(인터넷%20방송인)
UCO5bdxKgKczSpjFbfsGykmA,뽁구
