,name,youtube_code,namu_code
0,게임장비리뷰 겜용이,/channel/UCtzYIHUlZbT1d4v3U-uIyEQ,
1,MariAndKids,/channel/UCPGFLUUESbnhkOTpIt71Awg,말이야와 친구들 - 나무위키
2,[햄지]Hamzy,/channel/UCPKNKldggioffXPkSmjs5lQ,햄지 - 나무위키
3,GONGSAM TABLE 이공삼,/channel/UC2B5onlYkZ7IaVekR9yIB6w,이공삼 - 나무위키
4,문복희 Eat with Boki,/channel/UCoLQZ4ZClFqVPCvvjuiUSRA,문복희 - 나무위키
5,백종원의 요리비책 Paik\'s Cuisine,/channel/UCyn-K7rZLXjGl7VXGweIlcA,백종원의 요리비책 - 나무위키
6,설기양SULGI,/channel/UCIafb9ExBkh4WsCOagZssZA,설기양 - 나무위키
7,하루한끼 one meal a day,/channel/UCPWFxcwPliEBMwJjmeFIDIg,하루한끼 - 나무위키
8,[Dorothy]도로시,/channel/UCWUwriihuQ_ybNrAOqbg3yg,도로시(먹방 유튜버) - 나무위키
9,영국남자 Korean Englishman,/channel/UCg-p3lQIqmhh7gHpyaOmOiQ,영국남자 - 나무위키
10,Cooking tree 쿠킹트리,/channel/UCtby6rJtBGgUm-2oD_E7bzw,쿠킹트리 - 나무위키
11,까니짱 [ G-NI ],/channel/UC2wZJuuD_WA9ps2FORco1EQ,
12,푸메Fume,/channel/UCbzI92w5vWa6mEj1dACfy6g,푸메 - 나무위키
13,tzuyang쯔양,/channel/UCfpaSruWW3S4dibonKXENjA,쯔양 - 나무위키
14,야미보이 Yummyboy,/channel/UCiiV8stcewhoCNyiErr7GtA,야미보이 Yummyboy - 나무위키
15,FRAN,/channel/UC8kRUGUkq_sTGuKNR1l6Rrw,프란체스카(유튜버) - 나무위키
16,양수빈,/channel/UCYJrfuYXNqb5XSRd22XRwGw,양수빈 - 나무위키
17,유디티TV,/channel/UC0ZqpSq-OIpOITZ7U16-Xeg,유디티 - 나무위키
18,교광TV,/channel/UCwsFLjczPWiiWBS9_cdSQIQ,교광(유튜버) - 나무위키
19,나도Nado,/channel/UCf9sl-IcwNXDqWwWwp4vEwg,나도 - 나무위키
20,창현거리노래방,/channel/UCPJmHR4CG_lRuVwKCo0kjjg,창현 - 나무위키
21,와썹맨-Wassup Man,/channel/UCYgUhR7EGKauFXgJS0pckGg,와썹맨 - 나무위키
22,밴쯔,/channel/UCYx9lhCw0u2-OoqVtEU0IMg,밴쯔 - 나무위키
23,꿀키honeykki,/channel/UCvQPUPoMK0Smj-OHeUe9SEw,꿀키 - 나무위키
24,공대생 변승주 DS,/channel/UChE5nZAIhWS5vYTRjsUgRpQ,공대생 변승주 - 나무위키
25,엔조이커플enjoycouple,/channel/UCj-durTg1W7uWsB8oq0u7kA,엔조이커플 - 나무위키
26,보경 Bokyoung,/channel/UCALl6UrYtJndCXo2p6hANPQ,
27,The World of Dave데이브,/channel/UCqTVaBwm6FwVTt3oC77q9Mw,데이브(유튜버) - 나무위키
28,보길 bogil,/channel/UCZfupFXtc1U6hofsotI36zQ,보길 - 나무위키
29,최고다윽박EUGBAK,/channel/UCg_lS-XS9Fh9I6Rl56Z8fpg,최고다윽박 - 나무위키
30,지현꿍,/channel/UCyG7zAV_2JlPnxhwDxZN6sA,지현꿍 - 나무위키
31,Donam도남이먹방,/channel/UCftypYUp6boUauNi_P5WdZg,도남이먹방 - 나무위키
32,흥삼이네 Heungsam\'s Family,/channel/UC5XuQ-xiWAB6f-qu6gJMDBQ,흥삼 - 나무위키
33,슈기님,/channel/UCBCY00Ox6Cins0oRwSLqNGA,슈기 - 나무위키
34,사나이 김기훈,/channel/UC9nFMAQcn0bqIrEV9vUdU1g,킹기훈 - 나무위키
35,HONG SOUND,/channel/UCBIoXzDldCnpbM_7uyG0_Tg,홍사운드 - 나무위키
36,애정 Aejeong,/channel/UCJDDUcBtJYT1yRX9pR4Q0ug,애정(유튜버) - 나무위키
37,입짧은햇님,/channel/UC-Bsa2ivAGWq7bsSPrPGFVA,입짧은햇님 - 나무위키
38,JerryPop,/channel/UC_9UV8DCYh-kZUGRtBPTo1w,제리팝 - 나무위키
39,[Nareum_TV] 나름TV,/channel/UCq9MDndXc1y3he3uPZLPskQ,나름(유튜버) - 나무위키
40,Kimbab Family,/channel/UCEbUaLtY-orZLMG9wOLfDLg,
41,ARIKITCHEN (아리키친),/channel/UC2jkfOUD5KNbIpkb77-chqQ,아리키친 - 나무위키
42,웃소 Wootso,/channel/UCmzMtXrJgfCqA0rfhz8_P4A,웃소 - 나무위키
43,EBSCulture (EBS 교양),/channel/UCl_tB4AqPkkxuYcJQHz6dMw,지식채널e - 나무위키
44,쿠킹씨 Cooking See,/channel/UC6cLZhS32vg4LGOJM7NuFPA,Cooking Simulator - 나무위키
45,칩chip,/channel/UC-YRx5jfreS9abTGxfmV4Hg,칩chip - 나무위키
46,FoodieBoy 푸디보이,/channel/UCe1ZsGtbRx2pgajGzwB9L0A,푸디보이 - 나무위키
47,산적TV 밥굽남,/channel/UCdfhK0yIMjmhcQ3gP-qpXRw,산적TV 밥굽남 - 나무위키
48,율이 TV [Yuli TV],/channel/UCeXDmNuOug_VmHY88sZkVSA,권율이 - 나무위키
49,ETTV 이티티비,/channel/UCBU8GKSd4NY0wCdcalbaltw,이티(인터넷 방송인) - 나무위키
50,꽈뚜룹,/channel/UCkQCwnkQfgSuPTTnw_Y7v7w,꽈뚜룹 - 나무위키
51,승우아빠,/channel/UCgsffS7MfKL6YU3r_U3E-aA,승우아빠 - 나무위키
52,스윗더미 . Sweet The MI,/channel/UCW3Zwj1ntR4I8OxEJvTM5XA,스윗더미 - 나무위키
53,[상윤쓰]Sangyoon,/channel/UCb-y7YXK75lcU76lyFwBDgQ,상윤쓰 - 나무위키
54,DICKHUNTER딕헌터??,/channel/UCxO1kNtnTxNhhN_R4z4RkIQ,DICKHUNTER딕헌터 - 나무위키
55,신세경 sjkuksee,/channel/UCET3I7YOuGTO31OlYdg2B_w,신세경 - 나무위키
56,휘트니 whitney bae,/channel/UC1q0D4R8xj7VBA3wSbNIT0A,휘트니 - 나무위키
57,애주가TV참PD,/channel/UC5oft5dVf43M2cFmhpJLVGQ,애주가 TV 참 PD - 나무위키
58,달라스튜디오,/channel/UC0SoPwEH3idvemSDvKaYgGA,발명왕 - 나무위키
59,Cheri Hyeri 체리 혜리,/channel/UCD3CYe6XKcgYPyAALLh0oRg,
60,깨비키즈 [KEBIKIDS],/channel/UCD_-N4vf-tsqbUxrQ4CrJIA,깨비키즈 - 나무위키
61,오킹TV,/channel/UCom6YhUY62jM52nIMjf5_dw,오킹 - 나무위키
62,야식이,/channel/UCsNVs68quFJMaDmR6frfUsQ,야식이 - 나무위키
63,ondo온도,/channel/UCSn90DAxCF3yRs6mFK0-8TA,온도(유튜버) - 나무위키
64,SOF,/channel/UCRiGI5nRBYZjGZ0OuGBtqHA,SOF - 나무위키
65,BenDeen,/channel/UC9d1Mz9bzCE-t_t0lPnrjPA,BenDeen - 나무위키
66,아내의 식탁 W Table,/channel/UCStb6xqP228XXUykrrY-_CQ,
67,수빙수tv sooBingsoo,/channel/UCIUfR-2qcpWqgAIfZJXOLWA,수빙수 - 나무위키
68,띠미 ddimmi,/channel/UC46BbEkxhjIHUj6EJ_waw-g,띠미 - 나무위키
69,푸드킹덤 Food Kingdom,/channel/UC4BfinFCS1o6t1tAsl0RVWQ,
70,고기남자 MeatMan,/channel/UCT3CumbFIJiW33uq0UI3zlg,고기남자 - 나무위키
71,choa asmr,/channel/UCyls5FepyOPvI-fNOELkkeQ,
72,삼대장 Samdaejang,/channel/UCa56qkMvVvq1IMn4xbXaKEA,삼대장(유튜버) - 나무위키
73,먹어볼래TryToEat,/channel/UCTx3aCntDvkq-hGtOjKVSnQ,먹어볼래 - 나무위키
74,뽐뽐뽐,/channel/UCzpOLMBZ6qxhb6GJ5eksq5A,윤보미 - 나무위키
75,슛뚜sueddu,/channel/UCdM-fLpO0Nv67NLDofSl9yA,슛뚜 - 나무위키
76,뚜아뚜지TV,/channel/UCbbC0FaznmgJDuehIuQvYMA,뚜아뚜지TV - 나무위키
77,한예슬 is,/channel/UCA6uTV8GcNJ-AbCz4kw9Buw,한예슬 - 나무위키
78,헌터퐝,/channel/UCoPTIaKWLi3vtImEQrx32Ew,헌터퐝 - 나무위키
79,[아라] Ara,/channel/UCeecGzePjdbiD563eJ3Pcyg,아라 - 나무위키
80,액션홍구,/channel/UCaNGiz6D2vHP7XLj9d5691A,임홍규 - 나무위키
81,Boone Bake분 베이크,/channel/UCV89PIJRsTLAOMQUdFmo--g,Boone Bake분 베이크 - YouTube
82,공대생가족 GDSF,/channel/UC24BfKRQk_5uZomn0DxW2Ew,공대생네 가족 - 나무위키
83,최자로드-CHOIZAROAD,/channel/UCgiO7Kxib0SZEG0DoeuBkdQ,최자 - 나무위키
84,Mimine Miniature 미미네 미니어쳐,/channel/UCjwARif8DDcHno_X1aLbnFA,미미네 미니어쳐 - 나무위키
85,케이,/channel/UCIA-LPHNERP2MDUQpp2RVHg,케이(인터넷 방송인) - 나무위키
86,띠예,/channel/UC005BPECU5QAR2JVItQOswg,띠예 - 나무위키
87,가르마[GARMA],/channel/UC7bRo3yLjtrRV9qU_KsE6nA,가르마(인터넷 방송인) - 나무위키
88,마미오븐 MOMMY OVEN,/channel/UCwaVwQygpWIioS6KrmPtd_g,마미오븐 MOMMY OVEN - YouTube
89,JOY YUMMY[조이 야미],/channel/UCuze5NwB5hfbq0KUVf8ToVQ,
90,DanoTV,/channel/UCxM_KJ601hwrOpjVC07iMVQ,
91,이라이라경 ravely,/channel/UCzdbSSskA2beQUAVq2Jw1lA,이라경 - 나무위키
92,서담SEODAM,/channel/UC84Zkx_92divh3h4sKXeDew,서담 - 나무위키
93,권회훈,/channel/UC1yFIXF66_VVDEdGHZAjAVg,권회훈 - 나무위키
94,Ha Neul오늘의 하늘,/channel/UCW-rU_ZE4dAKDejWdTAKmoA,하늘(1993) - 나무위키
95,애니한TV AnnieHan,/channel/UC1-jInqcAOkAHvp2CO8h1zg,애니한 TV - 나무위키
96,잇걸Great-Girl,/channel/UCLxbFzfEgHmAmzQLdNoOKYA,
97,옐언니,/channel/UCpPXYy0WNbwDZ0npS414sEQ,옐언니 - 나무위키
98,제이제이,/channel/UCxp9XKFw-lMTlIa_2yrfdqQ,제이제이(유튜버) - 나무위키
99,뿌직PPUJIG,/channel/UCDW6-1BLKS3iGqa3jWZm1yw,뿌직 - 나무위키
100,쏘대장,/channel/UCrktsSopGh4xCdK1WrIKG8g,쏘대장 - 나무위키
101,조꽁드Joconde\'s Baking,/channel/UC6cH7oaIvWYa_0iATEEynDQ,조꽁드Joconde's Baking - YouTube
102,Soon Films,/channel/UCdGwDjTgbSwQDZ8dYOdrplg,
103,Yura ASMR 유라,/channel/UCh70WezI82A_yjWpDehH-sQ,
104,planD플랜디,/channel/UCPaApoLkmPqxCeZF7gjoc3w,
105,SM C&C STUDIO,/channel/UCj28FvPyq8pBOM-fSH-M_uQ,한국SMC(주)
106,백만뷰,/channel/UCBHNpZdf3he6kvzyescOBAQ,
107,핏블리 FITVELY,/channel/UC3hRpIQ4x5niJDwjajQSVPg,핏블리 - 나무위키
108,[국제커플]Family Kim,/channel/UCsIAfWi3uxjnQPpdvBgBI4Q,
109,Team_SeikaTV(팀세이카),/channel/UC_ciG9e3jvhi6nu-fkJqyXg,팀세이카 - 나무위키
110,이 남자의 cook,/channel/UCy2WX3w5UyYFHBDHyWFKNUQ,
111,하얀트리HayanTree,/channel/UCqbpna45EO7qaARGv2vgjkg,하얀트리 - 나무위키
112,강민경,/channel/UCfqVrM2cvwxG3-EvxbsN0KQ,강민경 - 나무위키
113,순이 엄마SUNI MOM,/channel/UCeftkDFnfUJ3xMiFzRbmx7Q,순이엄마 - 나무위키
114,샒의 삶Serim\'s life,/channel/UC0ssa8zC_3oif4iZcUe5VUg,샒의 삶 - 나무위키
115,tweety 트위티,/channel/UCx0ZL5ldCGMqkOGqyO1qOkw,트위티(유튜버) - 나무위키
116,맛상무,/channel/UC1r112Pr9Ngcg2NtcE946HQ,맛상무 - 나무위키
117,양세브라더스,/channel/UCqCC8BEX4NCoc-0WT-XL7zQ,양세형 - 나무위키
118,육식맨 YOOXICMAN,/channel/UC0VR2v4TZeGcOrZHnmwbU_Q,육식맨 - 나무위키
119,바다곰조해웅Seabear,/channel/UCTo4z9G0AMGtEo3N6A6SSeQ,바다곰조해웅 - 나무위키
120,sini시니,/channel/UCTXuCSZxMDaneK7t6DVs21g,시니(유튜버) - 나무위키
121,히밥heebab,/channel/UCA6KBBX8cLwYZNepxlE_7SA,히밥 - 나무위키
122,SINCOOK - 신쿡,/channel/UCRH7j5GsT7MWuEFwjORNlFg,신쿡 - 나무위키
123,냥숲nyangsoop,/channel/UCrailkufB1aKrKc6l1osRgw,
124,인아짱 Inah Eats,/channel/UCV6M_9-J7nuf13Igxn-DNww,인아쨩 - 나무위키
125,매일맛나 delicious day,/channel/UCFiYPUhUzLKoi-cZ0AwpjLA,
126,요리왕비룡 Korean Food Cooking,/channel/UCcNUpInQt1tI3JC_oTPQ20w,요리왕 비룡(유튜버) - 나무위키
127,[Flower pig]꽃돼지,/channel/UC4VljnooZZkRhhb5s5rv1Mw,꽃돼지(인터넷 방송인) - 나무위키
128,로하Roha,/channel/UCrRn4Vat9iyUGtl6jPjG3IA,로하역 - 나무위키
129,덕자전성시대,/channel/UC68buD4XWJiIzZP7RvMrIbg,덕자 - 나무위키
130,Chan Sori Asmr,/channel/UCVSuNMqgvEwTmWHx8fs9nhw,
131,과나gwana,/channel/UCZVD--cl8FLRn7kmSudAuBA,과나 - 나무위키
132,한식푸우 Korean food,/channel/UC1Wq-BQZblFGbGgDAoCwrmA,푸우(인터넷 방송인) - 나무위키
133,양장금주부,/channel/UCKm-cusLT76t3t4s9OgCqcA,
134,입질의추억TV jiminTV,/channel/UCY2uWQDCzn_ZE-JpTfDRR2A,입질의 추억 - 나무위키
135,Aaron and Claire,/channel/UC5qRAYQmCLx8hFGIiTWSQvA,
136,아하부장_JOHNCOOK,/channel/UCC7gQKTDa3VHZA4GoCAygUA,아하부장 - 나무위키
137,송슐랭 가이드 - SONGCHELIN GUIDE,/channel/UCFcTm68PF0OQbr3JwX_SRsw,송슐랭 가이드 - SONGCHELIN GUIDE - YouTube
138,PRUMIR,/channel/UCr8yGo3uXzJuOZS6hQrBSjw,푸르미르 - 나무위키
139,지기TV,/channel/UCQ4eZwsMew7ZaV_HKXnQLGg,지기TV - 나무위키
140,쿠캣 - COOKAT,/channel/UCjrwkxVOpN133r1Yp07583Q,
141,규티비 KYUHYUN,/channel/UC-QTYOUwcMm-rWCctXiavzA,규현 - 나무위키
142,유이뿅YUIPYON,/channel/UCk5bhZYNtbPJyNLRxN8D8NQ,유이뿅 - 나무위키
143,풍자테레비,/channel/UCI5WgFSOVO9UJFcqQTiClHQ,풍자테레비 - 나무위키
144,Muggo,/channel/UCPgp1ebqCv6i-7N1wj_SSKQ,먹고 Muggo - 나무위키:대문
145,쿠킹하루 Cooking Haru,/channel/UCC8bTxyN2ZCfMzS_JAEClfA,
146,CozyDay 코지데이,/channel/UCEyuopMY0Lx5b5PgCH03FSQ,섭지코지 - 나무위키
147,정육왕 MeatCreator,/channel/UC1oXmhvYHVI2bApphh3IzuQ,정육왕 - 나무위키
148,카페노예 jun,/channel/UCsr86khxLo3PUkMKDtvZDyw,카페노예 jun - 나무위키
149,Hands Touch,/channel/UC96PFB5KG3GfafdkyJi0k-A,
150,엄마의손맛,/channel/UCKrhyP3raTJQ38m-US2uMjg,
151,허미노MINO,/channel/UCtvKnzSHvW8XUxfwpYkGrvQ,
152,Delight,/channel/UCHRrKBVVIuP9jqCCfC-Bu0Q,Delight - 나무위키
153,홍윤화 김민기 꽁냥꽁냥,/channel/UCfdYUREZlc8p5p2hXX8YD7Q,김민기(개그맨) - 나무위키
154,Maison Olivia,/channel/UCXHG0n64R1dBWlqpZrW4HBg,
155,메리니즈부엌Meliniskitchen,/channel/UCB4JlWU3Vcev5pkyIdeBMRw,메리니즈부엌Meliniskitchen - YouTube
156,이설 Leeseol,/channel/UCHqvLC2ilL2M4_SpoFiWtuQ,이설(인터넷 방송인) - 나무위키
157,곽토리 kwak tori,/channel/UCs9H--14toIRdJQAD9qz9tA,곽토리 - 나무위키
158,에드머 Edmmer,/channel/UCrpoE9e2-eWcj8AYvwYdebw,에드머 - 나무위키
159,꽃보다유이,/channel/UCAgvvIOC5K6Vfcecr5y15hw,김유이 - 나무위키
160,왕쥬 Wangju,/channel/UCNzYaPkki55QOp5u2UPJvzA,왕쥬 - 나무위키
161,심방골주부Korean Food Recipes,/channel/UCMXFSqYCTcB4iIJLwUJaBrQ,심방골주부 - 나무위키
162,박병진용사,/channel/UCGMsFBPnR2hcrM0xGoFUL-A,박병진용사 - 나무위키
163,HAMBUK 햄벅,/channel/UC26M8buvjR-X0L0cRifPmLA,햄벅 - 나무위키
164,만개의레시피 10K Recipe,/channel/UCKA_6r3CWC76x_EaFO6jsPA,만개의 레시피 - 나무위키
165,창배먹방 chang_bae,/channel/UCLKUMuHePpmRMeRJ_Ldhd3w,창배 - 나무위키
166,상해기SangHyuk,/channel/UCPVENfTGbgD-CUuvrN7rRGQ,상해기 - 나무위키
167,희바HEEBA,/channel/UCrLxiPkgUEEnItqryMFVG2g,희바 - 나무위키
168,빅민 TV,/channel/UCxmBxNybpaLO7x61dm0oD8w,빅민 - 나무위키
169,Ssot쏫,/channel/UCW5FEe1eiOAKzcnhmeI0Mzw,쏫 - 나무위키
170,Twins Y&I,/channel/UCmxfRkrHltIcCnuGxyWlcAw,
171,노잼봇Nojambot,/channel/UCMKn6ul1eu4iJ5bZytArywg,노잼봇 - 나무위키
172,파투 TV,/channel/UCZdZVL6_f1ltLyPjeJ3HIhw,파투(인터넷 방송인) - 나무위키
173,강쉪,/channel/UCrxSR4OGbJBVjYxp4xjWgZQ,쯔양 - 나무위키
174,YOUIS 유이즈,/channel/UClROfd2bxkOdMOV01y-e38g,
175,멋사유튜브,/channel/UCIhfL5TX-FODmWcX2k1uWHg,멋사 - 나무위키
176,The World of Erina에리나,/channel/UChtA94Vp7LxwHtmcCcwjlTg,타시로 에리나 - 나무위키
177,수향TV [suhyangTV],/channel/UCUxXrqHwz836pHcRZRVJLhw,수향 - 나무위키
178,영자씨의 부엌Young-Ja\'s Kitchen,/channel/UC2gasvQVxOdRht9ykwhxwjw,
179,[윤이련]50년 요리비결,/channel/UCL01un1rw1MU3wj7-oEELQQ,최고의 요리비결 - 나무위키
180,CU [씨유튜브],/channel/UCsM07dUwo0WOWhFbVsG8K6A,CU - 나무위키
181,엔강 체험Kang Experience,/channel/UCFyzGa2KYUAwwuJU-z0EjnA,줄리엔 강 - 나무위키
182,햄연지 YONJIHAM,/channel/UCJko7d8IXDmbDwmXEDNofRg,함연지 - 나무위키
183,여수언니정혜영[Yeosu Unnie],/channel/UCrIxxmIq7logJFN6Bw_1KTA,정혜영(유튜버) - 나무위키
184,chuchu mini*kitchen,/channel/UCihL_xoePyDN3WDvmqJLq4Q,
185,Chiyoon ASMR 치윤,/channel/UCrDHo9rwDBR_BaJXR388HnA,
186,Mini Forest 미니포레스트,/channel/UCvi9Edt8ecebffeFo6_73Qg,
187,웅이woongei,/channel/UCK72hqlUxI_E5VwL4cy8-ww,웅이 - 나무위키
188,Mrs macarons마카롱여사,/channel/UCr5Kww9xqzPmSJTHyXl58YQ,
189,꽃핀,/channel/UC2MgNh831KCMuYkK7u8C2dg,꽃핀 - 나무위키
190,maji마지,/channel/UC-CnwTZJ_A5v-AQK92fNYKw,
191,지피티,/channel/UCoHirUZkTs1nOtyJTNbNJ5g,지피티 - 나무위키
192,함께해요 맛나요리,/channel/UCVXx89z5j3gkQMGScNqmWjw,함께해요 맛나요리 - YouTube
193,에밀튜브 - EmilTUBE,/channel/UC3sVRlvglIebwSpVGCMB--w,에밀튜브 - 나무위키
194,말킥,/channel/UCsrbCXItyb8kPHFz3TVI5Vw,말킥 - 나무위키
195,ASMR [miaomiao678],/channel/UChj3l7agroia0FzOQonccrQ,
196,일주어터,/channel/UCYnfy2hyzqnVXv_UlLBiV-A,일주어터 - 나무위키
197,ASMR TERA 테라,/channel/UC0ipdYy6ComqBHX14p_oP0g,
198,홍현희 제이쓴의 홍쓴TV,/channel/UC2E-9AQ-kwOFlvvXLfY6V8Q,홍현희 - 나무위키
199,오눅onuk,/channel/UC3qZ64dp-kyHwCygqZdTp1w,
200,이루리 ILULIY,/channel/UCG0JecZ4QvGGfO-asHGhCIA,이루리 - 나무위키
201,Future Neighbor,/channel/UC-SmuIHMG2HPDFUOBRu5LnA,Hello Neighbor - 나무위키
202,승아네 seungahne,/channel/UCjnaE-sSM6AdmvWjYqHgv8A,
203,효뎡 Dyeong,/channel/UCvsp8e2LrbUAuE5oLHrBQ_Q,
204,맛불리TV,/channel/UCNNDqpcz0KMfGBWHiSZ1Irw,맛불리TV - YouTube
205,주부나라,/channel/UCzIOIStANWRgYa3BRuJOg8Q,
206,맛있겠다 Yummy,/channel/UCQA89gPDjJ-1M1o9bwdGF-g,맛있겠다 Yummy (역링크) - 나무위키
207,영원씨01seeTV,/channel/UC9Mo-ijXMy7LuGaLHkBxn7Q,영원씨TV - 나무위키
208,뚤기ddulgi,/channel/UCAAEp9UddJXfQYodYV2iqBw,
209,코저트 Cossert,/channel/UC-pXaRbTkhOnOUjsv96QHMg,코저트 - 나무위키
210,썰맨맛남TV,/channel/UCl_pVKZ4I6lWwyPdUfZTBEQ,맛남의 광장 - 나무위키
211,BapMokja and Haeppy,/channel/UCmgIBGpwwwcnxW5ETXEW2uw,KARD - 나무위키
212,닭갈비TV,/channel/UC76dVYqgvIRxMXFqN_3YsIA,닭갈비(유튜버) - 나무위키
213,내복곰 Nebokgom,/channel/UC78s1vArhs1jZwf68_adITA,내복곰 (@nebokgom_cake) ? Instagram photos and videos
214,Benny Cake베니 케이크,/channel/UCjOKzmiokTDMkcbpmD9gatg,베니케이크 Benny Cake (@benny.cake) ? Instagram photos and videos
215,y. na__ homecafe,/channel/UCXYf2FVyWJHeBbie508Q4gQ,yedy101 - 나무위키
216,yoloria욜로리아,/channel/UC12BY9i1Lurqcvt-IZOpVvw,yoloria욜로리아 - YouTube
217,Korean Gardener 초록식물TV,/channel/UCwSpidQMMc_QCo583d38vEw,Korean Gardener 초록식물TV - YouTube
218,달방앗간 Dalbangatgan,/channel/UClN4C4fDYStbRJ2LReGlIiQ,달방앗간 Dalbangatgan : Korean dessert - YouTube
219,정소민ssomday,/channel/UC3nIVvtKjg1Hrx4CWi8ZZ3Q,정소민 - 나무위키
220,뚝딱Tooktak,/channel/UCkxvX8lNP_TkiLde378oHUg,뚝딱이 - 나무위키
221,이제이레시피EJ recipe,/channel/UCAsIWngtJwMJWuXhv8-e92Q,이제이레시피 - 나무위키
222,안소희,/channel/UC9Ozb41qlL1CTnlsaxmKaGw,안소희 - 나무위키
223,앵쩡TV,/channel/UCQ_2Uzf0pXNBPkEaoNgvmUg,앵쩡TV - 나무위키
224,happycooking120180,/channel/UCNITpsY7Iz0XzQJbiWgKEBw,happycooking120180 - 나무위키
225,주둥이방송,/channel/UC9ta639M37zzWKwo7kKc80A,주둥이방송 - 나무위키
226,준아-Joona,/channel/UCtAw_capWxrWWtSmizxLvhg,준아 - 나무위키
227,디바제니Deeva Jenny,/channel/UCGhSqN5_AKbcrRkiGLj0GRA,디바제니 - 나무위키
228,Leeby리비,/channel/UCI3-5FX4IrRyniAiUnK1BWQ,리비(유튜버) - 나무위키
229,아이비키친ivykitchen,/channel/UCsn2FiHUQmFX6gOf-NXKQLg,아이비키친 ivykitchen (@ivy_kitchen_) ? Instagram photos and videos
230,조여사전성시대,/channel/UCBJs8l4b_5Utu--rd-uBKwg,덕자 - 나무위키
231,GS25 [이리오너라],/channel/UCl0HemfAt7dShJRf59_cuGQ,이리오너라 - 나무위키
232,나도나도DoDo,/channel/UCh5Swfph2irzVHOoxwT8EQA,나도 - 나무위키
233,nyanji냔지,/channel/UC4sIlWphHSMk210xl74H3Wg,냔지 - 나무위키
234,효닝 Hyoning,/channel/UC5jHGolFUNHe0HsCJEKbb3g,haha ha - 나무위키
235,뀨tv kkyutv,/channel/UCkPJZL2OnQMwNOyifZIXJ1g,뀨tv - 나무위키
236,deemd,/channel/UCrFlv9c4LItVlIMCC2p6LOg,딤디 - 나무위키
237,악어의사생활,/channel/UCkmzHPB67JpEf2S5Ux9bfDg,악어(인터넷 방송인) - 나무위키
238,킹클럽KingClub,/channel/UCPpad5z7u92-TS3XCARJOVg,게이바 - 나무위키
239,CHAEWON Family Cu?c S?ng H?n Qu?c,/channel/UCUQZ9QEumBLRCYa0rXcjoVg,CHAEWON Family Cu?c S?ng H?n Qu?c - YouTube
240,진석기시대,/channel/UC12YJZLancDKojjbRunyhZA,진석기시대 - 나무위키
241,yedy101,/channel/UCVaPTUuJy7tFC8YAYW6GRqw,yedy101 - 나무위키
242,이욜 eyol,/channel/UCUeVdhdq6tF4wIojud9PMdw,이욜eyol - 나무위키
243,Mr BulBul,/channel/UCp17yfUHfvmjHpHa0xKOmig,SIAM?S - 나무위키
244,작약꽃TV,/channel/UCgx-QXn63mJalj-BX8kAGpg,작약꽃(인터넷 방송인) - 나무위키
245,밉지않은 관종언니,/channel/UCtkRVaUSpkuhqdKv39oBXKA,이지혜(가수) - 나무위키
246,Chujeong츄정,/channel/UCqwNCDzQBfw2seMRJpL-RWg,츄정 - 나무위키
247,Soonseol BAKERY 순백설탕,/channel/UC43IUfUkRQZa-Dsnbqri6Iw,순백설탕 - 나무위키
248,자취요리신 simple cooking,/channel/UCC9pQY_uaBSa0WOpMNJHbEQ,자취요리신 - 나무위키
249,섬마을훈태TV,/channel/UCkBoDzncl64EZ-Ggh4g5pCw,섬마을훈태 - 나무위키
250,효니월드,/channel/UCIcukVnT1DNaru6N8BnTnoQ,효니월드 - 나무위키
251,박일만,/channel/UCWBdy1Q13pbAENUtLJj4FWQ,신도브래뉴 - 나무위키
252,율희의 집,/channel/UCDuFhvz2zt-7kRgL2jlswGA,율희 - 나무위키
253,Nebom 사계절의 네봄,/channel/UC6NrrEp1e3-A51SSinM3Y-Q,사계절의 날개 - 나무위키
254,나태커플 N.T Couple,/channel/UC2hg4PWtZSkmFxeR_g2EiZQ,성수커플 - 나무위키
255,박가린 [PARK GARIN],/channel/UCrCGfHtMds2D53LWYUz2Z1w,박가린 - 나무위키
256,훈타민 Hoontamin,/channel/UC41GuD_I41eEuo7KJUbnnRQ,테스터훈 - 나무위키
257,케이밥스타 [K-밥 STAR],/channel/UCwTHUixtkE6UOZbGcAKfF6g,케이밥스타 - 나무위키
258,쿡피아 Cookpia,/channel/UCyn7aoxdLNDZG2ZXXLoVCNQ,쿡피아 Cookpia - YouTube
259,PIPIO TV / Street Food,/channel/UCT1Czy8gMIb_7T2mSkK9Nog,푸디보이 - 나무위키
260,소소황 Cook & Eat,/channel/UCWrh9haWsTEAQF9UEg6AEFQ,A place to find happiness in delicious food - YouTube
261,후다닥요리 Hoodadak Cook,/channel/UC7ok_PMSTIY5Qg4ULxRoSNg,후다닥요리 Hoodadak Cook - YouTube
262,최주부 Choi JuBu,/channel/UCxGzGirbl7JZlTTrO7jJCLA,최주부 Choi JuBu - YouTube
263,제롬JEROME,/channel/UC4wHL2jg-478ARVjhbC7tUw,제롬 JEROME - 나무위키
264,쩡이언니,/channel/UC9SeHmbiXijHuEcnmzCVxcQ,효정 - 나무위키
265,Banature - 바나뚜레,/channel/UCXxT09XuuafAUg4VGkdjV7g,ㅇㅇㅇㅇㅇㅇㅇㅇㅇㅇㅇㅇㅇㅇㅇㅇㅇㅇㅇㅇㅇㅇㅇㅇㅇㅇ - YouTube
266,민경장군,/channel/UCuLHDMXUqV5JR8Qv-FpwF8g,김민경(코미디언) - 나무위키
267,Sound떵순,/channel/UCWunBeVPbztFbMlpE6k8RSA,떵개떵 - 나무위키
268,뇌피셜,/channel/UCqLf5ZEduDrWJWw-VR8sFuQ,뇌피셜 - 나무위키
269,흥부자 시은,/channel/UCNCKsHTsbcROa30Bh79gK8Q,흥부자 시은 - 나무위키
270,단앤조엘 Dan and Joel,/channel/UCQstdMawQNSGBTlaP8FyIFA,단앤조엘 - 나무위키
271,요리9단보현스님,/channel/UCayVh6R-P0osQuHjIvqEUyg,보현 - 나무위키
272,광마니,/channel/UCysVk8dzvSydsFklSu96HSg,광마니 - 나무위키
273,Hyoeuni효은이,/channel/UC0YxNG7SfBp3yAM_VtYOzqg,효은이 - 나무위키
274,요리보고 조리보고,/channel/UC1l27Mw8GuCbmK0Z5SzIyRw,승우아빠 - 나무위키
275,정라레_Lifestyle Doctor,/channel/UCj8zZ1a8Lqtj4wY2bHbcIaQ,닥터 - 나무위키
276,다이어트한의사 쏘팟,/channel/UCfBfmh1R2gLox8LWNA_rpYQ,김소형(한의사) - 나무위키
277,상어이모,/channel/UCa1N3szfZv9uFbzF1tBGweA,상어 가족 - 나무위키
278,세계적으로 유명한 운동 정보,/channel/UCo_-ny9SP5Pbz8KM1KKchbA,세계적으로 유명한 운동 정보 - 나무위키
279,떴다왕언니,/channel/UCjTXdp_F74xwU6snSdcndag,떴다왕언니 - 나무위키
280,YEON ASMR,/channel/UCcasgZhiixLVXj9IggRJNmQ,ASMR/유튜버 목록/국내 - 나무위키
281,카대남 홍준 HongJun,/channel/UCFu5hZiddJ161j2CsIykspQ,카대남 홍준 HongJun - YouTube
282,떡볶퀸 Tteokbokqueen,/channel/UCAoyR-sL6B0S93AMR-HVTvg,떡볶퀸 - 나무위키
283,닥신TV,/channel/UClwWLY0JLYznXuCLJkB10lQ,닥신TV - 나무위키
284,램블부부 Ramble Couple,/channel/UC-9oz6OofrZnaOUQ48-LavA,땅끄부부 - 나무위키
285,Adrienne Hill,/channel/UC4LXZsWEdWI-T8MNKljOb3A,카타리나(닥터 후) - 나무위키
286,코코네,/channel/UCzcDD6vRfq25Cdo4w6nw7vw,키즈키 코코네 - 나무위키
287,예보링 YEBORING,/channel/UCby6TnEm4xha2NIncRxC2EQ,예보링 - 나무위키
288,유세유니 대단해,/channel/UC3sF0ruoSi5lmyXKorXa-oA,유세윤 - 나무위키
289,혼술다큐 미짱 lonely mizzang,/channel/UCpQTzHvXNjraoVDSCPID04w,미짱 Lonely Mizzang - YouTube
290,Calorie restaurant칼로리 식당,/channel/UC4485ilDR3hfZe83lvUZYVA,칼로리 - 나무위키
291,StimGirl스팀걸,/channel/UCWzf-tSfK_hmIiIjo7A5Qlw,스팀걸 - 나무위키
292,레알예능 스브스,/channel/UCy-swBYpRZx7KW11FStjTgw,SBS - 나무위키
293,마이맘 TV,/channel/UCwxEt7qp3I9cXi3mVE81FKA,마이맘 TV - 나무위키
294,DongDongE 김동현,/channel/UCTywCfelc8J9KRP0IkQGI9A,김동현(유튜버) - 나무위키
295,오조,/channel/UC1zn6wSMvwRt9-jOFEJ6yMg,오조(유튜버) - 나무위키
296,해보까Haebokka,/channel/UCMaPNd0OQvHFldbM1tlxk9w,해보까 - 나무위키
297,김생못,/channel/UCdvTJIM2HVmVf8RFz153BwA,김생못 - 나무위키
298,LISA DE COREA DEL SUR,/channel/UCtG3F-bRUMEHfl3GxASGvAg,Lisa-RICCIA - 나무위키
299,다다푸드 DADA Food,/channel/UCy7PAMv39vlNRH-ClfSaZ8g,다다스튜디오 DADA Studio - 나무위키
300,wineking 와인킹,/channel/UCb7KNFvMuvQz9LPRK4xyzfA,와인킹 - 나무위키
301,Ye Lim 오늘은 예림,/channel/UCllyrH3JxJceDem065MmiEg,오늘은 예림 - 나무위키
302,쿠킹스타,/channel/UCa2PvV4AoxXOt7z0BJoJZiw,쿠킹 마마 - 나무위키
303,yo cookie,/channel/UCtCRr4rDWjpRi8LSWexmCKg,쿠키 - 나무위키
304,매일제히,/channel/UCWWnWFPkfXMIjxNhBu5qVtg,매일제히 - 나무위키
305,더빙신안윤상,/channel/UCHkaQ4y4j3zrB0FfTU1Lc9w,안윤상 - 나무위키
306,스윗 키친Sweet Kitchen,/channel/UCgE41mzzmddME6V6TJVcn8Q,아리키친 - 나무위키
307,몽브셰 mongbche,/channel/UCxdpa7dZLdo8KFlB3aojIHA,몽브셰 - 나무위키
308,옆집형NeighborBro,/channel/UC_plsxzy7RgTkEeBryt4kEg,코이티비 - 나무위키
309,유우키의 일본이야기 YUUKI,/channel/UCaJCF6bmhG2wqPF3jA9gS4w,아이자와 유우키 - 나무위키
310,유리한TV,/channel/UCeUXR_8AOMCji1OEaVne9aQ,유리(소녀시대) - 나무위키
311,양치승의 막튜브 (YangBoss MakTube),/channel/UCLLKtnB7J-Rz8ILuikyKbrw,양치승의 막튜브 (YangBoss MakTube) - YouTube
312,Kitchen Story,/channel/UCLUapBXshwIyBCDMWSO3srQ,더 키친 - 나무위키
313,리도동동Leedo,/channel/UCtnJcagkoCx-X7JI-yT0NjA,리도동동 - 나무위키
314,예소리SSOL,/channel/UCxvX64o-lJ9m4Co9zm6druQ,예소리 - 나무위키
315,KBC Bangla,/channel/UCY1Nc3FLWMSGgBU1oalg-sg,환상의 타이밍 - 나무위키
316,굴즈야밥묵자,/channel/UCmr3uYzuaW0DJVZbF7vC-QA,굴즈야밥묵자 - YouTube
317,삼삼삼,/channel/UCfTJQQjCFU7GU0ll8TJ50tg,삼삼삼 - 나무위키
318,수현,/channel/UC6yT4x7x3ICRwD-BZEVfThA,수현(인터넷 방송인) - 나무위키
319,김미정yourbeagle,/channel/UCfMhxm8wqoTxM0Jc4EJUG3w,김미정(가수) - 나무위키
320,김강민_Kim Kang min,/channel/UCjGoJbTmFYjd5OnPRUur02A,김강민(보디빌더) - 나무위키
321,데라세르나de la Serna,/channel/UCse0BZUEgpbPyyt-S9iqttw,데라세르나 - 나무위키
322,yoovlog,/channel/UCkh6TlSape86-iHiehXvsmA,유트루 - 나무위키
323,오픈키친 OpenKitchen,/channel/UCRd5GHOaDf06jHp-pRmQB5A,Kitchen Nightmares - 나무위키
324,기유TV,/channel/UCoKDi-1KsdYjw6lap4ctXRA,강재준 - 나무위키
325,wannabe_bora,/channel/UCuYtwhBPiVI5UiZgT3GEdAw,미모 열일하는 보라님과 금손 남친 경식님 실물 인터뷰 대공개! (여미인 ...
326,미소제인MisoJane,/channel/UChiM2rW9hZuv0bShPlWKr1A,미소(인터넷 방송인) - 나무위키
327,루리TV,/channel/UCo2qwN2FUPnLLJjHXNusFyQ,루리 - 나무위키
328,잡솨,/channel/UCQ_21lZoPVNWiW2_MSzGxcg,잡솨 - 나무위키
329,Kuyeah쿠예,/channel/UCAcBbl3StyJ--9ba_t2cw2g,Kuyeah쿠예 - 나무위키
330,비연Beeyeon,/channel/UCowzNAHxPyiZoIfodZCouiw,비연 - 나무위키
331,산골맛집김선생,/channel/UCet4VXBGsHn8PRUOOhnCFgQ,김밥 - 나무위키
332,푸른 [ Pureun ],/channel/UCXrjLuKRFe1OxlR9T6uNs6w,PUREUN - 나무위키
333,천우희의 희희낙낙,/channel/UC5QSSi2TRYChYxGxUd2Toww,천우희 - 나무위키
334,백년밥상TV,/channel/UClQh-fomLym80liSi2-jaeQ,한국인의 밥상 - 나무위키
335,SIYEON HAN,/channel/UCg7veoGkqKllfiD3WSZWC3w,한시연(유튜버) - 나무위키
336,solmee솔미,/channel/UCahWSp7DQGJfXU1UX2BuqBA,솔미 - 나무위키
337,균TV [Gyuntv],/channel/UCCXVEgKBIauqimk_cf2wNNQ,팩맨TV - 나무위키
338,엄마의집밥,/channel/UCEn6ZBBE0j5mY-YtQRC1BFg,집밥 - 나무위키
339,ONHWA ASMR,/channel/UCfTAKBeIxcAIXvGLjZGNI3Q,ASMR/유튜버 목록/국내 - 나무위키
340,빡성민,/channel/UC7UpsGDtCKRWhhBtvz8G2QQ,빡성민 - 나무위키
341,Sakura Memories,/channel/UCa8ss0P4W2Otce-V-4IXVBw,사쿠라메모리즈 - 나무위키
342,캠핑한끼CampingHankki,/channel/UCkGr7BCJ8plP-Jhy4kSfP8w,캠핑한끼CampingHankki - YouTube
343,범프리카,/channel/UCEXeyLyyev4jxN4pwmr9Eiw,범프리카 - 나무위키
344,가은Gaeun,/channel/UC7IAKIxvYr-LG69r9ksTSNA,가은(GA EUN) - 나무위키
345,유네린NERIN,/channel/UCpGmwseGcRtyG8GxRmozKPA,유네린 - 나무위키
346,애니먹animuk,/channel/UCoWKSz0mU15S6V6kTQ7CsMA,애니먹 - 나무위키
347,나나Nanasserie,/channel/UCAsHJbPbGENF_KJYhcdV0dw,나나(배우) - 나무위키
348,이니스프리(innisfree),/channel/UCorcEeedw7Q1oUFfPN-TQ_w,이니스프리 - 나무위키
349,Sylvia Kim,/channel/UCQKWCDl0BKMIAj-mrjLIySg,실비아 - 나무위키
350,토랭이toreng,/channel/UCrbWpJbJMEvGvCyTKGrKZGQ,토랭이toreng - 나무위키
351,최블리choively,/channel/UCRc9e0eb653E9BML0nZSgUA,최엘비 - 나무위키
352,맛연사,/channel/UC0kLo6HUcwG3uwhqCaq6rNw,보연사 - 나무위키
353,이특 LEETEUK,/channel/UCTphzdoK4JCjmkWBFEoIeeA,이특 - 나무위키
354,딩고 패밀리 / dingo family,/channel/UCP2BfcoKcbKnXHJmhYlVSwQ,Dingo freestyle - 나무위키
355,선아의 하루 Suna\'s day,/channel/UCtywiRdHUqEPpt5xCoJ1PGA,꿀꿀선아 - 나무위키
356,밴쯔 클래식,/channel/UCVFSrUkV0LTzi4bLICZ7SEw,밴쯔 - 나무위키
357,고향누나 자연식단,/channel/UCksWPAVIhSox3q8QNHLiSzA,고향누나 자연식단 - YouTube
358,cardsu까르슈 살림,/channel/UCdx-E_m6lwJxxcqHEPNjJMg,cardsu까르슈 살림 - YouTube
359,King Food 킹푸드,/channel/UCNmcTEOEOW89YtxIPQG9qFg,길거리 음식/유튜버 - 나무위키
360,Elva ASMR 엘바,/channel/UChHFbJIxd6AW9rds_Dyo2dw,맥라렌 엘바 - 나무위키
361,딩고 푸드,/channel/UCWIyB84unq398yADVYW6acA,딩고 - 나무위키
362,Umi\'s cooking우미스쿠킹,/channel/UChHOh0V01AfutBC93PfsPPA,우미스쿠킹 - 나무위키
363,남자의 취미,/channel/UCducfzODC9lt4cR0tZBOOxw,취미 - 나무위키
364,솔바위농원,/channel/UCZ4T91xGdsyqH0pUA_z5QTg,YuriJoa - 나무위키
365,율이 Yulii,/channel/UCOUpxdk0VyW9DIsmGqezl9g,권율이 - 나무위키
366,트윈믹스 TwinMix,/channel/UCfv8Puy98QqI0ACXdYB0LcQ,에이펙스 트윈 - 나무위키
367,디디패밀리DeeDee Family,/channel/UCG3dFw4AE5BDK-9k_1IouFg,모던 패밀리 - 나무위키
368,몽셀몽셀couple Vlog,/channel/UCrMuG-01rsnXzezbtG5gtVA,엔조이커플 - 나무위키
369,망개떡꼬치,/channel/UCQtJe3NDskcS1i-fctUe3kQ,떡꼬치 - 나무위키
370,[AmiAmi]아미아미,/channel/UCE6e9tjKl3l3nGlAcxH7GQg,아미아미 - 나무위키
371,훌륭한 요리세상,/channel/UCs_MP3ONo2CPXJ8rC2J5Acw,요리 - 나무위키
372,이느궈느,/channel/UCl4YfC9MrNKiibktfQ6_CKg,이느궈느 - 나무위키
373,슬기 SEULKI,/channel/UC7ivwVWF0tT9T-8egmWQ2Zw,슬기(유튜버) - 나무위키
374,김대석 셰프TV,/channel/UC1g9JaEVLOFGhH8hpaK--Jg,승우아빠 - 나무위키
375,Tr?ng ?n TR?,/channel/UCEeYS3r8vSqxZAg6xUIIpcQ,밈(인터넷 용어) - 나무위키
376,시골가족 rural family,/channel/UCIpneBHB04dp0HzrB4KYqCg,시골가족 - 나무위키
377,정호영의 오늘도 요리 Kitchen Caden,/channel/UCWyjY6ykM58LO5ipzRgIzGA,정호영의 오늘도 요리 Kitchen Caden - YouTube
378,장연우 YEONWOO,/channel/UCi4VAtdTFmiIwugndzzusNA,러브캐처2 - 나무위키
379,커픽처스 coffictures,/channel/UCKUFv2f_NgArl0HvkdyugqA,커픽처스 coffictures - YouTube
380,fromsydney,/channel/UCWIZQ65ZFKTBmjGKOuYS22g,U2 - 나무위키
381,남자커피 Namja Coffee,/channel/UC85mXeWRaycnlFmrhBdaAlg,커피 체인점 - 나무위키
382,이슬이 Seul TV,/channel/UCQ4xRWnQwSFdAMITuPX6mXA,이슬이(인터넷 방송인) - 나무위키
383,부부젤라bubujella,/channel/UCkCAejqcyxGx8fyyJdWHBDw,젤라 - 나무위키
384,트래블 푸드Travel Food,/channel/UCtaBL35pjhdJyCbA7tECN8g,길거리 음식/유튜버 - 나무위키
385,슈뻘맨 [슈퍼 뻘짓 도전기],/channel/UCXZx953K0FgkT3H2FaFAcew,슈뻘맨 - 나무위키
386,팀브라더스,/channel/UCIYNYv9ddZBg42gvyp8L2Iw,비디오빌리지 - 나무위키
387,구찌커플TV,/channel/UCZ_6p93N_kL-k8_597xiskA,쿠키커플 - 나무위키
388,말괄량이 박삐삐,/channel/UC1ig0B3mPPXViUMTN5Hm-Ig,박삐삐 - 나무위키
389,[하말넘많] heavytalker,/channel/UCm3SDarPtTOS_NjCh9d3TDQ,[하말넘많] heavytalker (@heavytalker_weekly) ? Instagram photos ...
390,JUNTV,/channel/UCNB-6ArklP1Mgg11-Og2zMg,푸타네스카 - 나무위키
391,담지의기록 Damji,/channel/UCh1jH9ubMQHVQWG9Xkmhv2g,마음에 구멍이 뚫렸어 - 나무위키
392,무엇이든따라하세요,/channel/UC_N0T1G6aTBcUFJHL2u0q6g,속담/한국 - 나무위키
393,우니의끼니 UNIII,/channel/UCVPkwz7nxd5bbR536ugmiBw,우니의 끼니 - 나무위키
394,신애라이프 · Shinaelife,/channel/UCnnJ34afyg9w25I_AVZIHxA,신애 - 나무위키
395,최종훈입맛Tv,/channel/UCxZW4bdtsf3iKIZJOp4HBUg,최종훈(배우) - 나무위키
396,이마트 LIVE,/channel/UCojm0qrKPoxt6lc6J4iDCrQ,이마트 - 나무위키
397,윤호찌,/channel/UCiWcXU1zYrEONKQtNVGr_Jw,정윤호(코미디언) - 나무위키
398,역시트레이너형님,/channel/UCQ1MFiJ-jeJbm1DzkUCYVyQ,역시트레이너 - 나무위키
399,문세영 Seyoung,/channel/UCh8wbl38bTgyiQPKlopZWZg,문세영 - 나무위키
400,쌍둥이 엄마 TV,/channel/UCrdDxbbjtPh84Q_VdfB-hqQ,쌍둥이 엄마 - 나무위키
401,딸을 위한 레시피 Recipes for daughters,/channel/UC37fRkl_iIjDAr9pf0FFzGA,딸을 위한 레시피 Recipes for daughters - YouTube
402,배리나Lina bae,/channel/UCUUfhq_n7pctAX5LaMD0WUA,배리나 - 나무위키
403,리얼깽TV RealkkaengTV,/channel/UCdkCZUpTKqkjm1lXHeP8hnw,리얼깽TV - 나무위키
404,찬미찬미해 likeCHANMI,/channel/UCx1xIOiM-UvlDwmXnE05C9Q,*나무위키 읽기* 나무위키에 찬미의 비밀이 박제되어 있다 ... - YouTube
405,브리첼 brechel,/channel/UC16p7FYqOnb_JC5M-zFWPSw,블로브피시 - 나무위키
406,아재옥[AjeoC] ASMR,/channel/UCJ0qGH9BVdGDqseu1LprRog,아재옥 AJEOC (@ajeocc) ? Instagram photos and videos
407,최고기 ENTJ,/channel/UCZgI5WTYh_1LWNexiHNH7QQ,ENTJ - 나무위키
408,Mudassar Saddique,/channel/UC_qgWkLIbwXA8YGWTbjSN3g,나무위키:대문 - 나무위키
409,HADA at HOME하다앳홈,/channel/UCWrL1EurrxP022rGGoqDyJg,Folding@home - 나무위키
410,그까이꺼,/channel/UCrLUuZAPA7K6kAip78bKxYg,장이장 - 나무위키
411,하얀손 White hand,/channel/UCyjw2Z7tC-iVNgELRxOwIgQ,하얀손 - 나무위키
412,효녀HYONYEO,/channel/UCYo5wuzNmJ3wrAvWSkYex_w,효녀(유튜버) - 나무위키
413,오하빵 ohhabbang,/channel/UCnPJ_Jcl-dwFuGgqhavB8oA,오하영 - 나무위키
414,monster gourmet,/channel/UCngw6cNCHiqRxv7wmLayH1w,먹적 - (스시에 대출 박는 놈) - 나무위키
415,무니키친MoonyKitchen,/channel/UCQg7opkHC1IIHYsIRuivMbw,무니키친MoonyKitchen - YouTube
416,꿀키하우스,/channel/UCnZVTy-8apuEM2OR1j7LhRA,꿀키 - 나무위키
417,피기보이 PiggyBoy,/channel/UC4yDkTiEcy3hJ9LfCdx9Pkw,길거리 음식/유튜버 - 나무위키
418,코우지 TV [일일일식],/channel/UCL12ddKeiBTMGZ_g6X7PhXw,간헐적 단식 - 나무위키
419,하나네 가족 Hana\'s family,/channel/UCudHnr647v6z1f3E3DkOarw,하나네 가족 - 나무위키
420,홍쇼핑 홍현희가 사는 세상,/channel/UCazHEBmumgKYsCWQ31Ja7TQ,홍현희/방송 - 나무위키
421,배말랭,/channel/UCZ1wYQHk1yVle18u8FA8AvA,배말랭 - 나무위키
422,하누,/channel/UC5duyhoJ4mXbZff6elnmvTw,하누 - 나무위키
423,백세집밥,/channel/UCnZu5Qe9K5yRnW9dOgb9Pmw,집밥 백선생 - 나무위키
424,하율희야 같이놀자- sister toy play,/channel/UCcN7OJ-YtdCyK_phRjdoQUQ,YouTube
425,봉쥬르헬로,/channel/UC-A8G5BC2gt2HAAsJpSVwhw,봉쥬르헬로 - 나무위키
426,haraxxx,/channel/UCIaWJ_tZO6Bv1SRb31qDE0Q,일본에서 활동하는 한국인 유튜버 내 기준 TOP3 소개   : 네이버 블로그
427,순자엄마,/channel/UC2tbZfs11e-5MND58_jfDCA,순자 - 나무위키
428,뀨우 kkyuu,/channel/UCOHDZh9KGoFxmqq6tg-Cykg,스타일디 - 나무위키
429,똥개로움,/channel/UCIyCS4h1Qng1mjgLpWgtPOg,똥개 - 나무위키
430,day지현,/channel/UCmU-Ncyl2Aq68n0MBhkbldg,설지현 - 나무위키
431,단아냥,/channel/UCApbvGOzUHex_xBkX6TFo5g,단아냥 - 나무위키
432,아야 커피AYA COFFEE,/channel/UCB8K-UT4ue5FiTXWjFofG0Q,"[역삼동 카페] 아야커피 (Aya Coffee), 새로운 공간에서 제2막을 시작한 ..."
433,doomandoo두만두,/channel/UC2I-egsAj7QInHC7fYNEZ4Q,만두 - 나무위키
434,떼아블리 seably,/channel/UCTRNunJyaYGLl9UcN0ejBrg,지기TV - 나무위키
435,찌워니의 삶,/channel/UC-rL1o4m5UamXY7lzGw8P8Q,찌워니 - 나무위키
436,언더커버,/channel/UCiUlVHUSHFPGwisbaHN4vjA,언더커버(한국 드라마) - 나무위키
437,슈고 SHUGO COOK,/channel/UC0ww73trpwK75W0qj3Kf__A,B02키친_슈고 - 나무위키
438,Dalmiin Baking Studio 달미인베이킹스튜디오,/channel/UCbcyIqLwdqo3ZfaRxAHLUKQ,Dalmiin Baking Studio 달미인베이킹스튜디오 - YouTube
439,권아나TV-권주현 아나운서,/channel/UCY_8_NuaKyQFgUb7yRSGLyg,권아나TV-권주현 아나운서 - 나무위키
440,하쁠리 대충 ASMR,/channel/UC_cEE92buMQxEBUrQ6YjeuQ,ASMR/유튜버 목록/국내 - 나무위키
441,진상처리반 [jinsang TV],/channel/UCsEphGNFU7nkVrgXsX-R7zg,진상처리반 - 나무위키
442,예쁜남자Prettyman,/channel/UCDX7VErirWPVNyu-HkFCbyQ,예쁜 남자(드라마) - 나무위키
443,TV DIVA,/channel/UCsOyV56335gX2Rdq9v5-AoA,디바 - 나무위키
444,에드워드권-집콕집쿡,/channel/UCld0ctlFo2S8ym0-RT_Fhig,에드워드 권 - 나무위키
445,sooa 수아,/channel/UCIFlwcuRjynCbytlzIpo7yg,짬타수아 - 나무위키
446,김가을,/channel/UCUWU2sdN5y8hxvpWn2ZWiuA,김가을 - 나무위키
447,정훈tv,/channel/UCTFmJtpAC3bm0-X4R2xMwAQ,정훈이 - 나무위키
448,버거형,/channel/UCZTPmBCj8BLhn0DpzGaz4gA,햄버거 - 나무위키
449,화니 HWAN\'E,/channel/UCff7sQ_kjCEPZvr8h8US8ww,화니(유튜버) - 나무위키
450,피글로그 Pigle\'s Vlog,/channel/UCwdZgECLGRyHszZemaxgXJA,피글로그 - 나무위키
451,고기리 돈스파이크,/channel/UCW9DtK_2qFW_kp_QFesC8SA,돈 스파이크 - 나무위키
452,Sally 셀리,/channel/UC7cI0wzLVBktRsMeNZNCkpQ,셀리 - 나무위키
453,Daram Table다람테이블,/channel/UCEsd9DjhmXwb9shfaSSFr7w,지컨 생방) 1부 - 내 나무위키 읽기 / 2부 - 치킨 먹방 /3부 - 오버워치 ...
454,PinoyChefKorea FoodVlog,/channel/UCrF7HabE6EiH2ZJmlKnEz5g,나무위키:대문 - 나무위키
455,허챠밍,/channel/UCOmmq9GmT3rdNDYM8PUY8rg,허챠밍 - 나무위키
456,복덩이,/channel/UC4C7HXQgnuQPsk_d1HH4SHg,그루멀 - 나무위키
457,호주가이버hojugyver,/channel/UCC8qiX542k9zUPUE0exBqGQ,호주가이버 hojugyver - YouTube
458,아누누,/channel/UCnLeqvS4Rdbl8Mv-AjEWH_w,안은우 - 나무위키
459,정대표,/channel/UC4rp3IXPhmQoYqZUCUMP6hA,연고티비 - 나무위키
460,욘니와치애,/channel/UClc4VxUeXxJvse6RkAd_ztQ,욘니와치애 - 나무위키
461,아구이뽀 A924,/channel/UCEn8UcA-PNu5ZKr6tZdJ4Kw,아구이뽀 - 나무위키
462,금손영진,/channel/UCqf_ytulb1FlLkV00KnKQPA,송영진(유튜버) - 나무위키
463,마리아주 [스시 Lover],/channel/UCKeVYAQKdY_YLSjxUrCuXcA,마리아주 - 나무위키
464,츄릅켠,/channel/UCqVjsRNWQM-ZBl27Pp8qI5g,츄릅켠 - 나무위키
465,태웅이네,/channel/UCWWsxlEwvznz4Fwq4O5UVMg,한태웅 - 나무위키
466,세리티 Serity,/channel/UCSD0MKMFT0bZP4jj6c5ihMw,Se?orita - 나무위키
467,슈하,/channel/UCldCLsaSRLhSalLf9HSu2aw,슈하스쿠 - 나무위키
468,Joo-a joovely home,/channel/UCCgPqQfX4rIgb5-F7YP8Aow,JOO - 나무위키
469,개인gain_vlog,/channel/UCCuv7K3lfy3LPxQ0LucN_gA,유튜버 - 나무위키
470,엄마밥상한끼,/channel/UCuHOoDIy_q8-mxRsEj6Bywg,한끼줍쇼 - 나무위키
471,맛객리우A foodie,/channel/UCTigVbNdTjgtLexOLGH3AlA,맛객리우 - 나무위키
472,살빼조DietJo,/channel/UC26QQCGh66xFU_NjhYLwdQQ,살빼조(주연) (@ju.ynn) ? Instagram photos and videos
473,사과 sakwa,/channel/UClDDqUHkTuGrACrC7Vg1qDw,사과 - 나무위키
474,한송이tv[SsongTube],/channel/UCG2KKCanr2bEsE8Xr8tR5bw,한송이(북한이탈주민) - 나무위키
475,LOTTE CHILSUNG,/channel/UCzKFT7cBIKO9Dapikf6e3ow,롯데칠성음료 - 나무위키
476,아임레이나 I\'m Raina,/channel/UC5cVWAEzenhFyup2kRcouhQ,레이나(가수) - 나무위키
477,태호TV_TAEHOTV,/channel/UCMNx_SJMQjb3oPQbSWXRE5Q,한국남자태호 - 나무위키
478,이채이,/channel/UCyBYbF0KojAHcpD6Tf0kCQg,이채이 - 나무위키
479,주류학개론 - 재미있는 술의 비하인드 스토리,/channel/UCB9wEdhMy5Mi8SLNBD-tUrQ,주류학개론 - 재미있는 술의 비하인드 스토리 - YouTube
480,살찌우는엄마,/channel/UC62lSbFDMublcifIjVexQFQ,살이 찌지 않는 체질 - 나무위키
481,빅페이스 BIGFACE,/channel/UCObJpvG3_f0P3EuLJCjzT5g,빅페이스 - 나무위키
482,킴스트래블 Kim\'s Travel,/channel/UCJh7YJLH8MaJQZxzMYS-gqg,Travel Tube - 나무위키
483,북한남자,/channel/UCT6IwDxexT2jqr3MGE1jpJw,북한인 - 나무위키
484,배블리[B.LOVELY MUKBANG],/channel/UCHJPlIINqj9q8G2TBDickPg,먹방 - 나무위키
485,라도어메 리얼요리,/channel/UC9OG_UgF6C2QjHtYgPR0d6w,라도어메 리얼요리 - YouTube
486,맛있는 즐거움 JOYFUL FOOD,/channel/UC-NiIeWEem2yb9Zq-p9glsg,로고송/식품 및 외식 - 나무위키
487,Sugar Bean 슈가빈,/channel/UC8Qr3x_4xovxmraT4Ag2Fvw,Sugar beans - 나무위키
488,Jimmy and Grace 지미와 그레이스,/channel/UCSDBAjt7ZeEkzGRzRrNu1YQ,윌 앤 그레이스 - 나무위키
489,hongsi 홍시,/channel/UCjZhSJP6ridQzH75e48wyIQ,홍시 - 나무위키
490,고말숙GoMaLSooK,/channel/UCBonCFMS4AJk6u-630QMlqQ,고말숙 - 나무위키
491,푸드월드 Korean Street food,/channel/UC7zdkOtCFhPflymVkRL52NA,길거리 음식/유튜버 - 나무위키
492,상남자1,/channel/UCIRoiYqgakU4Ep5VLdePUcw,상남자1 - 나무위키
493,Hoon 강성훈,/channel/UClQDmyz9V93lA1mz2VG51ZA,강성훈 - 나무위키
494,양팡 생방송 다시보기 채널,/channel/UC5EB_zF48S_ZSuj8MkUtlAg,양팡 - 나무위키
495,레이먼킴의 인생고기 RaymonKim Meat,/channel/UCboy0sUKJHqVpjp15-yR7Ew,레이먼 킴 - 나무위키
496,지은 jieun,/channel/UCEvEhDEkIIk7hPpF5nCzjrw,지은(버스터즈) - 나무위키
497,김기쁨,/channel/UCc1G8zPj7bv2Abuy3WxDhrA,김기쁨 - 나무위키
498,식츙이 With3boys,/channel/UCBxonaSSO2PYbe79_rLU-fw,식츙이 (@with3boys) ? Instagram photos and videos
499,Jane 제인,/channel/UCxxuGVS_WMT8sUWXnQCF0Zg,Jane ASMR 제인 - 나무위키
500,팝핀현준,/channel/UCcM_a-QXJmGadKVcl3-cdqg,팝핀현준 - 나무위키
501,비니BINEE,/channel/UC8tr6-Eys0CjF9h-yAte9Gg,비니 - 나무위키
502,무쇠맨,/channel/UCGiqkgSsKPWI3Sn4mGs54fw,무쇠맨 - 나무위키
503,오미연의야매주부,/channel/UC5tlHwbUnxart0QV_kFI7lA,오미연 - 나무위키
504,조이차니JoyChan,/channel/UC93s-VhhKysH8nenm_-ZR0Q,정지차니 - 나무위키
505,이브미니어쳐 - Eve Miniature,/channel/UCsQrkvbdwtrtK6Vf7urS4NA,미니어처 - 나무위키
506,caramel카라멜,/channel/UCn-nX-i-BYYxCbd-YqQCcAg,캐러멜 - 나무위키
507,이타 Yita 고요록 [錄],/channel/UCQXkYJYoNCqliQ9_1sFu_Jg,이타 고요록 - 나무위키
508,지뉼랭가이드,/channel/UC50ac0_x8ZDoCSEpNV0p3-Q,박진우(성우) - 나무위키
509,리아일기Lya,/channel/UCNaFCDXiYcAf8bmXbdkY9mw,리아(ITZY) - 나무위키
510,쿠자의주방 KOOZA-Kitchen,/channel/UC_jBjNL4TZbVooqYONvlX4A,쿠자의주방 (@kooza99) ? Instagram photos and videos
511,sunghwan yang,/channel/UCmkJy_4dq4HAS7UbFKSZtFA,YG엔터테인먼트 - 나무위키
512,DDany Crafts 따니네 만들기,/channel/UCJFYZRFLcFZFx5XB9BiWgQA,DDany Crafts 따니네 만들기 - YouTube
513,seoha오늘의 서하,/channel/UCjpBR0M-AadSsnBUZZkaXkA,서하 - 나무위키
514,세븐TV I 세븐일레븐,/channel/UCt_ArME66SzU7I1IgQWHDDA,세븐일레븐 - 나무위키
515,영웅이의 밥상머리,/channel/UCYu2TyFsd-c8uagWzof6tdQ,영웅이의 밥상머리 - 나무위키
516,SUN ASMR 썬,/channel/UCjWb4Jd4thfN7qDfrgA7k-w,ASMR/유튜버 목록/국내 - 나무위키
517,heyplain헤이플레인,/channel/UCvZDy6VKkF1pEmtm0X2DCcA,에어플레인 - 나무위키
518,SweetHailey,/channel/UCh78aw3gh2683F8ZTQxoaOQ,노오븐 오레오 아이스박스 케이크 만들기 No-Oven Oreo Icebox Cake ...
519,EUNCHIKO은치코,/channel/UCErafSmvgQ9amW3zRFlTd4g,은치코 - 나무위키
520,목포MBC,/channel/UCKgxSXLFNJ4vM4DaWyruRyQ,0
