,sentences
0,"블 리 자드 엔터테인먼트에서 제작한 RTS 게임으로, 스타 크래프트 오리지널은 1998년 3월 31일에 출시하였고, 확장 팩인 스타 크래프트: 브루드 워는 1998년 11월 30일에 출시하였다."
1,"공식 지원 언어는 영어, 프랑스어, 독일어, 이탈리아 어, 유럽 스페인어 5가지이다."
2,"# 다른 게임들처럼 원래 유료였지만, 2017년 3월 26일에 스타 크래프트: 리 마스터와 함께 무료화를 발표하였고, 2017년 4월 19일에 1.18 패치를 내놓으면서 무료로 전환하였다."
3,[1] 2018년 3월 31일 자로 발매 20주년을 맞았다.
4,여담으로 2018년 현재 블 리 자드 FTP에서 데모 버전 클라이언트 설치 파일 링크도 여전히 살아 있다.
5,인류와 외계 종족들 사이의 분쟁을 그렸다.
6,워크 래프트와 디아블로의 성공으로 재정적인 여유가 생긴 블 리 자드 엔터테인먼트에서는 그 동안에 숨겨 온 우주를 배경으로 한 스페이스 오페라 게임을 만들어 보고자 했다.
7,"그렇게 만든 스타 크래프트는 프리- 알 파 버전 때 테란이 없이 그냥 저 그 vs 프로 토스 구도였으며, UI도 지금과는 매우 많이 다르다( 워크 래프트 2 엔진을 그대로 쓴 수준이다.)"
8,[2] . 후에 블리자드에서 만들다 중간에 취소한 RTS 'Shattered Nations'를 기반으로 [3] 테란을 추가 하여 3 종족 체제를 완성하였다.
9,"게임 컨셉 면에 SF 풍 미니어처 게임 Warhammer 40,000와 비슷한 부분이 많다고"
10,"지적 받기도 했는데, 블 리 자 드는 애초에 Geek 들이 모여 만든 회 사라 게임에 여러 가지 서브 컬 처로부터 따온 인용을 집어넣는 것을 즐겼고, 실제로 블리자드에서 매직 더 개더 링 [4] 같은 게임과 함께 워해머를 플레이하는 사람들도 있었기 때문에 디자인의 영향을 받은 것으로 보인다."
11,"워 해머 시리즈의 제작 사인 GW와 블 리 자드 사이는 나쁘지 않은 편으로, 블 리 자드 소속 모델 러의 말에 따르면 디자인 면에서도 서로 교류하는 바가 있다는 듯. [5] 또한 GW 쪽에서는 "" 우리는 스타 크래프트와 워크 래프트가 있기 때문에 워해머의 RTS 화에 나섰다"" 라고도 했으며, 저 그는 타이 라니 드를 따라한 것이지만 후에 타이라니드에도 저 그의 히드라 리스크를 닮은 레 이브 너가 추가 되었다."
12,다만 레 이브 너 외에 워해머가 스타 크래프트에서 영향을 받은 부분은 없다시피 하다.
13,"뛰어난 접근 성과 ' 최적화', 그리고 높은 범용성을 자랑한다."
14,640 × 480 해상도(! )에 8 비트 (256 색) 컬러 치고는 상당한 수준의 그래픽이다.
15,"3D 렌더링한 리소스를 방향 별로 2D 로 따서 사용하였는데, 그래픽을 확대해 보면 상당히 훌륭한 수준으로 도트 다듬기를 했음을 알 수 있다."
16,동시대의 동일 해상도/ 컬러 수의 게임들과 비교해 보면 그래픽 품질이 최고 수준에 있다.
17,"1998년에 만든 게임이라 당연히 Windows 98에서도 실행 가능하며(!), 때문에 출시한 지 너무나도 오래됐기 때문에 (1998 년 3월 31일에 출시되었으며, 데모 버전 공개는 1997년 12월.) 1.16.1 까지는 호환성에 일부 문제가 생기기도 했지만 그것도 Windows 탐색기를 끄거나 블리자드에서 제공하는 그래픽 이슈 해결 레지스 트리 [6 ]를 적용시키면 Windows 7으로도 문제 없이 플레이가 되고, 몇 가지 편법으로 그 이후에 출시된 윈도 우로도 어느 정도 사용 할 수 있다."
18,[7] 이마 저도 1.18 패치가 OS 지원이 확장되어 윈도 우 10의 호환성 문제도 완전히 해결되었다.
19,게다가 출시 이전의 구형 PC 인 486으로도 당연히 돌아간다.
20,램만 충분하다 면 이론상으로 386으로 실행하는 것도 된다!
21,"# 단, 권장사 양이 램 32 MB [8] [9] 로 분명 386에서도 돌아가지만 로 딩 시간이 상당하다."
22,나 아가 갤 럭 시 S2 급 이상의 안 드로 이드 스마트 폰으로도 즐길 수 있다!
23,"'Winulator' 라는 앱을 이용하면 배틀 넷 이용이 불가능하다는 점만 제외하면 부드럽고 완벽하게 구동이 되고, UDP도 된다."
24,"[10] 486으로 돌려 봤다는 경험담도 적어 보면, 386보다는 쾌적한 플레이가 되나 헌 터에서 땡 히드라 200 vs 200으로 붙는 순간 컴퓨터 전원이 내려갔다고"
25,한다.
26,사실 90년대 후반 ~2000 년대 초에는 PC 방 컴퓨터로도 무 한맵 4:4 쯤 가면 피아 구분이 안 될 정도로 버벅거리긴 했다.
27,하지만 1.18 버전이 출시되면서 과거보다 최소 사양이 어마어마한 수준으로 올라 가버렸다.
28,[11] 램 용량이 무려 128 배 상승되었다.
29,하지만 한국 안에서 볼 때의 가장 큰 업적은 PC 방 문화의 태동이다.
30,014XY 야간 정액제가 어느 정도 일상화가 되어가고 ADSL이 한참 깔린 시기이고 덩달아 최고의 멀티 플레이 환경( 배틀 넷) 을 공짜로 제공한 스타의 인기 덕분에 PC 방이 마구 생겨나고 집에서까지 하기 위해 인터넷망을 끌어오는 사람들이 생겨났다.
31,그리고 이보다 더 큰 업적은 이렇게 스타 크래프트에 열광한 한국인들 또한 e 스포츠라는 산업을 시작하게 되었고 [12] 프로 게이 머 직업을 한국에도 도입한 것이다.
32,"사람들은 점차 e 스포츠에 열광했고, 이는 'e 스포츠' 라는 문화가 한국에서 뿌리를 내리기 시작한 계기가 되었다."
33,한국 게임산업에 큰 획을 그은 업적이다.
34,알파 버전( 개발 사 내부 테스트 용 버전) 당시에는 워크 래프트 2 엔진을 그대로 차용한 수준의 그래픽이었다.
35,개발 진들이 알파 버전 개발 도중 게임 쇼 E3에 참석해서 충격을 받고 게임을 갈아엎었다는 이야기가 자주 회자되고 있다.
36,그 때 블 리 자드 개발진에게 충격을 주었다고
37,알려 진 게임이 흔히 케이브 독의 토탈 어 나이 얼 레이션으로 알려 져 있지만 실제로는 그렇지 않다.
38,"토탈 어 나이 얼 레이션이 시대를 앞선 간 RTS 명작인 점과 스타 크래프트 개발진에게 다소 영향을 준 점은 사실이나, 상술한 초기 알파 버전을 아예 갈아엎을 정도로 개발진에게 ' 자괴 감 '까지 안겨 준 작품은 당시에 이온 스톰에서 개발 하던 도 미니 언: 스톰 오버 기 프트 3# 이다."
39,[13] 직접 비교해 보면 알겠지만 스타 크래프트와 토탈 어 나이 얼 레이션의 그래픽은 별로 비슷하지도 않다.
40,"토탈 어 나이 얼 레이션의 경우에는 위성지도 느낌인 반면, 완성된 스타 크래프트의 그래픽은 등축 투영법의 느낌이 나게 구성되어 있다."
41,도 미니 언이 그와 같은 시점이다.
42,"또 한 결정적인 증거로서 스타 크래프트와 도 미니 언이 E3에 처음 선보인 해는 1996년인 반면, 토탈 어 나이 얼 레이션의 E3 출품은 스타의 그래픽이 어느 정도 안정된 1997년이다."
43,1998년 1월 게임잡지에 실린 스타 크래프트 소개글의 일부. 초기 버전의 모습도 확인할 수 있다.
44,"한국에선 아직도 사람들이 하고 있고 다른 게임 팬들과 충돌이 있는 편이지만 인기가 거의 수그러들은 해외에서는 플레이하는 유저는 거의 찾아볼 수 없으며, 세계 게임 역사에 한 획을 그은 수작 정도로 인정받고 있다."
45,[14] 2000년대에 미국과 캐나다에서도 당시 10 대들 가운데에 집에서 스타 크래프트를 했다는 사람들을 거의 찾아보기 어렵다.
46,[15] 그나마 중국에서는 아직도 하는 사람들이 있다.
47,중국 개인 방송국들을 둘러보면 소수 이긴 하지만 스타를 방송하는 사람들이 있다.
48,MOD( 스타 드래프트) 는 해외에서도 지금도 만들어 지고 연구되고는 있다.
49,"현질을 안 해도 실컷 즐길 수 있으면서도, 또 한편으로는 실력으로 정당하게 승부할 수 있는 몇 없는 게임이 기도 하다. [16] 우스갯소리만은 아닌 게, 하다못해 스타 크래프트와 자웅을 겨루는 리그 오브 레 전드, 오버 워치, 배틀 그라운드, 월드 오브 워크 래프트조차 부분 유료화 요소가 살짝 들어 있으면서 운 요소가 나름대로 있는 반면, 스타 크래프트는 무료로 평생 이용할 수 있고, [17] [18] 운 요소도 거의 없다시피 하면서 컨트롤, 경기 운영 등의 실력으로 겨뤄야 하기 때문이다."
50,"[19] 괜히 스타 크래프트가 프로리그까지 열려서 10년 넘게 흥행한 것이 아니며, 고인물 게임 평가를 하는 사람들조차 이 부분에는 있어서 스타가 갓 겜이라는 점은 전혀 부정하지 않는다."
51,"앞서 언급한 인기게임들조차 몇 년 안 지 나 인 기가 시들어 지고 문제점들을 지적 받는 것과도 비교, 고전 게임인 스타 크래프트가 20년이나 살아남을 수 있었던 가장 큰 장점이다."
52,"스타 크래프트는 RTS 게임으로, 맵 설정과 게임 기능으로 많은 콘텐츠를 즐길 수 있다."
53,맵을 직접 만들 수도 있지만 특히 유즈맵은 복잡한 트리거들을 적절하게 사용해야 하기 때문에 정말 공부하듯이 달려들지 않으면 어지 간한 맵 하나 만들기도 쉽지 않다.
54,"이런 맵을 제작하는 때에는 기본 캠페인 에디터보다는 변형된 프로그램들을 이용하는 편인데, 트리거가 필요없는 밀리"
55,맵을 만드는 때 조차도 역 언덕이나 대칭 지형을 편하게 만들려면 스타 포지나 Scmdraft 2 같은 에디터를 쓰는 게 좋다.
56,"더구나 1.23 버전 이후로 기본 에디터는 없고, 블리자드에서도 Scmdraft 2를 권장한다."
57,"자세한 내용은 문서 참조. 건물 대부분은 기본으로 방어력 1이고, 예외로 미사일 터 렛, 포 톤 캐논, 파일 런, 스포 어 콜로니, 크립 콜로니가 0이고, 성 큰이 2이다."
58,"각 종족의 주요 인물과 세력은 스타 크래프트 시리즈/ 등장인물 참고.'☆' 표시 유닛은 브루드 워 전용 유닛이고, 취소 선 표시된 유닛들은 제작 과정에서 삭제된 유닛들이다."
59,"유닛 타입로 보 틱- 유 기체가 섞이지 않은 완전한 기계( 예: 리버) 메카닉- 유 기체가 섞여 있는 기계( 예: 시 즈 탱크) 바이오 닉- 순수한 유기체( 예: 히드라 리스크) 정신 체- 유기 체도 아니고 기계도 아닌 또 다른 타입으로 아 콘 계열만 해당된. 예외적으로 SCV는 메카닉 이면서 바이오 닉인데, 수리도 되면서 힐도 가능하고 아래의 4 가지 마법이 모두 통한다... 분류로 보틱 메카닉 바이오 닉 정신 체브루 들 링 XOOX 이레 디 에이트 XXOX 락다운 OOXX 메일 스트 롬 XXOX 기본적으로 스타 크래프트의 목표는 모든 건물을 부수거나 상대팀이 항복을 하거나 둘 중 하나를 유도 해내야 하는 것이다."
60,  자 세한 내용은 스타 크래프트: 리 마스터/ 수집품 문서를 의 번째 문단을의 부분을 참고하십시오.
61,일반 용어 꼬라 박관광 마패관광 어택 땅 업그레이드 입스타 날 빌 멀티삼룡이 멀티 빠른 전멸 배 틀 넷 비비 기스 덕 후 접 스타 조공 APMGG 플 토 빠프 징징 순회공연 (2 번 항목) 한 방 병력 특정 경기 3.3 혁명 성전 임진록 삼연 벙 쇼핑 록 리 쌍 록 택 뱅 록 천사 록 광 달 록 꼼 덴 록 뇌 덴 록 정전 록 쌍구 록 철 구록 철봉 록스타 크래프트 전반과 관련된 것을 보고 싶으면 다음의 사이트를 봐도 된다.
62,"스타 크래프트 개발 역사( 영문) 선 오브 더 스톰 유 즈맵 관련스타에 딧 넷 (SEN) 흔히 말하는 EUD 맵의 EUD(Extended Unit Death, 확장된 유닛 죽음 )를 발견한 Deathknight가 활동하던 곳이다.]Stormcoast"
63,"Fortress 스타 크래프트 유즈맵을 제작하는 매 퍼 이면 거의 한 번 쯤은 접해 보았을 Scmdraft 2의 공식사이트스타리그 및 e 스포츠 관련스타 크래프트 갤러리 - 스갤 문학, 스갤의 친구 동영상- 스타 크래프트 갤러리 2015년에 스타 크래프트 1의 밀 리맵 플 레 을 다룬 여러 얘기가 오가는 몇 없는 사이트다."
64,파이터포럼 폐쇄된 사이 트맵 사이드 - 덩 빅이 설립한 스타 크래프트 맵 제작 커뮤니티. 2006년 9월 29일에 폐쇄되었다.
65,"인 투 더맵 - 버서크광기가 설립한 스타 크래프트 맵 제작 커뮤니티. 유 즈맵 위주였으며, 2013년 3월 27일에 폐쇄되었다."
66,맵돌이 닷컴 - 김진태가 설립한 스타 크래프트 밀 리맵 제작 커뮤니티. 2015년에 폐쇄되었다.
67,"스타 아티스트 커뮤니티 Ħ 스타 드래프트 백과 사전Ĳ' 버닝 그라운드', 'GAG Mania Draft', 'War To The Liberty', ' 스타 1 군 심 모드' 같은 스타 크래프트 1 기 반 MOD 들이 제작 및 유통되고 있었고, 스타 크래프트 2 MOD에도 관여하고 있었다."
68,그러다가 위의 StarCraft: Beta & Mod Cafe로 통합되었다.
69,스타 크래프트 구 홈페이지- 스타 크래프트 한빛 온 파티 2006년 구 한국 홈페이지 폐쇄 이후 생겨 나 2014년까지 존속 햇던 길드사이트. 구 홈페이지의 소설들과 게시 글들의 대부분을 옯 겨 왔다.
70,"대략 2008년부터 구 홈페이지의 백업 본이 이전되었고, PC 방 게시판의 소설들과 게시 글들은 삭제 되엇 다. 전 스타 크래프트 세계관이 정확하게 확립되기 전의 이야기라"
71,"그런지 인기 소설이었던 프로브의 요리교실과 디 파일러의 요리교실, 작가 레이스의 요리교실 등 요리교실 소설들과 각종 RPG 소설 스타 시리즈라는 이름의 소설, 그리고 듀란을 아버지로 둔( 마린의 모험 등등 수많은 세계관과 동떨어진 자유분방한 소설들이 있엇 다. 이처럼 스타 크래프트의 세계관이 무시된 여러 콜라보 소설 모음집이 있었으나 2014년 경 한빛 온이 길드서비스를 종료함에 따라 2011년 이후 리젠과 관리가 안되던 이 길드는 백업도 없이 역사 속으로 사라지고 만다."
72,스타 크래프트라는 게임은 분명 대한민국 e 스포츠와 청년문화의 뿌리가 된 시발점이었다.
73,프로 게이 머로 말미암은 프로리그가 활성화 되어서 언제나 자기가 직접 참가해서 플레이하는 게임이라 기보다는 오히려 스포츠에 가깝게 경기를 관전하는 즐거움 또한 있다는 것을 알려주는 계기를 만들었다.
74,"인기 프로 게이 머에게는 현재에도 엄청 많은 팬이 있고, 나 아가 게임을 진행하는 중계 진들도 많은 팬을 보유하고 있었다."
75,"최초의 프로 게이 머로는 신주 영이 있는데, 그가 미국 래더시합에서 우승을 하여 골드 디스크를 탄 것을 시초로 친다."
76,[50] 후에 이기 석 등이 등장하여 당시 한창 주가를 올리고 있던
77,"IT 산업의 또 다른 분야 중 하나로 자리잡았으며 게임으로 돈을 벌고자 하는 수많은 게이 머들과 이들을 후원하는 각종 IT 기업들의 참여로 빠른 속도로 판이 커져 갔지만 [51], 2000년 말 꺼져 버린 IT 버블로 인해 순식간에 수많은 관련 기업들이 도산해 버리고 대다수의 게임 단과 리그, 그리고 프로 게이 머들이 사라지거나 은퇴해 버렸으며 이로 인해 e 스포츠 전체가 심각한 위기에 봉착하게 되었다."
78,"그러나 이 때 임요 환이 등장하여 그 당시까지 최 약 종족으로 알려 진 테란으로 그때까지 본 적 없는 놀라운 플레이를 보여주었고, 동시에 대단한 팬층을 보유하게 되어 프로 게이 머 산업 발전에 이바지했다."
79,"게다가 임요 환은 단순히 게임에만 몰두하는 인물이 아니라 어떻게 하면 팬을 끌어들이고, e 스포츠라는 장르를 활성화시킬 수 있을지 까지 신경 쓰는 인물이어서 e 스포츠의 발전을 위해 많은 노력을 했고, 결국 임요 환은 e 스포츠라는 새로운 스포츠의 아이콘으로 자리잡게 되었다."
80,이와 같은 흐름이 얼마나 파격적으로 진화하게 되냐
81,"면, '40 대 아저씨가 스타 크래프트는 몰라도 임요 환은 안다' 라는 말이 만들어 졌을 정도다."
82,"더구나 공군은 홍보를 위해 ' 공군 ACE' 라는 팀을 만들었는데, 이를 계획한 때에 상부의 조건은 임요 환의 입대였다."
83,"2007년의 프로리그 결승전이 끝나고 임요 환은 따로 공군관계자들과 회식을 하게 되었는데, 이때 이 소식을 듣고서는 30대 프로 게이 머가 할 수 있다고"
84,생각하고 바로 입대를 결심했다고
85,한다.
86,여하튼 그가 없었다면 공군 ACE는 없었을 것. 스타 크래프트를 주제로 한 경제학 서적인 스타크 노믹스도 나왔다.
87,이 게임이 국내에 준 의미는 이 정도로 어마어마 하다. 스타 크래프트(+ 브루드 워) 의 전세계 판매량 가운데 약 40%를 대한민국에서 소화 해냈다.
88,"2015년에 블 리 자드 보도 자료에 따르면 전세계적으로 1100만 장이 판매됐고, 한국에서는 450만 장이 판매되었다고"
89,한다.
90,링크 블리자드에서 한국 지사를 따로 설립한 이유가 있는 거다.1990
91,"년대 중 후반에도 블 리 자 드는 서양에서 최상 위 PC 베스트셀러 게임들 로 자리를 굳건히 하고 있었으며, 스타 크래프트 1도 예외는 아니다."
92,스타 크래프트는 1998년에 가장 많이 팔린 PC 게임 1위를 차지했다.
93,"링크 미국의 DC 코믹스에서 스타 크래프트 만화책 시리즈를 낸 적이 있고 링크 DC 코믹스 피규어로 스타 크래프트의 인기 캐릭터인 짐 레이 너, 제 라 툴, 캐리 건 등이 나온 적이 있다."
94,링크 물론 외국에서는 워크 래프트가 더 인기가 있다고
95,알려 져 있지만 그것이 외국에서 스타 크래프트가 인기가 없다는 뜻은 아니다.
96,게임스팟에서 최고의 RTS를 뽑는 유저 투표에서 당당히 1위를 차지했다.
97,"미국에는 수많은 ( 라이선스를 받은) 외전 소설들이 있으며, 한국에서도 중앙 M&B를 비롯한 몇몇 출판사에서 소설( 공식 팬 픽?) 이 나왔으며, 김 성모 화백이 10 권짜리 만화책으로 출간하기도 했다."
98,"단, 원작을 충실히 잇고 있는 건 중앙의 ' 소설 스타 크래프트' 뿐. 김 화백 판 스타 만화는 거의 재창조라고 해도 좋을 듯. 지금도 한국 밖에 ' 스타 강국 '으로 불리는 중국, 러시아, 폴란드, 미국, 독일 등지에서도 스타 크래프트를 많이 플레이하고 있다고"
99,"하며, 대한민국의 보통 베 넷 게이 머들은 외국에서 프로 게이 머로 활동하는 사람들도 중수 정도라면 이길 수 있는 실력을 가지고 있다는 루머도 있지만, 아프리카 TV에서 한국 아마추어와 미국인들의 9전 5선 승제 대결에서도 미국인이 이긴 바 있다고"
100,한다.
101,"스타의 종주국이 미국인데 다른 나라한테 털린다는 게 자존심 상하는 일이기는 해서 [52 ]2010 년 5월 27일, 블리자드와 곰 TV의 독점 e 스포츠 및 방송 파트너십이 체결되었다는 기사가 나왔다."
102,"포 모스 링크. 협회와 3년 간 밀고 당기기를 해 오다가 결국 포기하고 다른 방법을 찾은 듯. 이로써 스타 1, 2는 물론 방송 중계권에 대한 권리까지 곰 TV가 독점하는 것으로, 이제 곰 TV의 허락을 받지 않고서는 리그 개최는 물론 양대 방송사의 방송도 불가능해 지는 상황이 된 것이다."
103,"당장 스타리그와 프로리그를 중지시켜도 할 말이 없는 상황이나, 블 리 자 드가 관대함을 베풀어 시즌이 마무리되는 그 해 8월까지 는 권리 행사를 유보하고 협회와 추가적으로 협상할 의도가 있음을 밝혔다.2010"
104,년 상반기가 일어난 스타 판의 각종 사건 사고 가운데에서도 파괴력과 파급력에 있기에 거의 으뜸인가 하는 시각도 있다.
105,"최악의 경우 온 게임 넷과 MBC GAME의 방송 자체가 중단될 수 있고, 지난 10년 동안 쌓아 온 인프라( 기반 시설) 와 노하우가 자칫 물거품이 되어 버릴 가능성도 있으며, 게임 단은 해체되고 선수들은 다시 컵 라면을 먹는 상금 헌 터 생활로 돌아가야 할지도 모르는 일이니. 반면 그 동안 저작권 문제가 꼬여 있어 실행되지 못했던 염원의 유료 관객입장이 성사될 수 있다는 기대의 목소리도 있다."
106,오프의 많은 미비점이 유료입장을 통해 금전적인 부분이 나아지면 좀 더 개선될 수 있지 않겠냐
107,"는 것. 브루드 워 개인 리그는 2012년까지 이어지다가 tving 스타리그 2012가 마지막으로 종료되었고, 프로리그도 스타 크래프트 2 체제로 전환되었다."
108,E 스포츠 계가 리그 오브 레전드와 스타 크래프트 2로 전환되면서 [53] 공식적인 스타 1 E 스포츠는 종료되었으나 비공식적으로는 아프리카 소 닉 스타리그 등으로 지금도 이어지고 있다.
109,비공식이지만 구 스타 1 프로 게이 머들의 스타방송들과 소 닉 스타리그가 나름대로 인기를 끌고 2014년에 있었던 스타 1 레 전드 매치 스타 파이널 포가 성황을 이루면서 일각에선 브루드 워 공식리그를 다시 시작해 봐야 하지 않겠냐
110,는 시각도 나오고는 있다.
111,"일단은 공식리그는 아니지만 2014년부터 스베 누 스타리그가 다시 온 게임 넷 전파를 타고 있는 상황. 관련기사 다만, 스베누도 적자를 면치 못했고 스폰서를 구하기가 매우 힘들어 지는 바람에 2 번의 리그를 끝으로 막을 내렸고, 이후 스베누는 여러 가지 악재가 겹쳐서 2016년 10월 부로 파산되었다."
112,"지금은 아프리카 TV에서 스타리그를 여는 등으로 간신히 연명하는 상황이며, 택뱅리쌍을 포함한 대부분의 프로 게이 머들도 인터넷 방송으로 넘어가서 활동하고 있다."
113,현재는 KSL 리그가 열려서 프로 게이 머들이 출전하고 있다.
114,자세한 내용은 아프리카 세대 참고. 스타 1 리그의 상금은 여기에서 확인할 수 있다.1995
115,년 출시 작 워크 래프트 2 CD에 처음으로 실린 스타 크래프트의 동영상. 오리지널 오프닝 시네마 틱 [67] 브루드 워 오프닝 시네마 틱 안 들어본 사람은 있어도 한 번만 들어본 사람은 없다는 타이틀 화면 BGM. [68] 어째 한빛 소프트에서 정 발된 스타 크래프트 등급은 전체 이용 가랑 12세 이용 가가 쌍으로 붙어 있다.
116,이는 브루드 워도 똑같은 걸로 보아 오류는 아닌 듯. 내부 설명서에는 ' 업소용
117,"전체 이용 가', ' 가정용 12세 이용 가' 로 적혀 있다."
118,"[69] 이런 악습(?) 은 대한민국의 영상 물 등급 제도에서도 이어지는데, 같은 컨텐츠의 TV 판과 극장 판의 시청등급이 서로 다른 것이 그것이다."
119,"[70] 자세한 사항은 대한민국의 텔레비전 등급 제도, 영상물 등급 제도/ 대한민국, 방송통신 심의 위원회/ 논란 및 비판, 애니 플러스/ 비판/ 심의, 애니 맥스 코리아/ 비판/ 심의, 투니 버스/ 비판과 논란 참고. 한 때는 비공인 확장 팩이 범람했으나, 블 리 자 드의 강력한 제재에 따라 공식으로 인정받은 작품들을 제외하고는 사그라들었다."
120,다크 엔젤과 레저 렉 션이라 든가… 기억하는 사람이 있으려나?
121,과거 디시인 사이드 최고의 갤러리인 스갤이 바로 이 스타 크래프트 갤러리다.
122,"그러나 점점 자체 ' 화력' 이 줄어들다가 스타 크래프트 2의 발 매일이 다가올 때부터 다른 갤러들이 ' 슬슬 퇴물이다' 라는 식으로 무시하고, 발매 이후에도 서서히 줄어들고 있는 모양. 오리지널 + 브루드 워 + 1.15.1 패치를 첨부한 합본 팩이 풀려서 돌 아나니고 있다."
123,"기본적으로는 바뀐 게 없는데, 이상하게 시스템 사양 가운데 DirectX 7.0 이상을 요구한다."
124,"그리고 설명서에도 슬쩍 바뀐 부분이 있는데, 유닛 설명이 한국어이며, 캐릭터들의 이름도 블 리 자드 공인 번역으로 바뀌었다."
125,한국에서 개인이 만든 한글 패치도 나왔다.
126,"한글 채팅이 지원되지 않은 시절에 만들어 진 한 스타가 특히 유명했으며( 캠페인 한글화를 포함했다.),"
127,"나중에 블리자드에서 한글 채팅을 지원하면서 한 스타는 개발이 중단되었으나, 그 대신에 캠 패인이 한국어 번역되고 한 스타의 번역 오류가 개선된 비공식 한글 패 치가 다른 사람로 말미암아 개발되었다."
128,"# 스타 크래프트에서 한글 표시가 지원되기 시작한 이후로 유즈맵에서 제법 긴 분량의 한글 텍스트가 한꺼번에 표시되면 이상할 정도로 느려 지는 현상이 가끔 일어나는데, 그 한글 텍스트가 사라지고 나면 다시 정상 속도로 되돌아온다."
129,이를 한글 때문에 랙이 생긴다고 하여 ' 글 랙' 이라고 불렀다.
130,그래서 한글 텍스트에 따른 글 랙 발생시 일부러 채팅 창에 빈 줄을 쳐서 한글 텍스트를 걷어내는 상황이 벌어지곤 하였다.
131,"참고로, 스타 크래프트 1.16.1 이하인 클래식 버전이면, 설치된 폴더 안에 'Sound' 폴더를 만든 뒤에 특정 이름의 폴더를 만들고 특정 이름의 사운드 파일의 확장자를 Wav로 저장해서 특정 이름으로 바꾸고 넣으면 그 사운드가 게임에 적용된다."
132,[71] 이걸 이용해서 비공식 음성 패 치를 적용할 수 있다.
133,또 한 'Sound' 폴더에 있는 파일의 우선순위가 MPQ 파일을 통하는 비공식 음성 패치보다 빠르다.
134,"MPQ 파일로 비공식 음성 패 치를 쓰는데, 'Sound' 폴더가 있으면 이 폴더를 삭제하거나 옮겨야 MPQ 파일 내의 파일이 적용된다."
135,[72] 1.18 이후의 클래식 스타 크래프트이면 sound 폴더를 활용하는 음성 변경을 못 한다.
136,리 마스터도 특성상으로 못 할 것으로 보인다.
137,적용 영상. 아무튼 여러 가지로 말도 많고 탈도 많은 게임이다.
138,그러니까 그만큼 주목을 많이 받는다는 이야기가 된다.
139,"게임 아이콘은, 오리지날에는 흰색 망령 전투기가 쓰였지만, 브루드 워에는 빨간색으로 바뀌었다."
140,"흰색은 테란 연합계 알파 전대의 색상이고, 빨간색은 코랄의 후예의 색상이다."
141,브루드 워에서는 코랄의 후예가 연합을 뒤엎어서 인지 망령 전투기 색이 빨간색인 듯하다.
142,"자세한 건 테란 문서 참조 .1.16 .1까지, 윈도 우 7부터 는 호환성 문제가 있는데, 해결 법은 기존 출시 작 윈도우 7 / 8 호 환성 문제 참조. 또 한 블리자드에서 자사의 고전 게임을 최신의 윈도 우로도 원활하게 실행할 수 있도록 패치를 제공할 것이라고 언급하였고, 이에 따라 8년 만에 1.18 패치가 공개되었다."
143,본 패치를 설치하면 호환성 문제가 해결된다.
144,팬 덤은 스타 크래프트 관련 설정을 두고 논쟁을 벌여 왔다.
145,특히 유닛 간 크기 논쟁이 대표적. 10년 넘게 이를 두고 이야기가 계속되었지만 마침내 블리자드에서 공식 설정 집인 ' 야전 교범을 발매하면서 논란이 끝났다.
146,"우주로 가져간 첫 번째 PC 게임이다 [73]. 1999년, 디스 커버리 호의 승무원인 다니엘 T. 베리의 소지품으로, 9일 동안의 임무 수행 기간에 지구 궤도를 돌고 지구로 돌아왔다."
147,"해 당 카피는 STS-96 미션을 수행한 우주인들의 사인이 담긴 상태로, 블 리 자드 어 바인 본사에 전시 중. # 자 사의 게임인 오버워치의 설정에 따르면, 먼 미래에도 스타 크래프트 6까지 시리즈를 이어 나가며 장수하고 있다고"
148,한다.
149,우스갯소리로 진짜 민속놀이가 되었다.
150,게임에서 승리 또는 패배 때 나오는 점 수표에서 플레이어 색 상명 아래에 세력을 표시하는 [74] 문구가 없어서 플레이어와 인공지능 [75] 이 어느 세력으로 분류되어 있는지 알 수 없는 단점이 있다.
151,"평론가 점수 IGN95PC Gamer92 게임스 팟 9.1 메타 크리 틱 88 스타 크래프트 1이 게임계의 명작이라는 데에 이견이 있는 국내 게이 머는 거의 없으며, 해외에서는 이견이 있다 해도 모두 최소 수작 이상이라는 평가를 내린다."
152,"물론 단순히 많이 팔렸기 때문에 명작에 들어가는 게 아니라, 이를 뒷받침해 준 작품성 또한 엄청 뛰어났기 때문이다."
153,"이를 단적으로 보여주는 것으로, 같은 해에 발매된 하프 라이프와 첫 번째 레인 보우 식스, 폴 아웃 2와 같은 쟁 쟁한 경쟁 작 사이에서 저 정도로 높은 평점과 긍정적인 반응을 이끌어 냈다는 점이다."
154,"일반적으로 명작이 되는 방법에는 크게 두 가지가 있는데, 첫 번째는 특정 부분으로 아주 큰 발전을 이룩한 경우, 두 번째는 아주 큰 변화는 없더라도 게임의 모든 부분들의 수준이 상당히 높은 경우인데, 스타 크래프트는 기본적으로 후자 이지만, 스타 크래프트만의 혁신적인 발전 또한 곳곳에 있다."
155,"우선 스타 크래프트로 등장하는 테란, 프로 토스, 저 그 세 종족은 그 전 RTS 게임으로는 그 유례를 찾아볼 수 없을 만큼 각각의 특징이 매우 뚜렷할 뿐더러, 나 아가 각 종족 간 개성이 뚜렷한 3 종족을 맨 먼저 구현한 게임이 기도 하다. [20] 2가 2 종족, 또는 1가 다 종족 밖에 없는 RTS에 3가 3 종족은 그야말로 혁명이었고, 다소 시간이 걸리기는 했지만 밸런스 또한 성공적으로 맞추었으며, 이로써 나중에 출시된 RTS 게임의 기본 시스템이 3가 3 종족이 되도록 자리 잡는 데에 가장 모범적인 사례를 제공하였다."
156,"RTS의 시작이라는 듄 2도 3개 진영 가운데 하나를 선택하여 플레이 할 수 있으나, 다른 부분은 모두 같은 상태에 진영 별로 몇 개의 특수 유닛만 추가한 수준이다."
157,"이점은 블 리 자 드의 전 작인 워크 래프트 역시 다름없고, 휴먼과 오크의 유닛은 모두 다르나, 기능은 기껏해야 공격력이나 방어력 수치만 조절한 수준이다."
158,"이 때문에 워크 래프트 2 당시만 해도 "" 도 대체 휴먼과 오크의 차이가 뭔 가요?"" 란 말까지 나돌았을 정도이다."
159,"커맨드 앤 컨 커 시리즈의 경우에는 2 진영에서 이미 상당수의 유닛에 차이가 있긴 하지만, 보병과 건물이 겹친 편이다."
160,"하지만 스타 크래프트는 3 진영에서 건물과 유닛의 생산 방식부터 체력 회복 방식, 나 아가 테크 트리도 차이를 보이는 정도로 세세하게 차별화하였다."
161,이점이 당시의 RTS 팬들에게 크게 어필하여 스타 크래프트가 당시에 게임의 대세로 진입하는 데에 큰 도움이 되었다.
162,"나중에 출시된 RTS 들도 스타 크래프트의 이런 영향력을 크건 작건 받았고, RTS를 평가하는 기준의 하나로 진영별 특성 차이가 자리잡게 됐다."
163,"인터 페이스 면 은 커맨드 앤 컨 커 시리즈의 장점인 편리한 숫자 부대 지정과 기본 화면에 표시되는 체력 바 [21 ]를 받아들인 등 게임의 편의 성이 발전했으며, 인터페이스를 측면이 아닌 하단에 배치하는 신선한 시도를 해서 화면을 더 넓게 보이게 했고, 그 뒤에 다른 RTS 게임들은 물론이거니와 커맨드 앤 컨 커 제너럴도 하단에 인터페이스를 배치했다.BGM"
164,도 매우 좋아서 유 튜브에 'terran 1' 만 쳐도 테란의 1번 BGM이 검색될 정도. 테란 테마 1번 35초부터 시작되는 강렬한 멜로디를 들으면 지금도 가슴이 뛰는 사람들이 많다.
165,"# 후속 작인 스타 크래프트 2에 리 마스터 되어 추가 되었고, 히어 로즈 오브 더 스톰에도 스타 크래프트 2 풍으로 리메이크 되어 추가 되었다."
166,"유 튜브 플레이 리스트 다운로드./ 캠페인, / 대화 집 문서 참고. 유닛 SCV(Space Construction Vehicle) - 건설 로봇 마린 (Marine) - 해병 메 딕 (Medic) - 의무관 ☆ 파이어 뱃 (Firebat) - 화염 방 사병 고스트 (Ghost) - 유령( 유령 요원) 벌 처 (Vulture) - 시체 매스 파이 더 마인 (Spider mine) - 거미 지뢰 아크 라이트 시 즈 탱크 (Arclite siege tank) - 공성 전차 골리앗 (Goliath) - 골리앗 레이스 (Wraith) - 망령( 망령 전투기) 드랍쉽 (Dropship) - 수송선 발키리 (Valkyrie) - 발키리( 발키리 호위함) ☆ 사이언스 베슬 (Science vessel) - 과학 선배 틀 크루저 (Battlecruiser) - 전투 순양함( 베 헤 모스 급 전투 순양함) 시 빌리언 (Civilian) - 민간인 셔틀 (Shuttle) [24] 카고 쉽 (Cargo ship) - 화물 선 - 자원 캐기, 수송 무려 공격까지 할 수 있는 만능 유닛 이었다."
167,"영웅으로 sally,boskk ,peter 가 있다."
168,머시 너리 건쉽 (Mercenary gunship) - 발키리와 모양이 비슷한 유닛이다.
169,레이더 (Raider) - 약탈자 - 공중 용병 유닛 머크 바이 커 (Mercenary biker) 마린을 수송할 수 있는 그야말로 공중 부양 벙커였다.
170,스파이 섀 틀 라이트 - 옵저버랑 동일 유닛이다.
171,"건물 커맨드 센터 (Command Center) - 사령부 컴 샛 스테이션 (ComSat Station) - 통신 위성 중계소 뉴클리어 사일로 (Nuclear Silo) - 핵 격납고 리 파이 너리 (Refinery) - 정 제소 서 플라이 디포 (Supply Depot) - 보급 고 벙커 (Bunker) - 벙커 엔지니어링 베이 (Engineering Bay) - 공학 연구소 미사일 터 렛 (Missile Turret) - 미사일 포탑 배 럭스 (Barracks) - 병영 아카데미 (Academy) - 사관학교 팩토리 (Factory) - 군수공장 머신 샵 (Machine Shop) - 기계실 아머리 (Armory) - 무기고스타 포트 (Starport) - 우주 공항 컨트롤 타워 (Control Tower) - 관제탑 사이언스 퍼 실리 티 (Science Facility) - 과학 시설 피 직스 랩 (Physics Lab) - 물리 연구실 코 버트 옵스 (Covert Ops) - 비밀 작전 실스타 베이스 - 군수 실험실 리 페어 베이 - 수리소 ( 삭제됨) 드라이 독 - 스타 포트의 에 드온이었으나 삭제되었음. 칸 티나 - 술 집. 용병 유닛을 고용하는 건물이었고, 용병 유닛들의 삭제로 같이 삭제되었음. 유닛 라 바 (Larva) - 애벌레에 그 (Egg) - 알 드론 (Drone) - 일 벌레 오버 로드 (Overlord) - 대 군 주저 글 링 (Zergling) - 저 글 링 히드라 리스크 (Hydralisk) - 히드라 리스크 럴 커 (Lurker) - 가시지옥 ☆ 뮤 탈 리스크 (Mutalisk) - 뮤 탈 리스크가 디 언 (Guardian) - 수호 군주 디 바우 러 (Devourer) - 포식 귀 ☆ 고치 (Cocoon) - 고치 디 바우 러 고치 (Devourer cocoon) - 디 바우 러와 가 디 언의 고치가 따로 있었다."
172,스커 지 (Scourge) - 갈 귀 퀸 (Queen) - 여 왕브루 들 링 (Broodling) - 공생 충 울트라 리스크 (Ultralisk) - 울트라 리스크 디 파일러 (Defiler) - 파멸 충인 페스티드 테란 (Infested Terran) - 감염된 테란 건물해 처리 (Hatchery) - 부화장 레어 (Lair) - 번식 지하 이브 (Hive) - 군 락 익스 트랙터 (Extractor) - 추 출장에 볼루 션 체임버 (Evolution Chamber) - 진화 실크 립 콜로니 (Creep Colony) - 점 막 군체성 큰 콜로니 (Sunken Colony) - 지하 군 체스 포어 콜로니 (Spore Colony) - 포자 군 체스 포 닝 풀 (Spawning Pool) - 산란 못 히드라 리스크 덴 (Hydralisk Den) - 히드라 리스크 굴 나이 더스 커 널 (Nydus Canal) - 땅 굴관 스파이어 (Spire) - 둥지탑 그레이 터 스파이어 (Greater Spire) - 거대 둥지탑 퀸즈 네스트 (Queen 's Nest) - 여왕의 둥지 울트라 리스크 캐번 (Ultralisk Cavern) - 울트라 리스크 동굴 디 파일러 마운드 (Defiler Mound) - 파멸 충 언덕인 페스티드 커맨드 센터 (Infested Command Center) - 감염된 사령부 나이 더스 웜 - 나이 더스 커 널의 전 모습이 다인 페스티드 마인 - 옛 날 앤 광산이 있었으며 그 광산이 감염된 것으로 추정 유닛 프로브 (Probe) - 탐사정질 럿 (Zealot) - 광 전사 드라 군 (Dragoon) - 용기병 하이 템플 러 (High Templar) - 고위 기사 아 콘 (Archon) - 집정관 다크 템플 러 (Dark Templar) - 암흑 기사 [25] 다크 아 콘 (Dark Archon) - 암흑 집정관 ☆ 셔틀 (Shuttle) - 왕복선 리버 (Reaver) - 파괴자 스캐럽 (Scarab) - 갑충 탄 옵저버 (Observer) - 관측선 스카우트 (Scout) - 정찰기 커 세어 (Corsair) - 해적선 ☆ 캐리어 (Carrier) - 우주 모함 인터 셉터 (Interceptor) - 요격기 아비 터 (Arbiter) - 중재자 랜서 (Lancer) - 프로 토스와 거리가 멀어 삭제되었다.
173,엘 더 (Eider) - 초상화만 남아 있다.
174,펜 릴 (Fenril) - 초상화만 남아 있다.
175,건물 넥서스 (Nexus) - 연결 체 어시 밀레이 터 (Assimilator) - 융화 소파일론 (Pylon) - 수정탑 포지 (Forge) - 제련소 쉴드 배터리 (Shield Battery) - 보호막 충전 소포 톤 캐논 (Photon Cannon) - 광자 포 게이트웨이 (Gateway) - 관 문 사이버네틱스 코어 (Cybernetics Core) - 인공 제어 소시 타 델 오브 아둔 (Citadel of Adun) - 아 둔 의 성지 템플 러 아 카 이브 스 (Templar Archives) - 기사단 기록 보관소로 보틱스 퍼 실리 티 (Robotics Facility) - 로봇공학 시설로 보틱스 서포트 베이 (Robotics Support Bay) - 로봇공학 지원 소 옵저버 토리 (Observatory) - 관측소스타 게이트 (Stargate) - 우주 관문 플릿 비 콘 (Fleet Beacon) - 함 대 신호소 아비 터 트라이 뷰 널 (Arbiter Tribunal) - 중 재소 유닛 카 카루 라이나 돈 라 그나 소 어스 캔 티 드우
176,르 사돈 벵갈라 스핼 디아블로 건물 - 원래 캠페인 건물이지만 유즈맵이나 특유 맵은 장식용 또는 입구 막기 등으로 사용된다.
177,유즈맵에서는 건물의 설정을 살려서 이용하기도 한다.
178,"케이 다린 수정 형성 부프로 토스 사원 젤 나가 사원 차원 관문정지 독방/ 감옥 다 자란 번데기 초월 체 고치 초월 체 (1 단계) 초월 체 (2 단계) 정신 체 다고 스사 이오 닉 분열 기동력 생성기 노라드 II 이온 포 ( 태란) 프로 토스 신호소 테란 신호소 저 그 신호소 기타 1 번 미네랄 필드 2 번 미네랄 필드 3 번 미네랄 필드 배스 핀 가이저스타 크래프트 시리즈 참고. 각 종족과 진영에 색깔마다 이름이 있으며, 이 집단 [26] 은 실제 시나리오에서도 언급된다."
179,플레이어 번호/ 색깔 테란 프로 토스 [27] 저 그 1 코 랄의 후예( 오리지널) 자치령 근위대 [28]( 종족전쟁) 아라 부족 티 아 마트 무리 2 마 사라사 르가스 부족 서 르 투 르 무리 3( 영웅) [29] 켈 모리 안 조합 [30] 아 킬래
180,"부족 펜 리스 무리 4 안 티가 퓨 리 낙스 부족요 르 문 간드 무리 5 델타 전 대아 우리가 부족 가름 무리 6( 일반) 오메가 전대( 오리지널) 아틀라스 윙( 종족전쟁) 베나 티 르 부족 그 렌 델 무리 6( 사막) [31 ]7( 일반) 알파 전대( 오리지널) 크로 너스 윙( 종족전쟁) 셸락 부족 바 엘로 그 무리 7( 얼음) [32 ]8 엡실론 전대 벨라 리 부족 레비 아탄( 거대 괴수) 무리 업그레이드된 비공식 맵 에디터는 색깔 변경을 지원하여 초록색을 다른 맵에도 쓸 수도 있고, 반대로 갈색과 흰색을 각각 사막맵과 얼음맵에도 쓸 수 있으며, 위의 색깔 밖에도 바다 색과 상아색, 분홍색, 검은색 (135 번 추천) 등을 지원한다."
181,"초록색은 원래 플레이어 9의 색이고, 바다 색은 원래 플레이어 12의 색이다."
182,"커서를 대면 노란 색이 뜨는 유닛은 플레이어 12의 것으로, 미네랄과 베스 핀 간헐천, 크리 터는 플레이어 12의 것인 게 기본이고, 패배한 플레이 어의 유닛은 모두 플레이어 12의 것이 되지만 색은 바뀌지 않는다."
183,문제는 13부터 256 까 지의 플레이어 색깔이 비정상적으로 나오는 것이다.
184,"이 현상으로 미니맵과 실제 색상이 다르게 나오고, 결과 창에서도 게이 지가 막대가 아닌 새로 보이는 노란색 물체로 나온다."
185,"또, 13 이후의 플레이 어의 깃발을 만들어서 클릭하면 깃발이 아닌 다른 포트 레이트가 나오거나 튕기는데, [33] 원래는 워크 래프트 3처럼 12 인 플레이를 생각하여 개발한 것인가 싶다."
186,[34] EUD에 밀려서 묻힌 느낌이 있지만 이 13번 이후의 플레이 어를 이용하는 오버플로 우도 할 수 있다.
187,가장 유명한 건 최대 인구수를 800에서 1000 정도로 늘리는 것. [35] 팬 텀 등의 맵에 사용되었다.
188,그 밖에도 건물이 없어도 테크 트리를 해금하거나 최소 인구수를 200 초과하여 설정해서 유닛을 못 뽑게 하는 등 여러 가지가 있지만 인 투 더맵이 사라지면서 자료도 유실되었다.
189,물론 오리지널 맵 에디터에는 없으므로 논외로 친다.
190,"스타 크래프트의 플레이 어 수치는 1바이트로 저장하기에 플레이어와 색깔이 256까지 있고, 빨강은 1이 아니고 0이다."
191,"또, 색깔 변경과 13 이후의 플레이 어는 1.18.6 패치로 막혔기에 바라는 결과를 보려면 앞 버전으로 맵을 실행해야 한다.2019"
192,년 9월 자로 1.23.1 패치가 나오면서 멀티 플레이어 일반 전 [36] 한정으로 기존보다 10가지( 기본 8가지+ 확장 4가지) 늘어난 총 22가지( 응?) 의 다양한 색상을 선택할 수 있다.
193,"추가된 색상은 분홍, 황 록, 라 임, 담록, 청록, 남색, 푸른 회색, 자 홍, 회색, 검정. 한 편 1.23.2 패치가 되면서 혼동 우려를 고려해 이미 선택된 색상과 서로 비슷한 색상이나 지형 색과 비슷한 색상은 고르지 못하도록 수정되었으며, 청록색과 바다 색이 삭제되어 20 색으로 줄어들었다."
194,"랜덤/ 크리 터 카 카루 우르사 돈/ 트랩 젤 나가 타 갈 칼라스 에너지 생명체(?) 정화자 우주 뱀파이어 [37] 더 미 데이터#: 점프 게이트, 머크 건 십, 리 페어 베이 같은 미 구현 유닛 싱글 플레이에 있는 것 들을 포함해 여러 가지 다른 방식들도 제법 많다."
195,다만 예능 프로가 아니면 이 방식들을 실제로 접할 수 없었을 정도로 사람들이 너무 안 해서 이게 있는 것도 모르는 사람들이 매우 많다.
196,"현실적으로는 기본 세팅인 Melee 와 다른 세팅에 비해 활용도가 높은 Use Map Setting을 제외하고는 거의 플레이 되지 않았으며, 매니 아들만 팀 전을 자동으로 할 수 있는 Top vs Bottom을 활용하는 정도였으나 대부분 그냥 수작업으로 동맹을 맺고 말았다."
197,"그리고 상대 팀 다 밀었다 싶으면 동맹 풀고 깽 판 나머지 세팅 중에서도 활용도가 있는 Team Melee는 생산과 컨트롤 유즈맵이 따로 만들어 졌고, One on One은 그냥 방제에 1대 1을 적는 것에 밀려(...) 쓰이지 않는다."
198,"그래서 인지 워크 래프트 3 부터는 밀리,"
199,"유 즈 맵 세팅을 제외한 모든 모드를 없애버렸다가 스타 2에는 Free For All을 다시 추가했으며, 스타 크래프트 2의 확장 팩인 공허의 유산에서야 Team Melee 모드를 계승한 집정관 모드가 추가 되었다."
200,홈팀 대 원정 팀 (Top vs Bottom): 팀을 두 개로 나눠 싸운다.
201,세부 설정으로 몇 대 몇으로 할 지 선택 할 수 있다.
202,"예를 들어, 4인 용 맵이면 3 vs 1, 2 vs 2, 1 vs 3 중 하나를 선택할 수 있다( 왼쪽이 톱 팀). 싱글 플레이에서 선택할 수 없지만 플레이어 슬롯에 자신 빼고 전부 컴퓨터를 넣는 방법으로 혼자 할 수 있다."
203,사실 밀리
204,와 별 차이 없다.
205,단지 시작하자마자 동맹 관계 설정해야 하는 귀 차니 즘에서 해방될 뿐. 참고로 관전 기능이 가능 해진 리 마스터 이후에 열리는 스타대회에서는 주로 이 모드로 경기를 진행한다.1
206,대 1(One on One): 그냥 1:1 로 하는 밀리
207,로 보면 된다.
208,깃발 뺏기 (Capture The Flag): 적 진영에 있는 깃발 비 콘에서 깃발을 빼앗아 기지로 들어가면 이기는 모드다.
209,이 모드 부터는 플레이어 슬롯에 컴퓨터를 넣을 수 없다.
210,탐욕 (Greed): 자원 모으기. 설정한 목표량 만큼의 자원을 먼저 모은 사람이 이기는 모드다.
211,상대방의 자원량도 실시간으로 확인할 수 있기에 전략을 잘 짜야 한다.
212,학살 (Slaughter): 정해진 시간 안에 가장 많은 킬 을 달성한 사람이 이기는 모드다.
213,이 때문에 저 그가 제일 불리하다.
214,"서든 데스 (Sudden Death): 커맨드센터, 넥서스, 해처리가 파괴되면 모든 유닛과 건물이 터지고 곧바로 지는 모드다."
215,확장 멀 티 지역의 건설한 것이 파괴되는 경우에도 패배한다.
216,[38] 온 게임 넷 초창기에는 ' 엽기대전' 이라는 이름으로 이 모드로 대회도 했다.
217,"테 저전에는 변수가 있는데, 커맨드 센터가 감염돼도 테란은 패배하기 때문에 퀸이 활약할 수 있는 모드다."
218,팀 섬멸전 (Team Melee): 밀 리를 팀으로 할 수 있는 모드다.
219,이게 뭐냐
220,면 둘 이상의 플레이 어가 한 진영을 컨트롤 하는 것이다.
221,동시 컨트롤이기 때문에 팀원끼리 손발이 잘 맞는 것이 중요하다.
222,"팀 수는 2개, 3개, 4개 중 택일 할 수 있고, 2 팀을 고르면 4 인 1 조, 3 팀을 고르면 3 인 1 조( 단, 3 팀은 2 인 1조), 4 팀을 고르면 2 인 1 조로 진행한다."
223,인원 수 제한은 팀 수를 기준으로 하기 때문에 2인 용 맵을 8명이 할 수 있는 모드라는 특징이 있다.
224,물론 팀원을 1 인으로 하는 것도 되어서 이를 이용하면 한 사람이 두 종족을 동시에 운용하는 것도 된다.
225,[39] 또한 인구수 제한이 200으로 고정된 것이 아니라 팀원 선택 종족에 비례한다.
226,"[40] 스타 크래프트 2에서는 팀 당 플레이어 수는 2명만으로, 한 종족만 컨트롤할 수 있게 바뀌고 ' 집정관 모드' 라는 이름을 달고 나왔다."
227,팀 개별 전투 (Team Free For All): 다른 팀끼리 동맹을 맺을 수 없는 차이점 빼고는 밀리
228,와 같다.
229,"팀 깃발 뺏기 (Team Capture The Flag): 말 그대로 깃발 뺏기와 팀 밀 리를 묶은 모드. 전술가스 러시 날 빌 치즈 러 쉬 논 개작전 빌드 오더 생 더블/ 컨트롤 팁 심 시티 아케이드 얼라 이마인 우주 방어 입구 막 기장 판 파 낙하산 드랍 지우개 잠복 입스타 전략 공통쿼터 플 테란 고 벌 테란 초 패스트 앞마당 저 그 3 드론프로 토스 간 디 토스 옛날 토스스타 크래프트를 하나도 모르는 사람을 위해 유닛, 시스템, 용어를 처음부터 차근차근 설명해 주는 문서. 유닛들을 컨트롤하는 팁과 기초 강의. / 컨트롤 팁 문서로. 스타 크래프트는 컨트롤만 필요한 게임은 아니지만 컨트롤이야말로 유저의 실력을 판가름하는 가장 중요한 척도라고 할 수 있다."
230,즉 무과 금을 대가로 컨트롤로 시작해서 컨트롤로 끝나는 게임이라고 볼 수 있다.
231,본인이 경기 운영이 좀 별로 라 할지라도 컨트롤만 뛰어난다면 지는 경기도 역전할 수 있는 힘을 보여줄 수 있다.1vs1
232,밀리
233,와 래더에서 좋은 승률과 점수를 내는 방법에 대해 소개한다.
234,"길러야 하는 능력을 크게 나눠 보면 전략 시뮬레이션에서 전략의 기본이 되는 빌드 [41] 와 게임 전체의 틀을 잡아 나가는 운영, 빌드를 실행하고 유닛을 다루는 컨트롤, 상황판단과 대처로 볼 수 있다."
235,"보통 빌 드나 운영의 기초가 없는 초보들은 중구난방 플레이하며, 손도 느린데 다 물량을 능숙하게 뽑아내지 못한다."
236,"잘하는 사람은 언제 뭐 뽑고, 언제 뭐 하는 지가 머릿속에 들어 있어서 최적화된 플레이로 물량을 왕창 뽑아내니 기본적인 힘싸움에서 상대가 안된다."
237,견제나 러 쉬 한방에 싱겁게 끝난다.
238,때문에 제일 처음 연습해야 할 것은 빌드를 외우고 숙지하며 반복 숙달하는 것이다.
239,"대신 쉬운 초반 찌르기/ 올인 빌드 [42 ]를 골라 계속 연습해 보자. 초반 전략을 연습하다 보면 기초가 되는 컨트롤, 판단력을 기르는데 좋다."
240,"어차피 초보 vs 초보의 대결은 공격이 최선의 방어이고, 중후반 가봐야 운영은 못하니까. 초보 단계에 너무 어려운 걸 해서 자신감을 잃을 필요가 없고, 승수를 쌓아서 자신감을 얻는다."
241,( 이 단계에서는 리 플레이 봐 봐야 딱히 도움은 안 된다.
242,상대도 빌 드가 중구난방이라서.) 앞마당과 제 3 멀 티를 돌리는 것도 꽤나 빡세다.
243,다음은 정 석화된 빌드와 심 시티를 연습한다.
244,느리더라도 완벽하게 단계를 차근차근 밟아 나가면서 손에 익으면 그때 속도를 늘리는 게 낫다.
245,"정석 빌드를 똑같이 따라하고, 숙달되는데도 꽤 걸린다."
246,"롤모델을 정해서 똑같이 따라하는 걸 추천. 앞마당~ 제 3~4 멀 티를 돌려도 자원이 안 쌓이도록, 흘리는 유닛이 없도록 해야 한다."
247,[43] 정석빌드를 꼭 연습해야 하는 이유는 왠 만한 상황에 다 대처가 되고 맞춰 갈 수 있기 때문. 필수적인 컨트롤과 유닛 다루기도 이때 습득하는 게 좋다.
248,"벌 컨, 드라 군 컨, 뮤 짤 같은 것. ( 사실 이 단계에선 아비 터 리콜, 캐리 어, 커 세어 질 럿 다크 찌르기, 3 탱크 타이밍 러시, 5~6 해처리 히드라 정도만 능숙하게 다뤄도 이기기 쉽다.)"
249,"이후부턴 리 플레이를 보면서 본인의 실수를 보완하고, 손속도를 올리는데 집중해야 한다."
250,"( 상황판단과 대처방법) APM 멀티 태스킹, 화면 지정, 핫 키 지정 같은 기본요소들. 자기는 잘했다고"
251,생각해도 리플로 보면 실수가 눈에 띈다.
252,"이 타이밍에 상대가 무 얼 하고 있는지, 어디에 빈틈이 생기는지, 무슨 빌드를 쓰는지 보다 보면 자기가 어떤 점을 보완해야 하는지 보인다."
253,상 대의 빌 드나 찌르기에 대한 대처법 같은 것도 알아 놓는다.
254,정석과 초반 찌르기 빌드를 자유자재로 쓸 수 있으면 카운터 빌 드도 조금만 연습하면 숙달된다.
255,한가지 더 팁을 주면 프로 게이 머들의 강의는 이 단계에서부터 잘 먹힌다.
256,"예를 들어 드론 숫자를 보고 무슨 빌 드인지 예측하기, 앞마당에 가스가 붙었는지 안 붙었는지/ 가스 조절을 하는지 아닌지 보고 빌드를 눈치채는 단계 말이다."
257,그걸 보고 대처법도 알려 주니 이런 걸로 경험치를 쌓아 가면 된다.
258,빌드를 자유자재로 꺼내
259,"쓸 정도만 되도 공방에서 상당한 수준의 실력자가 될 텐데, 이때부턴 고수와 붙어서 져 가면서 배워야 한다."
260,"대처법, 멀티 태스킹 같은 게 그냥 길러 지는 게 아니고 상황과 변수가 매우 다양해서 각 상황 별로 대처법을 모르면 그냥 당할 수밖에 없다."
261,"그리고 어떻게 이 길지에 대해 고민을 해야 하는데, 본인 만의 스타일을 정립하는 단계가 된다."
262,본인이 선호하는 전략 전술을 갈고닦아 장점으로 만든다.
263,"[44] 남들과 똑같이, 무난히 만 해서는 승수를 쌓기 어렵고 빌드와 전략을 잘 짜서 이겨야 한다."
264,상대도 정찰을 해보고 바로 카운터 빌 드나 전술을 꺼 내오는 수준이기 때문에 늘 쓰던 것만 쓰면 스타일이 들통 나서 쉽게 진다.
265,이 단계 부터는 하루 20 게임 내외로 꾸준히 오래 연습하는 게 필요하다.
266,"사실 스타를 잘하려면 컨트롤, 경기 운영, 전투 관리 등 엄청난 멀티 태스킹 능력이 필요하다."
267,"이런 점 때문에 스타를 잘 한다는 게 사실 굉장히 어려운 편이며, 때문에 스타를 못하는 사람들의 경우 유즈맵을 자주 하거나 그냥 속편하게 다른 게임을 하는 편이다."
268,"현질 없이 실력으로 겨뤄야 한다는 점은 스타의 최대 장점이기도 하지만, 동시에 그만큼 고난이 도의 실력을 갖추고 있어야 한다는 점은 초보자들의 경우 일종의 게임 장벽이라고 볼 수 있다."
269,"예전에 배틀 넷에서 한글 채팅이 되지 않은 때에는 호칭이 사람 별, 지역별로 나누어 져 있었다."
270,링크가 되어 있는 것은 매우 유명한 별명이라 클릭하면 본 항목으로 들어간다.
271,"프로 토스: 토스, 플 토, 프 토, 프로테란, 저 그 둘 다 두 글자이기 때문에 이에 맞춰 줄여 부르는 경우가 매우 많으며, 저 4가지가 골고루 쓰인다."
272,"심지어 방송사에서도 화면 좌 상단에 띄우는 자막에 프 토, 프로 등으로 표기하기도 했다."
273,"저 글 링: 저 글 링, 링, 저그 링, 글 링이 쪽은 딱히 줄여 부르지 않고 저 글 링 그대로 호칭해 주는 편이지만 저것도 귀찮으면 글 링이라고 부르며 프로 게이 머들은 링이라고 많이들 칭하며, 스타 판이 아프리카로 넘어오자 개인방송의 영향으로 링이라 부르는 빈도가 늘어났다."
274,저 그 링은 초창기 주로 사용.
275,"오버 로드: 오버 히드라 리스크: 히드라, 하이드 라 리스크, 하이 드라 올바른 영어 발음은 하이 드라 리스크이며, 초기 가이드북 등에서도 그렇게 칭했으나 한국에서는 죄다 히드라라고 불러서 이 쪽으로 굳어졌다."
276,물론 히드라 리스크라고 풀 네 임을 불러 주는 사람은 거의 없다.
277,"러 커: 럴 커, 럭 커, 라 까 이쪽은 러 커 와 럴 커 둘 다 고루 쓰인다."
278,"그래서 이름 가지고 종종 키 배가 벌어지기도. 뮤 탈 리스크: 뮤 탈, 무탈, 탈 초기에는 스펠링 그대로 무탈이라고 하기도 했지만 지금은 뮤탈이 정착되었다."
279,"모 가이드북에선 멀티 태스크라는 황당한 번역을 선보이기도. 스커 지: 스커 지, 스컬지, 스콜 지이 쪽도 셋 다 사용 빈도가 비슷하다."
280,모 할아버지의 영향으로 스크루 지라는 번역도 있었는데 은근히 많이 쓰였다.가
281,"디 언: 가 디 언, 가 뎐, 가 디 안 디 바우 러: 디 바, 디 바우 러, 디 버러, 디 바우 어러 코쿤: 번데기, 에 그 코쿤이라는 이름을 모르는 사람들이 많다."
282,"울트라 리스크: 울트라 디 파일러: 디 파일 런, 디 파, 델 파이어 믿기지 않겠지만 진짜 이렇게 부르기도 했다."
283,"인 페스티드 테란: 자폭 맨, 감 테 이름이 어렵고 보기도 쉽지 않아서 별명 인 자폭 맨으로 통용된다."
284,"브루 들 링: 브루 들 링, 부루 들 링, 부 르들 링 ㅡㅜ 를 번갈아가며 발음하는 게 어려운 편이기 때문에 이런 류의 단어들은 자주 개명당한다."
285,특히 부 르들 링도 만만치 않다.
286,"부 르 드워, 부루 마 불, 쿠르트와 등등 ..SCV : 에스씨 브이, 에 씨비, 에 쒸 비, 딴 딴이 마린: 마린, 머린 영어 발음은 ' 머린' 이지만 한국에서 'a' 는 대체로 ' ㅏ' 로 읽는 일이 많아서 절대 다수가 마린이라고 한다."
287,[45] 물론 지금까지 도 머린을 고수하는 몇몇 해설자들이 있다.
288,"파이어 벳: 파 벳 시 즈 탱크: 탱크, 시 즈, 시 탱, 퉁퉁 포( 탱크 모드), 탱 골리앗: 골리앗, 골 럇 원 발음은 ' 걸라 이 엇' 이며 영문 판으로 골리앗을 뽑아 보면 걸라 이 엇 온 라인에 가깝게 들린다."
289,"그러나 한국에서는 다 윗과 골리앗의 영향으로 골리앗으로 많이 불렸으며, 한동안 세 표기법이 충돌 하다 골리앗으로 통일되었다."
290,"드랍쉽: 드랍쉽, 드랍, 랍쉽, 뽀록쉽 사이언스 베슬: 베슬, 사 베 배틀 크루저: 배틀 시민 시민사실 민간인이지만 한 스타 시절 때문에 다 들 시민이라 불렀고, 지금도 시민이라 부르는 사람이 훨씬 많다."
291,"질 럿: 질 럿, 젤럿발음은 젤럿이 맞다."
292,그래서 초기에는 두 표기를 혼용했다.
293,"드라 군: 드라 군, 드래군, 드러 군, 라 군드래 군은 드래곤 (dragon) 때문으로 보이며 드러 군이 원 발음에 가깝다."
294,그리하여 옛날엔 세 표기가 공존했지만 지금은 99% 가 드라 군이라고 한다.
295,이런 문제 때문에 고전 유즈맵중에 드래군 개인 컨트롤이라는 이름의 맵이 있다.
296,"하이 템플 러 : 하 템, 템플 러다"
297,떼고 템플 러라고 하면 거의 하이 템플 러를 이른다고 봐도 좋다.
298,"다크 템플 러: 다크, 다 템, 닥 템 아 콘: 아 칸, 아 콘 다크 아 콘 : 다크 아 칸, 다 칸 스캐럽: 스캐럽, 스크랩스캐럽이 익숙하지 않아서 인지 스크랩이라는 4 차원 번역이 나오기도 했다."
299,"옵저버: 옵저버, 옵 , 옵접스카웃: 스카웃, 스카우트 외래어 표기법에 따르면 무조건 스카우트 지만 [46] 전부 스카웃이라고 한다."
300,"스카우트 관광? 커 세어: 커 세어, 코 르 세어, 코 세어, 콜 세어 브루드워가 처음 나왔을 때 저 표기들이 사용되었다."
301,"넷 중에서 가장 엉터리 표기가 커 세 어이기 때문에 스타를 처음 하는 사람은 이게 어째서 커 세어라고 불리는지 이해가 안 가기도 하지만 현실은 전부 커 세 어로 통일. 코 세어는 다른 의미로 쓰이기도 한다 인터 셉터: 인셉, 셉터, 건물은 명칭이 긴 경우가 많아 대부분 줄여 부른다."
302,"이름을 부르기 어렵거나 기억하기 어려우면 그냥 히드라 건물, 울트라 건물, 드라 군 건물 이런 식으로 부르기도 한다."
303,"커맨드 센터: 커맨드, 센터, 커 맨 서 플라이 디포: 서 플, 서 플라이 디 팟 depot이 프랑스어에서 유래한 단어 라 끝 문자를 묵음처리해 디포, 데포 우가 원래 발음. 물론 대다수가 디 팟이라고 하지만 그래도 이쪽은 t를 뭉개는 사람이 꽤 되는 편. 배 럭스: 배 럭, 바락 분명 배 럭스인데 전부 배 럭이라고 한다."
304,"아프리카로 넘어온 전 프로들 중에선 바락이라고 하는 사람도 있는 걸로 보아 특히 이분 바락도 쓰이는 모양. [47] 엔지니어링 베이: 엔 베 컴 샛 스테이션: 컴 셋, 스캔스캔은 컴 셋 스테이션이 쓰는 스킬 이름이기 때문에 둘을 구분해 불러야 하겠지만, 현실은 스캔 달았다고"
305,하면 전부 알아듣는다.
306,미사일 터 렛: 터 렛 팩토리: 팩 사이언스 퍼 실리 티: 이상하게 이쪽은 안 줄여 부른다.
307,굳이 줄이면 퍼 실리 티라고 부른다.
308,"머신 샵, 컨트롤 타워: 애드 온 거의 필수품인 이 건물들은 이들은 본명보다는 애드온이라고 퉁 치는 경우가 더 많다."
309,"스포닝 풀: 스포닝, 풀성 큰 콜로니: 성 큰스 포어 콜로니: 스포어에 볼루 션 체임버: 챔버 [48] 나이 더스 커 널: 니 더스 커 널, 커 널 히드라처럼 나이 더스 커 널도 니 더 스 커널이라 부르기도 했다."
310,"울트라 리스크 케이 번: ( 울트라) 케이 번, 커 번 파일 런: 파일 런, 파일론, 필론, 파일럿, 다이아 등등 지금은 전부 파일 런이라고 하며, 영어 발음도 파일 런 (pa ɪl ən). 파일론은 리 마스터 음역이 파일론으로 번역되면서 다시 고개를 내밀었으며 필론은 히드라와 같은 케이스. 그 외에 파일럿, 필럿이라는 해괴한 번역도 있었다."
311,"게이트웨이: 게이트, 겟포 톤 캐논: 캐논, 포토 캐논, 포토 옛날에는 Photon 이라는 단어가 익숙치 않아서 인시 Photo Cannon이라고 알고 있는 사람이 많았으며, 지금도 포토 캐논이라고 하는 사람이 좀 있고 포토로 줄여 부르는 일도 종종 있다."
312,"사이버네틱스 코어: 코어, 사이버 실드 배터리: 배터리, 밧데리 [49] 시 타 델 오브 아둔: 아 둔다들 아둔 이라고 불러서 풀 네 임을 모르는 사람들도 존재한다."
313,한 술 더 떠서 프로 토스 유닛들이 맨날 떠들고 다니는 아둔 이 이 건물인 줄 아는 사람들도 있다.
314,한편 스타 크래프트를 사면 딸려 오는 공식 매뉴얼에 아 둔 의 ' 성지' 라고 발 번역된 문제도 있었다.
315,아 둔 의 ' 성 채' 가 맞다.
316,템플 러 아 카 이브: 분명 뒤에 s가 붙지만 전부 무시하고 부른다.
317,리 마스터 음역은 템플 러 아 카 이브 스라 고 했다.
318,"아비 터 트라이 뷰 널: 이쪽은 더 심한데, 몽땅 아비 터 트리 뷰 널이라고 불러와서 리 마스터 음역을 아비 터 트라이 뷰 널 (traɪ ˈbju ːnl) 이라고 하자 발 번역이라고 까이기도 했다."
319,리 마스터 이전엔 잘 알려 지지 않았다.
320,"익스 트랙터, 리 파이 너리, 어시 밀레이 터: 가스통, 가스, 깨스 통 스킬 클 로킹: 클 로킹, 클록 레이스랑 고스트의 클 로킹 아이콘에 커서를 대면 Cloak라고 되어 있어서 클록이라고 부르기도 했다."
321,"락 다운: 락 다 디 펜 시브 매트릭스: 디 펜, 디 펜 시브 EMP 쇼크 웨이브: 이 엠피 전부 EMP라고 불러서 뒤에 쇼크 웨이브가 붙는 줄 모르는 사람도 있다."
322,"이레 디 에이트: 이레 딧, 지우개 이레 디로 줄여 부르며, 지우개는 이레 디가 안 통하는 기계 유닛에 이레 디를 걸고 적을 녹이는 퍼포먼스를 말하지만 이레 디 에이트 기술 자체를 지우개라고 부르기도 하는 모양. 버로 우: 버로 우, 버러 우 패러 사이트: 패러 사이트, 패 러 인 스네"
323,어: 인 스네
324,"어, 인 스다크 스웜: 스웜 다크 스윔으로 아는 사람들이 좀 있다."
325,"알아보기 힘들어서 인지 기실 스웜뿐만 아니라 ㅟ, ㅝ를 헷갈리는 사람들이 많다."
326,"플레이 그: 플레이 그, 프라그, 피사이 오 닉 스톰: 스톰 대부분 간편한 "" 스톰"" 을 많이 애용하지만 스타 중계 진들은 풀네임을 좋아한다."
327,아 사이 오닉스 톰! 싸 이오 닉 스톰!!!~ 후속 작에서는 사이 오 닉 폭풍 명칭이 정착되어 사폭이라고 줄여 부르는 경우가 많지만 1편에선 그렇게 하지 않는다.
328,"할 루시 네이션: 할 루시 네이션, 할 루 스테이 시스 필드 : 스테 시스, 스테이 시스 필드, 얼리기, 얼음, 얼음 땡 얼리기는 별칭이지만 무척 직관적인 별명이라서 본명 못지않게 널리 쓰인다."
329,요즘 초딩들은 얼음 땡 을 모른다고 한다.
330,"그 전에 스타를 안 해마 엘 스트 롬: 마 엘, 마 엘 스트 롬, 마 엘 스톰, 멜 스트 롬 표기법이 제각각이다."
331,해설자들 사이에서도 선호하는 표기가 다른 모양. 옵티컬 플레어: 눈 뽕. 블라인드. 옵티컬 플레어가 기술 명이고 블라인드는 디 버프의 이름이지만 걸린 유닛을 클릭하면 블라인드밖에 안 보여서 블라 인드라고도 많이 부른다.
332,그 외. 크리 터 보통 이들은 외형을 따서 부르는 게 태반이다.
333,다만 라 그 나사우 르 스는 이상하게도 인기가 매우 저조한 편이라 정착된 별명이 없다.
334,사실 따진다면 현실의 동물들과 꼭 닮은 다른 크리 터와는 다르게 라 그 나사우 르 스는 정말로 외계 생물체처럼 생겼기 때문에 뭐라
335,별명을 짓기가 힘들다.
336,"우르사 돈 : 곰탱이, 곰 아무도 우 르 사돈을 정식 이름으로 부르지 않는다."
337,오히려 곰탱이가 더 유명하다.
338,스캔 티 피드 : 전갈 우 르 사돈과 동일하게 전갈이라 부르는 이들이 많다.
339,"벵 갈 라스 : 호랑이, 고양이, 표범 원본 크리 터 자체가 표범류이고 유즈맵에서도 개, 고양이 같은 동물 또는 상상 속의 동물 이름으로 자주 개명되어서 보통 저렇게 부른다."
340,"카 카루 : 카 카루, 새 카 카루는 꽤나 유명하다 보니 제대로 이름으로 부르는 편이다."
341,물론 다른 이들과 마찬가지로 그냥 새라 부르기도 한다.
342,"라이나 돈 : 코뿔소, 소 초상화가 코뿔소 닮은 것도 있고 울음소리도 소처럼 킁킁대는지라 정착된 별명. 영웅 영웅 유닛은 일부 유닛을 제외하고는 대부분 제대로 된 이름을 부르지 않는 게 태반이다."
343,"영글 링, 영 히, 영 칸 같이 줄임말로 쓰는 게 보통. 피닉스 : 페닉스 대부분이 페닉스라고 부르다가 스타 2가 나온 뒤 피닉스로 갈아탔을 것이다."
344,다만 아직도 페닉스 라 부르는 사람이 꽤 많다.
345,"태 사 다르 : 테 사다, 태 사다, 태서 더, 태 사다 르테 사다, 태 사다, 태서 더 등으로 불렀으며 태사 다르는 마이너했지만 스타 2가 발매되고 태 사다 르가 공식 표기로 채택되면서 태 사다 르로 굳어졌다."
346,"아르 타 니스 : 아르 타 니스, 알 타 니스 여기도 알 타 니스와 아르 타 니스 혼용이였으며, 아르 타 니스가 채택되자 여기로 통일. 아르 타 니스 고 정인 스타 2에선 알 타라고 줄여 부르기도 한다."
347,"라 자갈 : 라 자갈, 라 스자 갈, 라자 멩스크 : 맹스크, 멩크스톰 행크스의 영향인지 발음이 편한 맹크스로 개명당하곤 했다."
348,"레이 너 : 레이 너, 레이 노어, 짐 레 옛날에도 레이 너 표기가 대중적이였지만 레이 노어도 간간히 쓰이곤 했다."
349,물론 스타 2 발 매 후 레이 노어는 사장. 짐 레는 보통 그냥 줄임말에 가깝다.
350,"스투코 프 : 알렉, 스투코브, 스투코 프 러시아 이름이기 때문에 스투코프가 맞지만 그런 걸 알 턱이 없는 사람들이 영어 식인 스투코브로 많이들 불렀다."
351,"군단의 심장에서 감염된 스투코프가 나온 이후로는 많이 줄어든 편 개발과 패치 과정개발 진롭 팔도 빌 로 퍼 레몬 치킨/ 베타/ 데모/ 영웅 유닛 일람/ 특수 건물 일람/ 타일 셋/ 패치 /1.01 ~ 1.07 패치 /1.08 패치 /1.09 ~ 1.16 패치 /1.18 패치 /1.19 패치 /1.20 패치 /1.21 패치 /1.22 패치 /1.23 패치 유닛 특성 디텍터 클 로킹 버로 우스타 크래프트 시리즈/ 계급/ 기술 스플 래시 대 미지 크립 경기 방식 개인전 테 테 전, 저 저전, 프프 전 테 저전, 저 프 전, 테 프 전 팀 플레이 맵 관련 용어 - / 맵밀리맵 저 그맵, 테 란맵, 토스 맵상성맵, 역상 성맵, 개 념맵 2 인 용맵, 3 인 용맵, 4 인용 맵유즈맵 트리거( 스타 크래프트 )EUDEUD/ 오프셋 EUD/ 오프셋/ 로케이션 EUD/ 오프셋/ 무기 EUD/ 오프셋/ 유닛 EUD/ 오프셋 심화 모드 (MOD) 스타 드래프트: 여느 유명한 게임처럼 스타 크래프트에도 MOD가 있다."
352,"EUD의 등장으로 빛이 바래는 듯했으나 플러그인의 발달과 EUD의 한계점이 드러나면서 어느 정도의 입지는 있는 상태. 스타크 래프츠/ 모드 캔 낫 현상 치트 키/ 사운드 트랙 브루드 워 아리아 기타스타 크래프트 시리즈/ 명대사스타 크래프트/ 이스터에 그 스타 크래프트 시리즈, 스타 크래프트 시리즈 미디어 믹스 참고. 맵 에디터 Scmdraft 2 엑스트라 에디터스타 포 지세 디터 블 빠스 꼴스타 크래프트 시리즈/ 루 머 스타 크래프트 시리즈/ 설정 변경스타 크래프트 시리즈/ 중국식 표기/ 포인트 아트 록스 테란 최 약 종족 설해처리 버그 스타크 래프츠 스타 크래프트 배틀 넷 채팅 명령어스타 다큐멘터리스타 크래프트 인 벤 - # 루 리 웹 스타 크래프트 게시판 #에 펨 코리아 스타 크래프트 게시판 # 와이 고수 PGR21 - # 클 리 앙 스타 크래프트 게시판 # 이토 랜드 스타 크래프트 게시판 # 블 리 자드 엔터테인먼트 CJ E&M [54] 온 게임 넷 MBC GAME( 폐국) 곰 앤 컴퍼니 (그래 텍, 곰 TV) [55] 경인방송 (TV 방송 종료로 사실상 폐국 )KeSPA 공식 리그 온 게임 넷 스타리그( 폐지) - 역대 스타리그 일람 온 게임 넷 챌린지리그( 폐지 )MBC 게임 스타리그( 폐지) - 역대 MBC 게임 스타리그 일람 서 바 이버( 폐지) 스타 크래프트 프로리그( 폐지) 위 너스 리그( 폐지) 팀리그( 폐지) 비공식 리그 & 이벤트 전 iTV 랭킹 전( 폐지 )7 차 iTV 랭킹 전 GhemTV 스타리그( 폐지) 곰 TV 클래식( 폐지 )e - 스타 즈 헤리"
353,"티지 매치 IeSF 챌린지 스타 인 비테 이셔 널 클래식 World Cyber Games( 폐지 )KT-KTF 프리미어 리그( 폐지 )KPGL( 폐지 )CJ 슈퍼 파이트( 폐지 )IEF( 폐지) 한국 인터넷 게임리그( 폐지) 경남 -STX 컵 마스터 즈( 폐지) 나지 트배 프로 게이 머 최강 전( 폐지 )2002 KT 배 온 게임 넷 왕중왕 전 올스타 스킨스 매치( 폐지) 프로리그 챔 피 언쉽( 폐지) 신한 은행 마스터 즈 공식 리그 종료 후 소 닉 스타리그( 폐지) 아프리카 TV 스타리그 코리아 스타 크래프트 리그( 폐지 )SSL Series[56 ]KCM 종족 최강 전 기타 관련 방송네 멋대로 해 라 배 넷 어택 - SSB 사건 복수 용달스타 뒷 담화 김 정 민의 스팀 팩 - 스팀 팩의 저주 강박관념 강 민의 올드 보이스 타 무한도 전용선생의 매너 파일 런 MSL 데스크 MSL Rewind@ 플레이성 캐의 夜 생중계성 춘 쇼방송 관련 용어 광속 탈락 그랜드 광 탈 귀 맵아 프리 카 세대프로 게이 머 프로 게이 머 연습생 프로 게임 단 현재 운영 중진에 어 그린 윙스 과거 게임 단 eSTRO 하 이트 스파 키즈 MBC GAME HERO 화승 OZ 위 메이드 폭스 공군 ACESTX SouL 웅진 스타 즈 삼성 갤 럭 시 CJ 엔 투스 kt 롤 스터 SKT T1 사건 사고프로리그 중계권 사태 NATE MSL - 1.23 정 전사건, 온풍기스타 크래프트 승부조작 사건스타 크래프트 방송권 분쟁프로 게이 머 및 e 스포츠 중계 진 관련된 정보는 e 스포츠 관련 인물 문서 참조. 선수 분류 본 좌 - 본 좌 로드 임이 최임이 박동 임이 최 준 본 좌 연습실 본 좌 사대 천왕 육룡 로얄 로드 - 옐로 로드리그 브레이커스갤의 친구 스막 - 토막, 테 막, 저 막, 온 막, 엠 막 택 뱅 리 쌍 김장 임박용 구호동 패왕( 敗王) 가을의 전설 3 김 저그 삼대 토스 구 삼대 토스 신 삼대 토스 낀 삼대 토스라인 갓라인 콩라인 락라인 강라인 염라인 잉여라인 패왕라인 특정 인물 관련 강 민 - 카리스마 대빵 큰오리 홍진 호 - 콩( 별명), 포풍, 폭풍설 사, 황 시, 황건적, 모든 스타 팬들의 꿈과 염원 김구 현 - 질 수도 있지 스갤 시발 들아 김 대기 - 적 절 김 윤환 - 윤 환아 드라 군에 이레 디 걸어도 안 죽어 박 정석 - 정수영 감독님 예 지 다시 한빛으로 갈 랍니 더 김 창희 - 김 창희 (1989)/ 어록 김태형 - 김 캐리 버김 택용 - 코 랜드 파일 날 박성 준 - 은 가이 박지수 - 정 ㅋ벅ㅋ - 정 ㅋ벅ㅋ 가이 제동 - 동 크토닉이 영호 - 1승만 하라고 스막 시발 들아 임요 환 - 나만큼 미쳐 봐, 삼연 벙, 임진 록, 테란의 황제 우승기 - 망했어요"
354,전용 준 - 일부는 시 즈 모드 됐고 일부는 퉁퉁 퉁퉁 퉁퉁! 허영 무 - 게임 알지도 못하는 놈들 아 너네
355,들 이 와서 함 해볼래
356,"마 재 윤 - 주작 지명 형식이 아닌 오프라인 개인 리그에서의 우승, 준우승 상금의 총합을 기준으로 산정하였으며, 복수 종족 사용 플레이어의 결승 내역 및 3위 이하는 제외하였다."
357,"제외된 상금 내역 : 기욤 패 트리 ₩ 2,000만 [57], 최 진우 ₩ 1,000만 [58], 베르트랑 U.S. $ 10,000[59], 프 레들 릭 카 이델( Fredrik Keitel.) U.S. $ 10,000[60] 가장 최근 대회( 코리아 스타 크래프트 리그 시즌 3 ) 의 결승전을 기준. 종족 저그 테란 프로 토스 결승전 상금 획득 자 25명 20명 18명 우승, 준우승 상금 총액₩ 12억 5,500만 + U.S. $ 215,000 + CN ¥ 30,000[61]₩ 13억 2천 550만 + U.S. $ 149,500 + CN ¥ 95,000[62]₩ 8억 4,100만 + U.S. $ 130,500 + CN ¥ 120,000[63] 선수별이 제동 ₩ 3억 5,000만 + U.S. $ 30,000 마 재 윤 ₩ 1억 4,500만 + $ 51,000 + CN ¥ 30,000 김 정우 ₩ 1억 + U.S. $ 25,000 박성 준 ₩ 1억 1,000만 + U.S. $ 10,000 홍진 호 ₩ 4,600만 + U.S. $ 25,000 박찬 수 ₩ 5,000만 + U.S. $ 14,000 조용 호 ₩ 5,500만 김 민 철 ₩ 5,000만 김 윤환 ₩ 5,000만 박태 민 ₩ 2,500만 + U.S. $ 25,000조일 장 ₩ 4,300 만신 동원 ₩ 4,000만 김 준영 ₩ 4,000 만한 상봉 ₩ 3,000만 김 명운 ₩ 2,000만 + U.S. $ 10,000차 명환 ₩ 2,000만 박명수 ₩ 2,000만 이용범 U.S. $ 20,000 강도 경 ₩ 2,000만 임 홍규 ₩ 1,200만 심 소명 ₩ 1,000만 박 준 오 ₩ 900 만이 영한 ₩ 500 만이 철 민 U.S. $ 5,000[64] 국 기봉 ₩ 500 만이 영호 ₩ 5억 500만 + U.S. $ 7,000 이윤 열 ₩ 1억 5,700만 + U.S. $ 22,500 최 연성 ₩ 1억 1,000만 + U.S. $ 30,000 + CN ¥ 95,000정 명훈 ₩ 1억 2,000만 임요 환 ₩ 5,600만 + U.S. $ 40,000 박성균 ₩ 7,500만 김성 현 ₩ 7,000만 박지수 ₩ 5,000만 서지 훈 ₩ 2,000만 + U.S. $ 25,000 한동 욱 ₩ 4,000만 변형태 ₩ 3,700만 최호선 ₩ 2,000만 변 길섭 ₩ 2,000만 조기 석 ₩ 1,500만 염 보성 ₩ 650만 U.S. $ 5,000이 병 민 ₩ 1,000만 전상 욱 U.S. $ 10,000Andrey KukhianidzeU.S. $ 10,000[65] 구성 훈 ₩ 800 만한 웅렬 ₩ 600만 김 택용 ₩ 2억 1,100만 + U.S. $ 30,000 + CN ¥ 80,000 송병 구 ₩ 1억 3,000만 + U.S. $ 55,500 + CN ¥ 40,000 허영 무 ₩ 1억 3,500만 + U.S. $ 10,000 강 민 ₩ 5,000만 + U.S. $ 15,000 정윤 종 ₩ 6,000만 박 정석 ₩ 4,000만 + U.S. $ 3,000오 영종 ₩ 4,000만 박용 욱 ₩ 3,000만 김동수 ₩ 3,000만 변 현제 ₩ 2,000만 진영화 ₩ 2,000만 김구 현 ₩ 2,000 만도 재 욱 ₩ 2,000만 이재훈 U.S. $ 20,000 김윤중 ₩ 1,500만장 윤철 ₩ 1,000만 전 태 규 ₩ 1,000만 사 쥔 춘 U.S. $ 7,000[66] 개발 진 목록의 'Special Thanks' 항목에 표기된 것 들 로, 스타 크래프트 개발에 영감을 주거나 직접적으로 도와준 것 들이 수록되어 있다."
358,몇몇은 영향을 받은 것 들 도 있다.
359,직접적인 언급이 없어서 도저히 대체 어떤 식으로 도움을 준 건지 도통 알 수가 없는 것 들 도 다수 있다.1997
360,년 엘 니뇨
361,현상' 엘 니뇨
362,' 라는 맵이 제작되긴 했다.가
363,브리 엘 기네스 양조 회사 내 털리 머천트 드라 구 에너지 스트 골리앗 영웅인 앨 런 셰 자 르 역시 에스 카 플 로네의 등장 인물인 알 렌 셰자르의 오 마주이다.
364,롭 팔도로 버트 A. 하인라인 레이지 어게 인스트 더 머신 마운틴 듀 [76] 마이클 밀러 마 틴 루 서 킹 주니어 말보로 뫼 비우 스미야 자 키 하야 오프로 토스의 리 버는 바람 계곡의 나우 시 카에 있는 오 무의 오 마주이다.
365,불면증 블 리 자드 노스 지사 사우스 파크의 주민들 소 시지 맥 머핀 스콧 애덤스 스탠리 큐 브릭 스티븐 스필 버그 아 유카와 마도 카 에리카 바두에 반 더 홀 리 필드에 시 르 오 조라 미 라이 위 자드 오브 더 코스트 재키 찬 제임스 카메 론 조지 루카스( 스타워즈) 존 P. 키 주 윤 발진 로 덴 베리 칼 세이건 탑 건 레이스 영웅 톰 카 잔 스키는 이의 오 마주다.
366,테리 길 리 엄 팀 포트 리스 패트 리 샤 포드펜펜폴 토머스 앤더슨프로 디지 스타 크래프트의 음악 제작을 지원했다.
367,"피로 헤로도 토스 Operation CWAL 스타 크래프트: 리 마스터 공개 이후, 1.18 이후 버전을 무료 배포 키로 하였다."
368,공개 테스트 서버 종료 알림 공 지가 올라온 뒤에 얼마 지나 테스트 서버가 닫혔다.2017
369,"년 3월 31일에 1.18 패치와 동시에 무료 배포하기로 되어 있었으나, 최소 1주일 연기되었다."
370,"# 그리고 오랜 기다림 후, 4월 18일 오후 2시 (PDT 현지 시각 기준. 한국 시각으로는 4월 19일 )에 마침내 1.18 패치가 공개되었다."
371,( 영문 패치 노트 한국어 소식) 이에 따라 정식으로 무료 플레이를 할 수 있다.
372,"배틀 넷 관련 UI가 많이 변경되었으며, 윈도 우로 말고도 최신 버전의 맥 OS 로도 플레이할 수 있다."
373,"다만 기존 까지는 스타크 레프트만 설치하면 되지만, 이후 버전부터 는 배 틀 넷 애플리케이션을 통해서 설치와 실행을 할 수 있다."
374,[77] 스타를 즐기기 위하는 단계가 조금 늘어나긴 했지만 저작권 침해와 바이러스가 포함된 립 버전을 걱정하지 않아도 되므로 감수할 만하다.
375,"인트로 영상은 브루드 워 인트로 말 고도 오리지널 인트로를 선택해서 볼 수 있으며, 캠페인 중간이나 끝난 뒤에 나오는 동영상과 인트로 영상은 한국에 스타 크래프트 틴 이 발매된 때에 잔인 하다는 이유 [78] 로 삭제된 일부 장면까지 나온다."
376,리 마스터 발매 후에 다시 막혔다.
377,"이 문단의 내용 중 전체 또는 일부는 스타 크래프트: 리 마스터 문서의 r1830 판, 9번 문단에서 가져왔습니다."
378,이전 역사 보러 가기 이 문단의 내용 중 전체 또는 일부는 다른 문서에서 가져왔습니다.
379,"[ 펼치기 · 접기 ] 스타 크래프트: 리 마스터 문서의 r1830 판, 9번 문단 ( 이전 역사) 문서의 r 판, 번 문단 ( 이전 역사) 문서의 r 판, 번 문단 ( 이전 역사) 문서의 r 판, 번 문단 ( 이전 역사) 문서의 r 판, 번 문단 ( 이전 역사) 문서의 r 판, 번 문단 ( 이전 역사) 문서의 r 판, 번 문단 ( 이전 역사) 문서의 r 판, 번 문단 ( 이전 역사) 문서의 r 판, 번 문단 ( 이전 역사) 문서의 r 판, 번 문단 ( 이전 역사) 문서의 r 판, 번 문단 ( 이전 역사) 문서의 r 판, 번 문단 ( 이전 역사) 문서의 r 판, 번 문단 ( 이전 역사) 문서의 r 판, 번 문단 ( 이전 역사) 문서의 r 판, 번 문단 ( 이전 역사) 문서의 r 판, 번 문단 ( 이전 역사) 문서의 r 판, 번 문단 ( 이전 역사) 문서의 r 판, 번 문단 ( 이전 역사) 문서의 r 판, 번 문단 ( 이전 역사) 문서의 r 판, 번 문단 ( 이전 역사) 문서의 r 판, 번 문단 ( 이전 역사) 문서의 r 판, 번 문단 ( 이전 역사) 문서의 r 판, 번 문단 ( 이전 역사) 문서의 r 판, 번 문단 ( 이전 역사) 문서의 r 판, 번 문단 ( 이전 역사) 문서의 r 판, 번 문단 ( 이전 역사) 문서의 r 판, 번 문단 ( 이전 역사) 문서의 r 판, 번 문단 ( 이전 역사) 문서의 r 판, 번 문단 ( 이전 역사) 문서의 r 판, 번 문단 ( 이전 역사) 문서의 r 판, 번 문단 ( 이전 역사) 문서의 r 판, 번 문단 ( 이전 역사) 문서의 r 판, 번 문단 ( 이전 역사) 문서의 r 판, 번 문단 ( 이전 역사) 문서의 r 판, 번 문단 ( 이전 역사) 문서의 r 판, 번 문단 ( 이전 역사) 문서의 r 판, 번 문단 ( 이전 역사) 문서의 r 판, 번 문단 ( 이전 역사) 문서의 r 판, 번 문단 ( 이전 역사) 문서의 r 판, 번 문단 ( 이전 역사) 문서의 r 판, 번 문단 ( 이전 역사) 문서의 r 판, 번 문단 ( 이전 역사) 문서의 r 판, 번 문단 ( 이전 역사) 문서의 r 판, 번 문단 ( 이전 역사) 문서의 r 판, 번 문단 ( 이전 역사) 문서의 r 판, 번 문단 ( 이전 역사) 문서의 r 판, 번 문단 ( 이전 역사) 문서의 r 판, 번 문단 ( 이전 역사) 문서의 r 판, 번 문단 ( 이전 역사) 문서의 r 판, 번 문단 ( 이전 역사 )2017 년 5월 8일, 스타 크래프트 1의 원본 프로그램 소스 코드가 담긴 스타 크래프트 골드 마스터 소스 코드 디스크 [79 ]를 'khemist49' 라는 아이디의 Reddit의 어느 미국 일반인 유저가 이 베이에서 블 리 자드 관련 물품을 찾다가 우연히 찾았다."
380,판매 자가 마스터 CD의 존재를 알았으면 몇 십 배는 가격을 높게 부르거나 소 장가에게 고가로 팔 수도 있었기 때문에 판매자도 마스터 CD의 존재를 몰랐을 가능성이 높다고
381,했다.
382,이 디스크는 블 리 자드 직원의 물품을 담은 박스의 구성품이었지만 1998년에 도난 당했다고
383,"했고, 다만 소스 코드의 일부는 따로 보관해 두었다고"
384,했다.
385,이 사실이 확인되어 블 리 자드 엔터테인먼트 법무 부서가 반환을 요청하자 마스터 CD 소유주가 자발적으로 블 리 자드 본사에 반환하였다.
386,"그로부터 2주 뒤, 블 리 자드 관계자에게 서 전화가 왔는데, 그 관계자가 "" 블 리 즈컨에 대해 들어본 적이 있는가?"
387,""" 라는 질문을 하였고, khemist49 는 알긴 하지만 자신은 미국의 동부 해안 지역에 거주하여 이동하기에는 거리가 먼 데 다가 블 리 즈 컨 티켓이 팔리는 순간에 매진되어 구매할 수조차 없다고 말하였다."
388,이에 블리자드에서는 khemist49에게 항공 등의 이동수단과 숙박비 등을 지원함과 더불어 술도 한잔 사 준다며 블리즈컨에 초청한다고 말했다.
389,"그리고 며칠 뒤, khemist49 는 블리자드에서 보상으로서 $250( 한 화로 약 28만 원 어치) 상당의 배 틀 코 인, 오버 워치 키보드, 마우스, 헤드셋과 디아블로 3 CD 및 공식집, 블 리 자드 인형을 택배로써 받은 것을 인증하였다( 한국어 기사, 영문 기사). 블 리 자드 측에서 마스터 CD의 반환을 요구한 것은 소스 코드를 사용한 유사 게임의 제작을 막거나 자사 저작권 보호를 위한 움직임으로 보인다."
390,실제로 이 소스 코드는 게임 하나의 근원적인 설계도에 가깝기에 손댈 수만 있으면 게임 전반을 뜯어고칠 수 있는 수준의 조작을 할 수 있다.
391,"이를 악용해 핵 같은 개조된 클라이언트로 배틀 넷에 접속해서 민페끼치는 사태도 일으킬 수 있고, 아예 통째로 Ctrl CV 해서 짝 퉁 게임을 만들 수도 있다."
392,게임에 사용되는 블 리 자드 공용 파일 암호화 체계 인 * .mpq 포맷의 유포를 막기 위함이라는 추측도 있었지만 mpq 해독 툴이 이미 시중에 나돌아 많은 개조 파일이 돌고 있기 때문에 블리자드에서도 WoW 와 오버 워치에는 새로운 암호화 체계를 도입하였다.
393,[80] 사건이 있기 약 한 달 전에 블리자드에서 리 마스터를 발표해 각종 게임 커뮤니티들이 관심을 보인 시기이기 때문에 일각에선 골드 마스터 CD의 확 보가 리 마스터 개발에 결정적인 한 수가 되는 거냐
394,는 전망이 일기도 했다.
395,"하지만 사실 확인 한참 전부터 리 마스터 제작진이 이미 따로 보관되어 있는 소스 코드로 순조롭게 개발했고, 블 리 자 드의 공개 발표도 이미 이뤄 졌기 때문에 큰 영향을 미치지 못했다."
396,# 리 마스터까지 발매했지만 신고 기능이 재역할을 못해 하루에 최소 한 번 꼴로 패 드립을 당하는 불상사가 매우 잦으며 일반 유저나 신규 유저들 입장에선 어떻게 이런 저속적인 말을 쓰는 대가리 깨진 놈들이 이런 게임을 잘할 수 있을까
397,의문이 들 정도로 이런 현상이 더 심해 지고 있다.
398,"다른 온라인 게임과 비교하기 엔 유저 수준이 상당히 지저분한 편. 리그 오브 레 전드 같은 AOS 장르와 비교해서 용호 상박, 아니 그 이상으로 수준이 낮다( 외 산 게임의 공통된 문제 이긴 하나 스타 크래프트는 급이 다르다). 팀 플레이와 고일대로 고인 몇몇 유 즈맵일수록 저급 해지며, 처음으로 이용하는 유저들 대부분 이러한 저급한 유저 수준에 혀를 찰 정도 니 말 다했다( 롤과 달리 주 이용층이 20~30 대의 성인들임에도 굉장히 저급 하다). 물론 이러한 현상은 십 몇 년 전부터 있었는데, 그 때는 인터넷 채팅으로 리 폿한다 던가 등 고소인식이라는 것조차 도 없었으며, 아마추어나 준 프로 혹은 프로들도 저런 말을 뱉고 다니던 때였고, 심지어는 준 프로 커 리지 매치 같은 스타 유저끼리 모이는 곳에서 일대일 혹은 다구리까지 당할 수 있는 현 피까지 당하게 되는 최악의 경우도 있었다."
399,블 리 자 드가 신 고 기능을 개선하지 않고 강력한 제재를 안 하는 이상 기본적으로 패 드립은 각오한다는 마음으로 게임에 임해야 한다.
400,아무 이유 없이 패드 립 먹는 상황이 매우 잦으므로 멘 탈이 세지 않으면 정신적으로 상처를 받기 십상이다.
401,그 밖에 뉴 비를 배척하는 경향이 강하고 밀리
402,에서 초보 방에 들어갔다 쉽사리 조롱 당하기 일쑤다.
403,유즈맵에서도 그러는 경향이 있으므로 왠 만하면 가볍게 즐길 수 있는 게임을 하는 것이 정신 건강에 이롭다.
404,그리고 악의적으로 디스를 걸고 나가거나 동맹을 풀고 트롤 짓하는 유저들도 매우 많다.
405,이러다 보니 진입 장벽 또한 높아 지고 신규 유입에 큰 걸림돌이 생긴다.
406,결국 생각 없는 유저들 때문에 게임 인기가 줄어들거나 망해 버리면 이보다도 더욱 큰 민폐도 없는 셈이다.
407,패드 립 이상으로 스타 크래프트의 문제점은 적절한 매칭보다 양학이 판을 치는 것이다.
408,인성 안 좋은 핵 고인물들이 스타 빼면 시궁창이라고 낙인되 있을 정도로 00 맵 초보만 이런 방에 들어가면 말이 초보만 이지 사실 들어가는 순간 양학과 조롱을 동시에 당하기 일쑤 이며 매치 메이킹을 가지고 있는 게임에서 부계 정을 파고 초보 유저들을 양학하는 건 그 어떤 게임에서도 환영 받지 못하고 운영자 입장에서도 달갑지 않다.
409,"유저들 또한 이를 반기지 않기 때문에 같은 블 리 자드 게임인 오버워치와 롤, PUBG의 배 틀 그라운드 등 [81] 양 학 충들을 매우 혐오하는데, 스타 크래프트에서는 심지어 일반 유저만 말고 BJ 심지어 프로 게이 머마저 양학을 콘텐츠로 내세우면서 양학이 일상처럼 되어가는 실정이다."
410,이런 양학 및 뉴 비 배척 문제가 지속되면서 스타 크래프트는 ' 틀 타 크래프트' 라는 오명을 얻고 말았다.
411,더 큰 문제는 블 리 자 드가 이러한 악순환을 해결하기 위하는 뚜렷한 해결책을 내놓지 않는 것이다.
412,"명령어 ' /report' 로 게임 내에서 플레이어를 신고할 수 있지만, 이 기능은 껍데기만 있을 뿐, 블 리 자 드가 신 고된 유저를 전혀 처리하지 않으며, 이는 오버워치에서도 심각한 문제가 되었다."
413,정리하면 스타 크래프트의 현 문제점은 1. 양학 2. 욕설 및 패드 립 + 다
414,"중이 닉네임을 통하는 게임 분탕 [82 ]3. 동맹 배신 4. 핵( 무한 디스, 고의 랙, 멀티 커맨드, 드랍 핵. 전부 실제로 있는 핵들이다."
415,최근에 생기고 있다.)5.
416,"부족 해진 콘텐츠( 일부 EUD가 막혔고, 또 새로운 게임 장르를 만들 수 있는 GRP가 막혀서 유 즈맵 콘텐츠들이 점점 줄어들고 있다.)6."
417,개판 서버( 하루에도 몇 번 씩 팅 기곤 한다.)
418,등이 있다.7.
419,"불안정한 최적화 [83] 스타 크래프트 오리지널에서 브루드 워로 이어진 스타 크래프트 1은 그때까지 대한민국에 발매된 모든 국/ 내외 게임을 통틀어, 단일 게임으로서는 가장 큰 인기와 엄청 큰 영향력이 있던 게임으로, 스타 크래프트가 세운 국내에서의 450만 장 이상의 판매량은 아직 까지도 범접할 수 없는 기록이다."
420,게다가 국내 패키지 게임 시장이 멸종해 버리고 완전히 온라인 게임으로 생태계가 바뀌었으므로 이 기록은 앞으로도 영원히 깨지지 않을 확률이 매우 크다.
421,"무엇보다도 스타 크래프트 열풍으로 e 스포츠가 태동해서 성장했고, PC 방의 전국적인 확산을 가져왔으며, 기존 오락실의 몰락을 초래하였다."
422,"[84] 또한 한국에서 국민 게임으로 여겨 지는 첫 번째 게임이며, 사실상으로 세대 간의 장벽을 허문 하나뿐인 게임이 기도 하다. 오리지널 기준으로 출시된 지 20년이 넘어갔는데도 PC 방 게임 점유율 5~7 위에 있는 괴물이다."
423,"[85] 한창 때는 ""PC 방 간다."
424,""" 라는 말이 ' 스타 하러 간다' 는 의미였을 정도로 한국의 게임업계를 말 그대로 꽉 잡고 있었을 정도다."
425,이 과정에서 'DT35' 라는 일개 멤 브레인 키보드가 장수 만세하는 상품으로 등극하기도 했다.
426,"스타 크래프트는 아이부터 아저씨들, 나 아가 노인들 사이에도 즐기는 사람이 있었을 정도이고, 30, 40대 담임 선생님과 학생들이 시험이 끝나고 피시 방에서 스타를 하는 장면은 심심찮게 볼 수 있었으며, 삼촌이나 이모부 같은 친척 어른들이 조카들에게 스타를 먼저 알려 주고 같이 피시 방 가서 게임을 하는 모습도 흔하게 볼 수 있었다."
427,"게다가 요즘엔 오버 워치 잘한다고 밥 사 주고 그런 건 없지만, [86] 당시엔 스타만 잘해도 신 대접 받았다."
428,[87] [88] 물론 이는 단순히 게임의 작품 성만으로 이루어진 결과가 아니다.
429,"2000년 이후로 스타 크래프트 게임 자체의 인기는 다 하나 싶었으나 이후 온 게임 넷 스타리그, MSL, 스타 크래프트 프로리그, 팀리그, 위 너스 리그, WCG, KT-KTF 프리미어 리그, GhemTV 스타리그, iTV 랭킹 전, 곰 TV 클래식, CJ 슈퍼 파이트, 경남 -STX 컵 마스터 즈, IEF를 비롯한 각종 방송 리그의 등장과 임요 환을 비롯한 걸출한 스타 게이 머들의 등장으로, 스타 크래프트는 ' 보는 게임 '으로서의 위치를 만들어 냈으며, 이는 한국 e 스포츠의 시발점이 되었다."
430,"[89] 이렇듯, 스타 크래프트의 인기는 작품성, 프로 게이 머와 e 스포츠의 등장 등의 요소로서 이루어진 복합적인 결과물인 것이다."
431,"높은 인기를 반영하듯, 이 게임이 언어 생활에 미친 영향도 상당해서, ""XX 셔틀""( 남에게 XX를 갖다 바치는 사람 혹은 물건), "" 테크( 트리 )를 타다""( 특정한 성장라인을 타다), ""GG 친다""( 포기한다."
432,끝났다) 등 이 게임에서 유래한 표현들이 통상적으로 널리 이용되고 있을 정도다.
433,"[90] 그래서, 우스갯소리로 스타 크래프트가 한국의 민속 놀이라 기도 한다."
434,"스타 크래프트의 인기는 패키지 게임의 개발 자체에도 영향을 주어서 스타 크래프트 이후 패키지 게임, 특히 RTS 장르는 이 스타 크래프트의 영향력에서 좀처럼 벗어나지 못했다."
435,당시 블 리 자 드의 경쟁 회사였던 웨스트 우드 스튜디오에선 이 흥행에 놀라 서 이후 레드 얼 럿 2에서는 한국 소비자들을 위해 한국 유명 성우들을 캐스팅해서 더빙하고 한국 진영을 제작해서 넣어 주기도 했다.
436,"또 한 국내 게임업계에서도 이 성공에 자극을 받아서 각종 RTS 게임들을 제작, 출시했으나 대부분 스타 크래프트의 아류 작이란 평가를 받고 크게 성공하지 못하였다."
437,"일본에서는 소스 넥스트에서 유통을 맡아서 영문 판이 정식 발매 된 뒤, 번역은 물론 더빙까지 이루어진 현지 판이 발매되었다."
438,"[96] 하지만 당시 일본 PC 게이 밍 시장이 매우 협소했고, 번역 수준, 비주류 장르 등 여타의 문제가 겹쳐 상업적으로 실패했다."
439,"여기에는 여러 이유가 있겠지만 일단 낮은 더빙 퀄리티, 현지에서는 번역기로 돌렸냐"
440,"는 말이 나왔을 정도의 처참한 메뉴 얼 번역, 유통 사인 소스 넥스트의 어설픈 마케팅도 판매 부진의 원인으로 지적되고 있다."
441,"가장 치명적인 점으로, 일본어 버전은 업 데이트 패 치가 진행된 적이 없어 1.0 버전으로 고정되어 있고, 브루드 워는 현지 화판이 출시되지 않았기 때문에 확장 팩으로 업그레이드 할 수 없었다."
442,[97] 배틀 넷도 일본 버전을 쓰는 유저들 끼리만 매칭이 되다 보니 일본 유저들은 고통스러워 했다.
443,"참고로, 같은 회사에서 발매한 또 다른 걸작인 디아블로 2와 워크 래프트 3마저 [98] 일본에서 대차게 말아먹은 뒤로 월드 오브 워크 래프트와 스타 크래프트 2는 일본 현지 화판이 출시되지 않았고, 스퀘어 에 닉스의 디아블로 3, 오버워치의 콘솔 판이 나오기 전까지 블 리 자드에선 일본 공략은 사실상 포기한 상태였다."
444,루 리 웹으로 올라온 일본어 판 패키지 리뷰가 있다.
445,"하스 스톤 이후 정식 발매하지 않은 기존 작품의 확장 팩 (WoW, SC2) 을 제외하면 [99] 모든 작품이 동시 번역되고 있기 때문에 리 마스터 판에서 일본어 역시 공식 지원 발매했다."
446,리 마스터 설정에서 언어를 일본어로 변경하면 언어 팩을 자동 다운로드 후 플레이해 볼 수 있다.
447,"구 오리지널 판과는 별개로 새롭게 번역, 더빙 작업을 했다."
448,"국내에서 가장 인기 있는 게임이었지만, 동시에 지금도 국내에서 가장 많이 까이고 있는 게임이 기도 하다. 이 게임 때문에 다른 게임들이 모조리 빛을 보지 못했다는 주장 때문인데, 적어도 방송상으로는 초창기 인천방송부터 온 겜, 엠 겜 모두 레인 보우 식스 테이크 다운 [100] 부터 컴퍼니 오브 히 어 로즈, 그리고 같은 제작 사의 워크 래프트 3에 이르기 각국의 여러 장르 게임들을 일단 밀어준 다음에 접었다."
449,스타 크래프트 때문에 다른 게임이 상한 게 아니라 다른 게임이 사라져 갈 때 스타 크래프트만 살아남았었다.
450,"실제로 래더게임을 플레이하는 사람은 오래전부터 거의 없었고, 대회나 선수들의 팬 덤이 오래 남았다."
451,그런 만큼 선수 진입이 더 어렵기는 하였다.
452,[101] 스타가 방송에 적합 하다고 우월함을 주장하기에는 전 세계 단위로는 더 성공한 워크 래프트 3가 한국에서는 성공하지 못했다는 거나 FPS 리그가 더 활성화되어 있다는 점을 설명하지 못한다.
453,때문에 이 게임은 이 게임을 싫어하는 사람들에게 사골이라고 불리고 있다.
454,딱 히 싫어하지 않는 사람들도 우려먹는다고
455,"까는 일은 많긴 하다. 보통 게임 하나로 3~4 년 가면 오래 간다고 하는 마당에 15년 넘게 우려먹었고, 2019년부터 는 아프리카 TV를 통한 스폰 빵 및 양산 형 게임 남발 등의 문제로 인하여 시청자 및 프로 게이 머들도 우려를 표하고 있다."
456,그리고 스타 열풍 이후로 스타 외의 RTS 들은 스타와의 비교와 그에 따른 비판을 피해 가기 어려웠다.
457,"문제는 ' 스타와 비슷하면 "" 따라했다"", 다르면 "" 이상하다"" 는 식으로 일부 악성 팬들에 따라 게임 자체가 쉽게 평가 절하를 당하는 일이 발생하기도 했다."
458,심지어는 스타 크래프트의 정식 넘버 링 후속 작마저 똑같은 대우를 받았었다.
459,"스 1 팬 덤의 기반이었던 협회의 선수들이 스 2로의 전향을 끝냈고, 협회 기반의 리그가 안정화된 지금의 시점에선 큰 의미가 없는 일이지만 이는 스타 1 팬 덤과 스타 2 팬 덤 간의 불화에 상당한 영향을 끼쳤다."
460,[102] 스타 크래프트를 잘 모르는 10대나 젊은 층들은 ' 틀 타' 라며 스타 크래프트를 까 기도 한다.
461,"엄밀히 말하면 안 티는 아니겠지만... [103] 스타 크래프트를 까는 경우도 있고 싫어하는 경우, 스타 크래프트를 하는 10 대들에게 안 티적인 면을 가지는 경우도 있다."
462,셧다 운 제가 시행되면 한국 이용자는 연령에 관계없이 스타 크래프트 등을 서비스하는 클래식 배틀 넷에 접속 자체가 불가능하게 될 수 있다.
463,"랍 브라이덴 베커 부사장( 온라인 테크놀로지 부문/ 배틀 넷 총괄) 은 21일( 현지시간), 블 리 즈 컨 2011에서 한국 기자단과 만 나 클래 식 배틀 넷은 오래된 서비스이기 때문에 특정 연령층을 가려 셧다운제를 적용하기에 무리가 있다며 이같이 밝혔다."
464,클래식 배틀 넷은 오래된 코드를 근간으로 하고 10년이 넘은 서버에 새로운 시스템을 갖추는 것은 기술적으로 쉬운 일이 아니라며 자칫 손을 댔다가는 복구할 수 없는 상황도 올 수 있다고
465,강조했다.
466,때문에 자정부터 새벽 6시까지 아예 전체 시스템을 꺼 버릴 수밖에 없단 설명이다.
467,"한국 이용자들이 다른 국가 서버를 이용해 접속하는 것에는, 특정 지역 때문에 전체 서비스에 영향을 주는 것은 옳지 않다며 한국 법은 한국 이용자에게만 해당되도록 조치한다는 생각으로 한국 IP를 차단하는 방법도 고려한다고 했다."
468,"요약하면, 간단한 인증 시스템만을 요구하고 그 시스템 자체가 오래되어 신 시스템 구축이 어려운 구 배틀 넷은 셧다운제에 걸리는 경우에 청소년 대상의 셧다운이 불가능하며, 결국 아예 규제 시간에 한국 유저들을 모두 차단하는 수밖에 없다는 이야기. 블 리 자 드까들은 ' 돈 벌어다 주니 배불렀다', ' 안 한다 하지 마라' 식이지만 사실 블 리 자 드의 한국 매출은 5%밖에 안 되고( 블 리 자 드의 주시장은 북미 다), 스타 크래프트는 사실 신규 판매를 바라보기 어려운 게임이다."
469,게다가 오래된 코드이기 때문에 배틀 넷을 재정비하려면 아예 뜯어고치는 수준이어야 한다는 말도 틀린 말은 아니다.
470,"[104] 어찌 되었건 아직도 많은 유저가 있는, 그리고 그 이상으로 많은 사람들이 이용해 인지도가 높은 게임인 만큼 폐지가 답인 여성가족 부의 셧다 운제 기획 안은 큰 논란에 직면했다."
471,"그런 데 이에 여성가족 부 측에서는 스타 크래프트는 셧다 운제 대상이 아니라고 법안 적용을 철회하면서, 고무줄 규정으로 다시 한 번 비판의 대상이 되었다."
472,"청소년만 규제 대상이 되도록 시스템을 구축하기 어렵다는 블 리 자 드의 의견을 수용한 것은 몰라도( 이 또한 형평성 문제로 일부에서 비판 받기도 한다), 20 ~ 30대 청년과 중 장년층 유저가 많아 규제 대상이 아니라고 입장을 표명한 점은 도대체 무슨 기준으로 집계한 것이냐"
473,는 비판을 받을 수밖에 없었다.1.19
474,패치 부터는 배틀 넷 2.0로 바뀌면서 스타 크래프트 클래식과 리 마스터에 셧다운제가 적용되었다.
475,이는 여전 히 와이 고수 스타 크래프트 갤러리 아프리카 TV 채팅 창에선 그들 만의 이슈가 되고는 한다.
476,"테란 이 역 전할 땐 테란 화력 사기라고 하고, 토스가 역전할 땐 토스 아비 터 사기라고 하고, 저 그가 역전할 땐 뿡뿡 이가 사기라는 등이다."
477,정작 자기 종족은 투덜거리면서 징징댄다.
478,"이들이 진짜 심각한 관 종인 이유는, 스카웃이나 고스트, 디 바우 러 같은 쓰레기 유닛에는 관심이 없으면서, 이미 개 사기 유닛을 상향시켜 달라고 징징거리는 것이다."
479,"벌 쳐는 진동형이니 대형에게 쓰레기며, 마인을 박아야 하므로 시간이 걸린다."
480,"일반형으로 바꿔 주고 마인 한 방에 박게 해 달라 징징. 하이 템플 러는 아군 오 폭이 있고, 아 칸으로 합체하는 시간이 너무 오래 걸리니, 아군 오 폭 없애고 합체 즉발로 해 달라 징징. 디 파일러는 컨슘때문에 소모전에 약하다고"
481,징징. 이들의 특성을 보면 죄다 사기 유닛이 구리다고
482,어 그로를 끈다.
483,당연히 공감은 전혀 되지 않으며 자기와 같은 또라이 부류만 인정한다.
484,사실 이 유닛들의 특성은 장점임에도 약하다고
485,징징거리는 것이다.
486,[105] 마치 1 대 1로 친구와 싸울 때 나에게 권총이 있고 그 외의 조건은 같다고
487,"치면, 이 권총은 사거리가 짧으므로 스나 이 퍼로 바꿔 달라는 논리와 같다."
488,"또 한 여러 가지 이유를 대며 리 페어, SCV의 체력, 베슬, 디 파일러, 하이 템플 러, 아비 터 등도 사기성이 있으며 조정해야 된다고 하기도 하지만, 그런 논리면 다른 종족의 유닛들도 피차 마찬가지이다."
489,물론 베슬의 이레딧으로 인해 저 그의 중후반 공중 조합이 테란 상대로 아예 쓸모가 없어 지는 것은 스타 2 살모사의 기생 폭탄과 비슷하게 조정해야 할 사항이다.
490,"그러나 마찬가지로 하이 템플 러의 사이 오 닉 스톰, 배 틀 크루저와 캐리어 등을 너무 쉽게 무력화하는 아비 터의 스테이 시스 필드, [106] 스치기만 해도 뭉친 공중 유닛들이 걸레 짝이 되는 디 파일러의 플레이 그도 조정해야 한다."
491,그러나 일부 유저들은 이러한 종족 간 차이를 [107] 무시하고 자기가 쓰는 유닛들의 고효율은 당연하다고
492,"하면서 남이 쓰는 디 파일러나 하이 템플 러, 베슬 등은 사기라고 하는 등의 내로 남 불식 언행을 보인다."
493,"이외에도 여러 논쟁들이 관련 유 튜브마다 싸움판이 벌어지지만 대부분 ' 벌 처 마인 3개 말이 됨?', ' 디 파일러 다크 스웜 너무 사기 임' 등의 수준에서 머물러 있는 실정이다."
494,"이에 다른 유저들이나 일부 프로 게이 머들은 이러한 소모성 논쟁에 학을 떼고 언급 자체를 꺼려 하려 하며, 이제 동이 이런 것을 특히 싫어하는 것으로 보인다."
495,"[108] 이외에 송병 구, 김윤중 등의 몇몇 프로 게이 머들이 테 사기 등의 논란을 키웠다는 비판을 받고 있으며, 이 영호처럼 적극적으로 반발하는 쪽도 내로 남 불식 언행이나 무작정 자기 의견을 밀어붙이는 등의 태도가 비판을 받고 있다."
496,"결국 해당 논란으로 인해 김성 현이 김 정우에게 패한 후, 시청자의 ' 테란이니깐 정의 구현' 의 뉘앙스의 얘기를 보고 눈물을 흘리는 사건까지 발생하였다."
497,"이후 송병 구, 염 보성 등이 그간 발언에 대한 해명방송을 올렸고, 이 사건을 기점으로 주요 프로 게이 머들의 종족 밸런스 언급은 상당히 신중 해지거나 줄어든 편이다."
498,"[109] 유저들도 이에 프로 게이 머의 노력을 폄하하려는 식의 비난이 어느 정도 줄기는 했지만, 여전히 유저들 간의 밸런스 논란이나 앙금은 사라지지 않고 있는 상태이다."
499,아래는 이와 관련해서 몇몇 자주 보이는 논리(?) 들이다.
500,과거 몇몇 프로 게이 머들의 성적이 가장 좋으니 지금도 그 종족이 가장 사기다?
501,' 어떤 이들은 언제나 5년 전이나 10년 전 성적표를 들고 오고 여전 히 밸런스가 맞지 않는다고
502,주장한다.
503,스타 1이 10년 넘게 밸런스 패 치가 없는 게임인 것은 맞지만 사용한 전략은 시대마다 변해 왔으며 사용한 맵도 조금씩 변화해 왔는데 10년 전 성적까지 퉁 쳐 놓고 ' 테란 과 프로 토스의 상성관계가 가장 약하다' 식의 주장을 하는 구시대적 사람들이 상당히 많다.
504,"그 성적과 기록이 의미가 없는 것은 아니지만, 롤이나 오버워치도 1년도 훨씬 전의 챔피언이나 영웅의 성적을 보고 상향하거나 하향하지는 않듯이 스타 크래프트도 마찬가지로 현재 쓰이는 맵과 전략을 기준으로 상하 향을 하는 것이 옳다."
505,[110] 그러나 일부 유저들은 주 구장 창 시대에 맞지 않는 기록들을 들고 오고 이 종족은 사기며 다른 종족은 약하느니 같은 소리를 하면서 분쟁을 키운다.
506,"2018년 7월 ~8 월까지의 래더 통계를 보면, E 등급에서는 프로 토스가 유리하며 프로들이 주로 서식하는 S 등급에서는 테란이 유리하다."
507,그리고 나머지 구간에서는 저 그의 승률이 가장 높다.
508,"그리고 통계를 잘 살펴보면 이들의 승률이 50에서 2% 이상 격차가 나는 경우는 저 랭크에서의 테란 과 E의 프로 토스, C~B에서의 저 그를 제외하면 존재하지 않는다."
509,이것만 봐도 스타 크래프트는 밸런스가 완전히 맞는다고
510,"할 수는 없어도 크게 붕괴된 게임은 절대로 아닌데, 이런 기록은 절대로 들고 오지 않는다."
511,"후술하겠지만 스타 크래프트가 밸런스 패 치가 필요없는 게임은 절대로 아니며, 몇몇 유닛들의 상하 향과 개편을 하는 것은 필요하긴 하다. 하지만 말 같지도 않은 논리로 유저들 간의 불화를 키우는 것은 지양하도록 하자 .2019 년 3월 6일, 유 튜브에 한 동영상이 올라왔는데 그것은 김대중, 노무현, 문 재인 대통령의 이름을 방제로 설정할 수 없다는 것이었다."
512,"실제로 실험을 해 본 결과, 역대 대통령의 이름은 다 가능했지만 [111] 저 세 대통령 이름만 차단됐던 것. 이 동영상이 퍼지자 유저들은 이게 독재고 검열이지 뭐 나며 들고 일어났고 이후 블 리 자 드는 해명 글을 올리며 해제하겠다고"
513,"발표, 이후 가능하게 바뀌었다."
514,근데도 의심은 사그라들지 않는 게 누가 신고를 했는지도 의심스러운 데다
515,"리 마스터 패치 이후 근 2년 동안 현 정권에 대해 비판적인 방제와 채팅이 나돌던 스타 판을 검열하려 시도했다는 점 [112], https 차단 논란과 시기가 비슷하다는 점에서 유저들의 의구심이 증폭되어 있는 상황이다."
516,종족 사기 논란과는 별개로 밸런스 패치에 대한 필요성이 언급되고 있다.
517,2001년 1.08 마지막 밸런스 패치 이후 더 이상 밸런스 조정 패 치를 하지 않으면서 게임 내부적인 역동성이 떨어져 고인물 게임이 돼 가고 있는 것은 사실이다.
518,흑운 장을 비롯한 몇몇 프로 게이 머 출신 BJ 들도 스타 1의 밸런스 패치 필요성을 언급하고 있다.
519,"어느 한 종족을 상향, 하향하여 엿 먹이는 방식이 아니라 껌 밟기 [113] [114] 와 같이 게임에 큰 영향을 주는 버그와 유저에게 불편한 인터페이스 등을 대대적으로 손을 대고 스카웃과 같이 쓸 수 없는 수준의 유닛과 고스트, 가 디 언 등의 고 비용 초 저효율 유닛을 중심으로 상향과 하향을 하면서 새로운 밸런스를 찾아야 게임 수명을 늘릴 수 있다는 것이다."
520,"에이지 오브 엠파이어 2와 워크 래프트 3가 좋은 예로, 에이지 오브 엠파이어 2는 유저 모드였던 포가 튼 을 공식 확장 팩으로 받아들이는 파격적인 결정과 함께 꾸준한 확장 팩과 HD와 함께 UI 개선이 이루어지면서 다시 흥행하게 되었고, 워크 래프트 3도 리 포 지드 발매 이전에 밸런스 패 치를 적극적으로 하면서 다시 흥행하기 시작했다."
521,"지속적으로 적당한 필 수패치를 해 줬음에도 망하는 게임은 종종 있지만, 필요한 패치를 수혈 받지 않고도 살아남는 게임은 극히 드문데, 스타 크래프트가 그 극히 드문 사례였다가 이제는 진짜로 망해 가고 있기 때문에 지금에서야 문제가 되고 있는 것. 다만 패치 문제에 대해서는 배틀 넷 서버 관리도 제대로 안하는 블 리 자 드가 밸런스 패 치를 한다고 해도 얼마나 성심성의껏 해 줄 것인 지에 대해서 의문을 품는 사람이 많아서 그냥 이대로 냅두자는 의견도 많다."
522,누가 거짓말의 블 리 자드 아니 랄 까 봐 공인했던 것 들이 여태까지 하나도 안 지켜 지고 있다.
523,대표적으로 클 랜 시스템이나 팀 플 래더의 경우 리 마스터를 출시하면서 도입하겠다고
524,약속했지만 2019년이 다 지나가는 지금 시점에서 출시될 소식 조차도 안 보인다.2020
525,년 중반기로 넘어가는 지금도 역시나 팀 플 래더 시스템이나 클 랜 시스템은 도입되지 않고 있다.
526,거기 다가 도대체 패치를 어떻게 했는지는 몰라도 2019년 11월 현재 어지간한 AAA 급 게임이 최고 사양으로 돌아가는 컴퓨터에서 조차 렉이 걸려서 게임을 못 할 수준이다.
527,"서버 관리도 개판이지만 게임 자체가 훨씬 문제가 큰 것이, 작업 관리자에 들어 가보면 같은 프로세스가 수 십개(...) 가 켜져서 CPU와 메모리를 다 잡아먹고 있다든 가 한다."
528,이게 이번 한 번만 일어난 일도 아니고 간헐적으로 반복되는 문제인데 일부러 그러는 것이 아닌지 의심이 될 지경이다.
529,또 한 출시하기 전에 기존 구매자들에 대한 보상이 있다고
530,"하였으나 2020년 5월 중순까지 도 보상이 없으며, 출시하면서 아예 공식 홈페이지에서 관련 문구가 감쪽같이 사라진 것으로 보아 기대하지 않는 것이 좋을 듯. 블 리 자 드가 자 주하는 거짓 홍보 중 하나로 보인다."
531,핵 프로그램을 사용하는 유저들을 제대로 잡지도 못하며 관리도 잘 하지 않는 것 같을 때가 종종 있다.
532,오죽하면 유저들이 원 순철을 블리자드에 입사시키라며 호소 중이다.
533,전 프로 게이 머인 흑운 장 이 성은에 의해 스타 크래프트의 수많은 버그들이 밝혀지고 있다.
534,"[115 ]2020 년 10월 16일, 후속 작인 스타 크래프트 2가 유료 컨텐츠 지원 중단이 발표되었는데 [116], 스타 1에도 영향이 갈 지 미지수. 다만 영향이 안 가도 애초에 지금 한다 했던 것도 안하는 판국이라.... 스타 크래프트 시리즈/ 스토리 문서 참고. 끝없는 전쟁조합 전쟁 (2485. ~2489.) 차 우 사라 전투 (2499. 11. ~12. 08.) 대전쟁 (2499. 12. 08. ~2500. 06.) 종족 전쟁 (2500. 07. ~10. )2 차 대전쟁 (2504. 10. ~2505. 04.) 코프 룰루 구역 샤쿠 라 스탈 레 마트 로스 아이어 안 티오 크제 루스 지구간 트 리스 VI 다 누스 VII 맵을 고르고 Melee, Free For All, Use Map Settings 가운데에 하나를 골라 게임을 할 수 있다."
535,아래 문단에 있는 여러 모드를 즐기려면 멀 티 플레이인 배 틀 넷으로 가거나 UDP 등으로 들어가서 방을 만들면 된다.
536,"섬멸전 (Melee) [22]: 가장 일반적인 타입. 일단 아무 종족이나 선택하고 시작하면 기지 건물 1동과 일꾼 4 기( 저 그는 오버 로드 1기 추가), 미네랄 50으로 시작한다."
537,싱글 플레이와 멀티 플레이 상관없이 컴퓨터를 둘 이상 선택하면 컴퓨터끼리 동맹이 맺어 진다.
538,개별 전투 (Free For All): 기본적으로는 밀리
539,와 같지만 동맹을 맺지 못하여 컴퓨터끼리도 서로 동맹을 맺지 않고 싸우는 게 차이점이다.
540,"쉽게 말해, 모든 플레이어가 자신이 아니면 모두 적인 모드인 셈이다."
541,"유 즈맵 설정 [23] (Use Map Settings): 말 그대로 맵에서 추가로 설정한 유닛, 트리거에 맞춰서 플레이한다."
542,이를 이용하는 맵을 ' 유 즈맵' 이라고 한다.
543,"/ 인공지능 문서 참고. 골 탱 테란 대나무류 조이기 FD 테란 더블 커맨드 레이트 메카닉 메카닉 테란 발리 앗 바이 오 닉 테란 발리 오 닉 바 카 닉 테란 벙커 링 안 티 캐리 어업 테란 우주 방어 SK 테란 8 배 럭 투스타 레이스 4 드론 5 드론 6 드론 9 드론 9 오버 풀 12 드론 노 스포닝 풀 3 해처리 목동 저그 - 소 울 류 저 그 앞마당 3 해처리 운영 3 해처리 히드라 3 센치 드랍 5 해처리 히드라 레어 삼지창 저 글 링 러 커 히드라 러 커 연탄 조이기 뮤 탈 짤짤이 폭탄 드랍 미친 저 그러 커 겹치기 스탑 러 커 더블 넥서스 리 버 캐리어원게이트옵드라전진 게이트 하드 코어 질 럿 캐논 러 쉬 커 세어 다 템 커 세어 리 버드 라 템 드라 군 리버 용 새류 공 발 업 질 럿 러 쉬 도망자 토스 아드 라 매너 파일 런 막 나온 오리지널 중기, 즉 1998년만 해도 의외로 이 게임이 대중적으로 언급되거나 어쩌진 않았지만 게이 머들 사이에서는 곧바로 화두로 떠오르며 각종 PC 통신의 PC 게임 관련 게시판, 동호회라면 하루가 멀다 하고 스타 크래프트 전략 전술 분석 글, 싱글 플레이 캠페인 번역 글, 스토리 토론 등 다양한 글들이 쇄도하고 있었다."
544,PC 통신에 유머에서도 스타 크래프트 효과로 스타 크래프트를 주제로 한 유머들이 많이 올라왔다.
545,오프라인에서는 당시 청소년들이 길거리나 대중교통에서 스타 크래프트 관련 이야기를 하는 모습들도 엿들을 수 있었다.
546,그러나 기성 대중매체에서는 처음부터 긍정적으로 바라본 것은 아니다.
547,"원래 이 게임은 연소자 관람 불가( 연불) [91] 등급을 받고 나왔는데, 인기가 생각보다 많아 지자 이 연불등급을 빌미로 삼아서 연불등급 게임이 PC 방에 유포된다면서 당시 기성언론의 게임 때리기에 상당한 해를 입기도 했다."
548,연불등급을 받은 문제의 인 게임 FMV 동영상 중 일부 장면 등을 삭제하고 재조정한 틴 버전이 나온 때 까지는 그러했다.
549,"물론 그때 인기가 그딴 건 가볍게 씹어 먹을 정도였지만 그러다 틴 버전도 제법 풀리고 브루드 워가 나오려고 한 때쯤 (1998 년 연말연시 )에 청소년 대중의 트렌드를 파악한 몇몇 제과업체들에서는 스타 크래프트를 간접적으로 인용한 음료수, 과자 등을 내놓기도 했고, 마케팅에 스타 크래프트를 활용하기도 하였다."
550,대표적인 제품이 ' 고 딩' 이라는 스낵과 ' 초코 팝스' 라는 아이스크림이다.
551,[92] 나중에는 블리자드와 캐릭터 라이선스를 맺어서 직접적으로 스타 크래프트 캐릭터 판권을 사용한 음료와 과자도 나왔다.
552,"당시 제일제당의 스타 크래프트 음료와 오리온의 스타 크래프트 과자가 대표적인 예. 오리온 스타 크래프트 과자 브루드 워 출시 직후 비슷한 시기, 즉 99년 상반기쯤에 등급문제도 어느 정도 해결되었다."
553,이 때쯤에 기성 미디어 가운데 일부도 스타 크래프트 현상을 살짝 차용하는 모습을 보여주기 시작하였다.
554,"한 예로, 컬 투( 당시 컬트 트리플 )를 섭외한 99년도의 한 버라 이어 티 프로그램에서 컬 투가 하는 개그 가운데에 스타 크래프트 드립이 꽤나 비중 있게 다루어 지기도 하였다."
555,"[93] 한국통신의 Kornet 광고로도 이때의 향수(? )를 찾아볼 수 있는데, 뜬금없이 광고에 의무관, 전투 순양함, 인 게임 동영상이 나오거나 쌈 장으로 유명했던 이기 석을 광고 모델로 사용하기도 했다."
556,당시에 KTF에서는 자사 n016 CF에 테란 유닛 메딕을 등장 시 키도 했다.
557,반응이 상당히 좋던
558,CF 이지만 얼마 못가 라이선스 사용 문제가 걸려 다른 캐릭터로 교체해야 했다고
559,한다.
560,유 승호의 순수했던 어린 시절 모습도 감상할 수 있다.
561,"스타 크래프트 메 딕 등장 n016 CF 신주 영, 임 영수의 이름을 건 스타 크래프트 팬 픽 소설이 출판되기도 했다."
562,"또, 다른 팬픽으로는 ' 머린의 꿈 '이란 소설이 국내에서 유명했고, 아예 고유 명사들을 차용한 별개 설정의 스페이스 오페라 소설( 스타 크래프트 저 그전) 이 출간되기도 했다."
563,"그 밖에 스타 크래프트의 이름을 건 유머 집이 나오기도 했고, 강 건 마가 레이 너로 나오는 괴이함으로 유명한 스타 크래프트( 김 성모) 만화도 있었다."
564,그리고 2000년에는 스타 크래프트 OST vol.1 이 나왔다.
565,이름에 'OST '를 달고 나온 것이 긴 하지만 대부분의 트랙이 사실상 이미지 사운드 트랙에 가까운 것이다.
566,"즉, 트리뷰트에 가까운 창 작곡들이 대부분인 셈. 주로 창작 곡들은 외부 가수들을 기용했는데, 참여한 가수들 사이에는 신해 철, 노바 소 닉, 허니 패밀리가 유명한 편이었지만 그 밖에는 작곡진 가운데에 남궁 연이 참여했다 든가, [94] 당시에 갓 결성된 긱스 같은 생소한 밴드, 아티스트들도 있었다."
567,마지막 트랙에는 브루드 워 FMV에 BGM으로 쓰인 그 유명한 브루드 워 아리아의 원곡과 테란 BGM의 하나가 수록되었다.
568,해 당 사운드 트랙이 vol.1 인 걸로 봐서 후속 앨범도 나온다고 추정되었지만 결국 vol.1에서 프로젝트는 끝나고 말았다.
569,그리고 스타 크래프트가 한창 인기를 끈 때에 재수생 비율이 엄청 많았다고
570,"하고 [95], 대학생들의 학 고도 난무했다."
571,"그 분도 고 3 때 스타에 빠져서 재수를 하게 되었고, 재수생 시절에도 스타만 하다가 결국 전설이 되었다고"
572,한다.
573,# 또 90년대 중반까지만 해도 본드로 대표되는 청소년 탈선 범죄가 문제가 되었으나 스타 크래프트가 흥하면서 그런 문제가 줄어들기 시작했다는 조사결과도 있다.
574,#
