,name,youtube_code
0,바이어스 - BIAS,/channel/UCHs4F4aOgyIJyL7kqx6SlSg
1,KARD,/channel/UC5OwlwvsVmf_lXHguB6OYFw
2,5 분 Tricks,/channel/UC03jtg6Imz882ZCPnB7bZ0w
3,KQ ENTERTAINMENT,/channel/UCQdq-lqPEq_yZ_wP_kuVB9Q
4,파뿌리,/channel/UClzB2iZ5jPoTNz0S-QU6Wiw
5,Squash Clay 쪼물쪼물 클레이,/channel/UCrIDehathksmgNEMwsLEpiQ
6,SUNBA선바,/channel/UCIPSyiBBm9VtWGj-Q7trkKw
7,미션 파서블,/channel/UCQNRHpNDMBUjyaLL61t_4Tg
8,러너꽃빈TV,/channel/UC9JlObZnbOirT4_iyPGrdcw
9,난쟁이성현,/channel/UCQV0Qy_1fqzbHloomT2JHfQ
10,히스토리,/channel/UCRLM0MWS7m8vXzQ_5z2e7fA
11,깨박이,/channel/UC1L79yKbmVepsCYusa4KHLQ
12,레바스튜디오,/channel/UCFqvKeEMGrJfJPEOafy1v4Q
13,Charming Jo 조매력,/channel/UCe_56kQF1IGSZv1_5FWtVDQ
14,신비아파트 공식채널 - Shinbi House,/channel/UCoHsxU1eDWHom6D7Fce6kLA
15,친친모 CarrieFriends,/channel/UC9qPzGYgaNhx8ql4Nl46BBA
16,NICKY니키,/channel/UC2qjHK7wWxzb8mF9lgf7uXQ
17,피식대학Psick Univ,/channel/UCGX5sP4ehBkihHwt5bs5wvg
18,최케빈,/channel/UCyZrIWulP3HTBxuJkh6yBQA
19,H1GHR MUSIC,/channel/UC6TJkBRLMFJ-9c7pXehoZwg
20,아이템의 인벤토리,/channel/UCuh6Br1vzgo1LivYgKvno5Q
21,박병진용사,/channel/UCGMsFBPnR2hcrM0xGoFUL-A
22,앙 작비띠,/channel/UCyT7JoYJl2usoWYhC1lXteQ
23,공구왕황부장,/channel/UCd1IveTHngTF8ZyQ9f6uchw
24,승우아빠 일상채널,/channel/UCs1R9zP6rH2GlTNHUI5SBkw
25,권혁 Hulk\'s TV,/channel/UCMY_lKUu8yGZaVsu_9lPIGg
26,사랑아놀자(Let\'s Play SARANG),/channel/UCSmKpwGictx2FI3kUIGFV6A
27,Hbro Jun&Sun,/channel/UC_q-BMON9zV-lscCZr96ymQ
28,엔스Ens,/channel/UC_Aly3X5CdojHdRDGmKi1ow
29,최현우 \'HyunWoo Choi\',/channel/UCirC89qa2jcPemolzoJ3ISQ
30,중력유튜브,/channel/UCyw-SlgJoR9KDaE6TWeYI-A
31,예랑가랑,/channel/UClUE7d0UQ7dhLjK1r6xpG9w
32,지편한세상 [Jeeseokjin World],/channel/UCyuL_XQ-AtzXnpNf_hdmkhw
33,고니두욘몬 Goniduyonmon,/channel/UCNJXpjYQ2BnPtVtUd576KBA
34,트박스 Twitch clips box,/channel/UCGNCf6ibX1HWndVRgiChpqw
35,프로동네야구 PDB,/channel/UC2emKV0kcPDKNl9EtDm4Ubg
36,콕스Illust,/channel/UCbkrEw1LDPvrT3QZRrkVjng
37,엔젤 X 님블뉴런,/channel/UCt5e5QXzt_Ub5azmAk4ozAw
38,파이.D,/channel/UCBZqXn7fw4pMwk9vFYkoDJQ
39,레드셀,/channel/UCx_K2BXC77kan9PcQCkLZDQ
40,로건씨유튜브,/channel/UCP-m9LlOGk9nVQRug61Exqw
41,하루아루 TV Haruaru TV,/channel/UCBcFgDKnfyw8GjcHw90MlXA
42,Kidmo Youtube,/channel/UCHlGHkavypqZv2QFEcIi4dA
43,T-VIRUS Films (티바이러스),/channel/UCc18Y_SQL76W6g7Er7zq8fQ
44,공원소녀 GWSN OFFICIAL,/channel/UCUT58qBbE4Y3Y4FClOJOfrg
45,주식왕용느,/channel/UCbHN1sTuPySKpnqKSp0JHRQ
46,원원OneOne,/channel/UCAf05GhLBulApH8Nh0hvLKw
47,바이트 초이카 - BITE CHOICAR OFFICIAL,/channel/UC1j6nb2iknMNZAOgel2OIAA
48,하나나,/channel/UCi3BnqSK4DPzRj8szUeLIQA
49,내일은 투자왕 - 김단테,/channel/UCKTMvIu9a4VGSrpWy-8bUrQ
50,오픽노잼 opicnojam,/channel/UCw4izi2fsJzFltt3EbmokWA
51,슈뻘맨 [슈퍼 뻘짓 도전기],/channel/UCXZx953K0FgkT3H2FaFAcew
52,Fresh토마토,/channel/UCoBw6khRoeei_tgSBueVUXw
53,룬레이,/channel/UC4lGmolw8WHeUTlt9JVKXPg
54,샤를TV,/channel/UCXK_itQ6_JKltErZW_sQojQ
55,도넘스_DONUMS,/channel/UClSMggjRGUWf-_h18DHBITw
56,JeongWon TV,/channel/UCu07k1hkdNzxLR2uc2-nYVQ
57,단아냥,/channel/UCApbvGOzUHex_xBkX6TFo5g
58,달동네꽃비와 클레이,/channel/UCaCZSrBILC5F__sIIUYgtVw
59,배틀그라운드 – PLAYERUNKNOWN\'S BATTLEGROUNDS,/channel/UCms8Ge7H1ZGgw6nV94fUhUQ
60,GHOST9 Official,/channel/UCwBsVtDcTVG4QCorkVNJ5Sg
61,레인보우티비 Rainbow TV,/channel/UCGGPa08De2KNGSaiPPokePA
62,김맹디,/channel/UCi0y-H1q4ZLPaLQ7OrEI_dw
63,마플의 잡다한채널,/channel/UCvUKUkIM67eWFbQemjj2-eA
64,달밤에체조,/channel/UC8bT2KrnINV9UJazJtSmbLw
65,홍성오빠 hongseongobba,/channel/UCgiYYA1R_LAZ0lUXfKoaTwg
66,Monsterunion Studio,/channel/UCHVsFjUcyCCm--p0HFzxWuQ
67,DWGKIA,/channel/UCepHesz_5Lwr7qRaqjB-p1A
68,어퍼컷Tube,/channel/UCuK80YHBZyyKrr2B1oHrgrw
69,\'B\' Story,/channel/UC-2uQeZQoX6OJwZ5mswZReA
70,메로니,/channel/UC3tQqZv4OoVITcSAIYkopBw
71,"포켓몬 공식 채널 Pokémon Korea, Inc.",/channel/UCAhmOb9JWkI2HV_KIe9X_3A
72,백앤아-남매튜브,/channel/UCVwkFKZl7v3V02JR8gLlUyw
73,멋진기영TV,/channel/UCl8OVxF0iHY3uFEgXz9w00g
74,최마태의 노잼일기장,/channel/UCV2A-3c6QjeeEsKUsmclOGg
75,선바 스트리밍 다시보기,/channel/UCave0SyDDkDTMoqql8UlBqQ
76,ScuD・쁘르로세,/channel/UCs5Qp6yaCnsUGwqegqTEPKQ
77,최홍자,/channel/UCZoVr9E5YFDAsnefuA_rrhw
78,챌린저 미드김홍주,/channel/UCfL7Vob_QbS2c_QrP-KAjdw
79,111%,/channel/UCSKvHQ-fuH-LLFzeCH7zt6A
80,염보성TV,/channel/UCcazXPmL0XAsaScA-kq-Akg
81,ZEPETO,/channel/UCaQxLel1aN3NFozl3gl-i4Q
82,VR udon,/channel/UCoqtgDWFJ7vAZmEKnXXGDcw
83,BUCKET STUDIO,/channel/UCRG64darCZhbsnsZCEiY2kQ
84,구구랜드,/channel/UCl5M8bem6rnqWesXuH2irWQ
85,동룡쓰,/channel/UCwrxqmeyN40HHBsXtiPyFrg
86,샤코타임,/channel/UCAkCZHtQdPWvbwaP1KJBjvA
87,노멀슈트,/channel/UCOGPI1FhzQOZM7bGb5IzM6Q
88,문월 유튜브,/channel/UCtp1okjd3xQAhPNY8Wgt_Fg
89,DRIPPIN,/channel/UCNf1JFLCOec-SUhREgZaR6w
90,CircusJhin・서커스진,/channel/UCH-Nxs1bVd4NT-k5W-XtTLw
91,유성,/channel/UCWVCESey93cvp8xs0aP6TBQ
92,단즈,/channel/UC_obLLzEBMtW0CeVsDG5b5Q
93,콘파쿠,/channel/UCaJPKdBO9MVvbBuDBq92eiA
94,나초,/channel/UCqjUPx-UAFHVvthd71bY7_g
95,메밀묵도리,/channel/UCeUz8t-modXjYN12Pv4j54A
96,DAERISOFT,/channel/UCp3trBfJcSUl6yjSI13-SPA
97,견뭉,/channel/UCKC4R6B8bTLIKH1V9PyD7Iw
98,신동이,/channel/UCpDxgaliSzSm-XupR36lErA
99,와꾸대장봉준 풀영상,/channel/UCP-KRZsIkIqww2jIdrciu2g
100,성민TV,/channel/UCHe08MV-b1IWnsqRijJj5JQ
101,ZUNBA,/channel/UCp3llTlSHdNNOsGJrj74JAw
102,파워나갔다,/channel/UCAlSU6hZSCvad9uY_jgqtBQ
103,레고77,/channel/UCw9fP0nSoUygLDmvV1GdAZw
104,대암씨,/channel/UCsxQaGNIhosDp5nltTepTQg
105,BMAE・브매,/channel/UCO-NbvyKEB37vpqP3NPebgA
106,TV파동,/channel/UCwfbSsZ7_sccxcibe60mWlQ
107,시연은애교용,/channel/UCeOMXtIby2Q7zEshYudsnRw
108,기무띠\'s 게임비디오,/channel/UCQ_lPE1mGPdrXgyGZnIEoMw
109,라모스TV RAMOSE,/channel/UCos3GN2gX0wLcfuhOAiMotQ
110,피넛TV,/channel/UCSRkC3h5WHvDFjE7uJ2zjIg
111,치킨쿤,/channel/UCD4PvWa8T2SpKo3Ml6KUpKg
112,칸나 CANNA,/channel/UCsXtWaTkFV9QUGuGZK-uxZA
113,/YEONYU연유,/channel/UC0RFuGLQPD6Vi51KMtU_ERA
114,도읍지,/channel/UCoovEJW0dyTWwHiblWDWvyQ
115,김비모,/channel/UCEEJLal6rPsZiM4daI1Uh8Q
116,무한검색채널,/channel/UCwAHRDxZXglVK48lOrGGArw
117,PlayStation Korea,/channel/UCZpjPApClr0g-CPt7-qktdw
118,탬탬버린 다시보기,/channel/UCTYNOog4xiq-rs2EaSmTnJw
119,신유야 / Yuya Shin 【NIJISANJI KR】,/channel/UCjGE11ZnF0JSR8egVAwh-3A
120,눈보라 / Bora Nun 【NIJISANJI KR】,/channel/UC1ZV7KBscK0EMoJKFu1DnDg
121,겜톡톡,/channel/UCHPSU645tRgYTpwMoL5b48g
122,쌍디TV,/channel/UCLa78xPPA3_q0MVGMnLbLAw
123,이재석,/channel/UCKiCT33Gmj3mlJ5xh-9ZUqw
124,긴착맨,/channel/UCC1LvVTX2ySKYjeIXkAtvsQ
125,그랑사가 - GRAN SAGA,/channel/UCeRR7LWLPt5j6ZxrhoulW2A
126,홍진호 구독두번은ᅩ,/channel/UCmsXCfQoKp5DcW8J9dMWnNQ
127,조마문,/channel/UC-FxGo3AYFpRxp6ZfSG68fA
128,양노을,/channel/UCtkfOeIQMGxTmp_lPkrNoLw
129,필대로TV,/channel/UCYq2LlmZoQyZEF5aX9ktyvQ
130,HJ Beyblader,/channel/UCD6eRCZSbJoLjkX0_NCn_XA
131,안소 YouTube,/channel/UCiQkevIy_kewpN_BKlubIRw
132,심해킹,/channel/UCN0CwoArM8_Lie4jgU6IHww
133,Goggles VR,/channel/UCjjNhUGNW7pgCE7o0ykjH0w
134,무한루프,/channel/UCuWPBHOUVyvYdjnKMKa2GQg
135,지혜로운지혜 [WiseJihye Official],/channel/UCAx833r9FQSPQ-i7Rl3mO7w
136,혜자 유튜버 골간,/channel/UCab91-2g_U7Sp57WnOfOYzA
137,스낵넛 SNACKNUT,/channel/UCCUMNoU8NdfMR0ahER_nQTg
138,시엘,/channel/UCefUNEmG0FTsvM1qjasy5Hw
139,쿄내KYONAE,/channel/UCeMgZ-xi9oCYYf2AHiGEKWQ
140,남도형의 블루클럽,/channel/UCwGS2W6UD4dJJU4IK2wyxvw
141,신짱TV,/channel/UC3hcAZl1KsoeGk8lKLIhXVw
142,싸2코,/channel/UCGPG74MxMgqQW-CQ9GXgCgw
143,라오유튜브,/channel/UCZbYYvm2uX-iqwZH0oXp-MQ
144,방송천재까루 KKARU,/channel/UCbjqW1Qbqa4yBdilK6hdgUw
145,화려한팀,/channel/UCGVyrK9Yf9AlkY2_gki0qPA
146,스토리픽_Day7,/channel/UC666MxZ7NJxiwXPkgSXw2Ww
147,YouTube가그,/channel/UCru6z0Jgh40ph7pRATzsvlA
148,Jegalyang ★ PD제갈량 [Games & Gaming Channel],/channel/UCNFohBYBPwTOZi8TC8GauGQ
149,[꿈토이] DreamToy TV,/channel/UCXKwn7RGh9ASaHERiSkQorg
150,카라멜YouTube,/channel/UCiiCuj4h6nkjYIjtimj2N-g
151,멘파,/channel/UC0-ZCUCeCQBwKU15x0Aqk_g
152,여왕럭스,/channel/UCK42N3MyEcUFkV74Em6jRkg
153,뚜뚜형,/channel/UCrfaDYarnkEixoyjshPgGDw
154,토끼예나 [RABBIT],/channel/UCyTB7UO3_yENs4iuNw7yMLA
155,ZED99 / 율천고 최현우,/channel/UCDvxB8XY9DOwYz1AI7B1PUA
156,꽃감이,/channel/UCIiAsSxd21ZGabut95VYYgw
157,El Señor Coreano,/channel/UChMGOfekNcXnS7Sg2GaUT-g
158,롤에낀선바,/channel/UCh9hXvYF58wJYdWCKNO2zzw
159,씨맥 official cvMax,/channel/UCqX4HxMPVdAsvfd9BC-C2wQ
160,모모88,/channel/UCyWg54QRROqMILZKM-fnzMA
161,Zero\'s Story,/channel/UCrUbHX9XbYXXaLWiwmWnAaQ
162,주민이야기,/channel/UCZpoKUPSHL0Uk6yrj9EK-qA
163,핑좀빈,/channel/UCYq1Y2pF1vsTKIzgLCaGGHw
164,스트리머 사또,/channel/UCnXe6v0-5vmMMRU2qx0XwUw
165,Neko Mikuri 寝込みくり,/channel/UCZohBcP4HL5UxV4xwY_81YA
166,허언 빽형,/channel/UCpyGTGQHIu6rK4gcGckK1jg
167,철갑상어탄,/channel/UCHXhFmex5EkUy-fP2IMQ_Ug
168,춘식이형,/channel/UCPCXGHR52Ricjza0rD012tQ
169,kisil키실,/channel/UCP6nknPRJcKi06plf7iORIg
170,배돈 TV,/channel/UChHxLcNi7e0zu-e33HM6v6A
171,이선생,/channel/UC0TMdsyB2cpzDQ9BqdZjs4Q
172,오치,/channel/UCB53jDRklGVXGlKALbXbTfQ
173,게임도리,/channel/UCDBniJtWmmDbGiJ68UbBrUw
174,게임플레이창조자,/channel/UCMyL_QwJ5_S3WVfppuIlGig
175,루밍쨩,/channel/UC87Oy6TlIoVfC66RtQfFMmw
176,피유TV,/channel/UCcKITUR4mDL0BSugm4nn66w
177,고요 Goyo,/channel/UCac_cr3_26_MVb1oxK6nEWw
178,YouTube늑,/channel/UCK7pQNS5M4DgezqV70fa2RQ
179,철면수심,/channel/UCy-H-BPCHctNmUb80MeapvQ
180,우주최강올라프,/channel/UC1l5wmXjrQ1COW8_kDtNtiQ
181,태너,/channel/UCvwi9NIHauxkyLsvODFpAbA
182,한국e스포츠협회,/channel/UC6YqXiwCBfPvPTs3wXgWElQ
183,겜박이GAMEBAK-E,/channel/UCEgu9F9TGQomPqrBvX6YZlQ
184,FTV Korea Fishing Channel,/channel/UCwSVFgykq2a4JpvJ9eiKU5A
185,쓰리컨드,/channel/UCHysRIIDpEywTmWl44ZV5Dw
186,금시르 Goldsirr,/channel/UCHMlEKuKFVVcGQ5hVRtMnlw
187,6번 배달부의 일류전문번역장,/channel/UChEfGSLA7O38fm9Jg7XP2pA
188,자빱TV,/channel/UCwT_iMjmRsnAitwgpaR1Tqw
189,쵸튜브[쵸피],/channel/UCEqnhWFiZV-ziHD909994gQ
190,춘자 YouTube,/channel/UCaBVyqfA5t5scUMwMGl7u7Q
191,에엑샤,/channel/UCCuCNgeQwxSMlZMQwKJ93kA
192,원신,/channel/UCcum1rCJ5GJeQ_xv0xrohqg
193,BloodMoon LOL,/channel/UCLo0v4O27Ew-eihkbbKFzLA
194,박김례,/channel/UCS5OzRgYPzc_bfveKFc4mNw
195,오뀨 튜브,/channel/UCOsmDCmvMza4TZKuOh4ERxw
196,옥냥이 흑역사,/channel/UCyQu1cbj1p3ivrO1dIFGt8Q
197,현튜브,/channel/UCsBoEjaEkHSrrOxPmmcxnOQ
198,Yellow skull TV,/channel/UCF5ISWf4XHlsmxNUX2p3HEA
199,오버워치 리그,/channel/UCLGDwdJU3TQF34JgVAlvwBw
200,송병구TV [Stork],/channel/UCns4Qg50SKaylIG1cErmvng
201,예순Games,/channel/UC2RP9LCRt8AkMZAgujPkRjg
202,맛나는꼬꼬,/channel/UCSTuWSKBNOqLHr7JsJ7smLw
203,똥그랩,/channel/UCpVDCL18eGUOjfmoV81mTpg
204,세아 스토리,/channel/UCKg3SYrZl5zskG5fkexUPCQ
205,세정TV마음공부,/channel/UCsPTKncTjDuse7gVizNb4XQ
206,lastburn라스트번,/channel/UCvY2B6jpEsJlIuzrYwilscA
207,덕개,/channel/UCGaI808OOBEe_iigKPKOtrw
208,쌈밥TV SSAMBOB,/channel/UCaHIZAKows704_gk6bjdAog
209,석티비,/channel/UCzzQvh7GqJ7xoylpuU15VaA
210,방구석게이머,/channel/UCpWJleg533gMjhNaDQUoxEA
211,만기퇴소,/channel/UCv7S6FG3Ne2drrlUHUgqo0w
212,블랙워크,/channel/UCvPDPTxTLitVEyGu4Xt6m8g
213,Shopping Suda,/channel/UC0SAH5eWSVii_bWZ_SZH9mA
214,오킹의 생방송,/channel/UCnVu56UaRv_s_xheV30IhZw
215,Jin Kong,/channel/UC-hOJMm8FwV4OXiFy1Rx3bw
216,세팅 TV,/channel/UCS0d-9XOnwieMvuW4Sr7J4Q
217,EVRABON 4,/channel/UCTKI_4MUfLRSfyAO5Ho90NQ
218,도개,/channel/UCo6ImobU2AMzNYBcQsKOMow
219,FULL월량,/channel/UClehlsPFO8glBwN1S1Bxsdw
220,덱스101,/channel/UC69Z5Vd-Z6bdCC5LKM_lv_g
221,파오캐 쩜신TV,/channel/UCKu1-TenGBwScgVpXitPw-g
222,핫스TV,/channel/UCpn9dP1b5BhBsU9SduEz1hA
223,노부기,/channel/UClU_RM3dXeHx3E0sB76K2Yg
224,오드써클,/channel/UCQxnPvlG_6b3gX3y6yR-Glg
225,전투정보실,/channel/UCAU4r-LLb74B5ArOFRVn33w
226,SODAZ,/channel/UCFP8gNKH1Ae5dnz8Ybt_kQg
227,쿠앤크맛,/channel/UCmAoQeG02zTzglSSRLk8oxA
228,한삼변,/channel/UCWi9-9TujEjq6ATV_zyQM0w
229,간애,/channel/UCvYeQJw6peXO2pq_wES-_QQ
230,울부짖는마오카이,/channel/UCLpAVYWw_-P29O6te5j5o1Q
231,Seoul Dynasty,/channel/UCNW1k2aJQewbDuwulTpYxBA
232,보잉수,/channel/UC9o7G47_Q4PMVLy-Lu99NAg
233,쪼선생 JJO TEACHER,/channel/UC7vyTwJjcUdYsVQjiTHcPyg
234,율무아빠,/channel/UCU4xwtQAE3odzc_ywJyDbdQ
235,피오TV,/channel/UCB4YEVYp6LynBpz7bXyZsTg
236,코리R,/channel/UCoA6gyr8M8yqefK-IdVAhOA
237,진격캐넌,/channel/UCmRL_430mSNs-6M6tcGXFCw
238,겜창현,/channel/UCymheuyZLem9B6XEAn0Iflg
239,야또,/channel/UC7SlmDfdUKlP1aPvuNgH8Sw
240,세체뽀,/channel/UCz_7dm5JRPnFWDWY2WW9ldw
241,태산군주 TV,/channel/UCF6XT8vGekOuAAPXVVq2eAw
242,썬샷,/channel/UCMYy7ppz4nKees5-oMR9I_g
243,프리즘 프렌즈,/channel/UCzzNVkayj7CVOHC_moPGakg
244,BEAMS Gaming,/channel/UCj775vJKCKlno8CEXNXGI3A
245,리누(LEENU),/channel/UC7vZy8SKd9beHL4HgH7jpBg
246,플레이성현,/channel/UC_y8p9eD1LwTWcjrZ4RPDIA
247,삐빼,/channel/UCrsWhKQLfeUel3hoWV7qjtw
248,애기야 BabyYa,/channel/UCo-ru2bBn2cp2InlDjt0LDg
249,PINE,/channel/UC0nhCDjyWZ-LZ9Ww0DqpAuA
250,무능한,/channel/UCXQoI3upwKr47JAiVaYkvIw
251,기무기훈tv,/channel/UCRmstH7h-AZpmkBoTa6QoVw
252,맥또마또,/channel/UC6xdZj8KvkNI6a13bEPwh0g
253,123 GO! GOLD Korean,/channel/UClnx4sXvG3g4PRTrQh_M32g
254,쏘핫트,/channel/UCZXWb_78BrkjpsLHv2bJhUw
255,스냅제이 Snap_J,/channel/UCKBKvCiEkixP77C01s9_dWw
256,이도원,/channel/UCWq9wRjQXYC8i486uVLysUA
257,아재민,/channel/UCyInYXFnJQYbXmeAg5VqBxw
258,웅뇨,/channel/UCZXCry2shxVwrFBBq_AAJ3Q
259,철권 JDCR,/channel/UCPlV0OpQMImKviSTWHJEDiQ
260,아진쌤AJINTV,/channel/UClBSO_i7bqfTuRUmaspab-A
261,로나딩,/channel/UCg7ZESiNqxYUeJilJR4_Y1w
262,제황,/channel/UCS6SZIyLWg2G9EOorxGYsPA
263,PD바다,/channel/UCj3a32XzsSysujN9YsdM4DQ
264,민식박,/channel/UCn1i1TTl1qsaIr79-x3mn8g
265,봄수유튜브,/channel/UCVwzpoeLz6-AerQheYkiMlw
266,에이사 asa,/channel/UC1p5kp09LAS3kpQB3O8YQJw
267,열매님,/channel/UCDpBElvX2JQ9CUiYG2tF6Vw
268,쌈용,/channel/UCviD8FRJE2BGUxI8SGOqfLQ
269,잠팅TV,/channel/UCBURkdaseLTZXkoRUmM-zpQ
270,YouTube부스팅,/channel/UCu3YR5D-bMQzO3SfLddBUFA
271,IngBung,/channel/UC2oV7oZzYvTsQuDWH3ubhyQ
272,QUALHOUSE,/channel/UCa-FO73AZUyIhhk75G276uw
273,즐기는 남자들,/channel/UCP1rKrteinsrN5yxtF435EA
274,새우새우,/channel/UCHlQPZM_5xu_3BCa_3cVHVw
275,수담,/channel/UClvWPXZ0UAD-JJZltZrq35w
276,조랭몬 YouTube,/channel/UC4vD5JpdxZRPy1bpRAdjhSA
277,마주,/channel/UCXeXeCn960Hm-y289HCAxkQ
278,OneVIEW,/channel/UCbpbMxAVkptDwH6ybFh8DWQ
279,WDG e스포츠,/channel/UCW3Cd4nva2VYEPfuR9P37jg
280,냥빠의 일상,/channel/UCKeQcMBGOhlMscnho-VqPgQ
281,Gaming_Jo 조매력,/channel/UCmO95HRxmZ_hip_1d2ceH0w
282,모카형,/channel/UCk_QmLS-WIMPrDii6C9s46Q
283,하나리인,/channel/UCLBkS57diiM6xX2nknGRsmg
284,스패즈,/channel/UC7ES2oT45Z0KTI-wadeIH4A
285,신사용,/channel/UC6QJowhz8WHwkKr1KeN7FWg
286,포도네,/channel/UCbFDSHnru84Z0bEIVM8Oesw
287,갱맘TV,/channel/UCOaG8Fw9RMy6Qjz-6Oie0ng
288,Point Blank e-Sports,/channel/UCICRuqy50yNCGIAJez-g8ew
289,오징93,/channel/UCROpSmVtCE0rpuOeTJ6bExQ
290,맛종욱TV,/channel/UCbZpls8xOCRgDMIWKdzUKLg
291,행귤탱귤,/channel/UCMLorQSInusYGtFOKLcOS8g
292,상아리,/channel/UCGFjFGjtqRiAcVxYV036ofA
293,월메TV,/channel/UCyLpBpBkh0LlfVpR4kfATCA
294,시바스,/channel/UCbK6FQgxpjdkF8U1ANYp6rQ
295,리폿,/channel/UCuyUrpyika4VHn0aoH5zNHg
296,프로연우,/channel/UCfC7lLfshm-GGKengvBm_HQ
297,생활인의 시계,/channel/UCaxrxksDrry8yMPWHMdqVrg
298,김데데,/channel/UC-9v2ASxz8f313YpiMF55eg
299,Gen.G esports,/channel/UCDmmbxGg8g-EBkC_ku6vybg
300,한국타잔,/channel/UCjFIJ4rseiFS9PEx08_t4AA
301,스파이럴캣츠spiralcats,/channel/UCcUzg3-0pMZA9LTE3OyKJ2A
302,SIMBA WORLD,/channel/UCJZ5ewZoR0hiD6x-mKbq4rg
303,이경민,/channel/UCNS486DlVIvdRgOxnCQdzmA
304,인간젤리,/channel/UCN8hAr9PSgY94RD6u7rZ_ig
305,Untara,/channel/UCsRiYH-VrZ2mYsohk7GhLdQ
306,김제국,/channel/UCzZwqDA6RSa3KG9HWEmkY4Q
307,실크로,/channel/UCJj2vuQIpFnk5pbTAtCi3yw
308,툭툭,/channel/UCkXLhpUyROkoFx4YsIpJ0Ng
309,SUD Inc.,/channel/UCQQ2lpBcw9S9-fv6g_unNNQ
310,세븐나이츠 TV,/channel/UCRXvWEtribpNT9FB7BVOE-Q
311,38 P,/channel/UCQFYdCsWlIFGhtjPaFxxNRA
312,산초,/channel/UCsPM3IeBczIKLj59xEUYxLA
313,장지,/channel/UCzps05UZ7XpX3SFoFyYIDow
314,Je Hae Gwon,/channel/UC5fN2gdOeABC3LF_-cxb_0A
315,케차,/channel/UCB3q-dSjxm5JkfH7Q8V8_-Q
316,esports KBS,/channel/UC9_093tAK3bXyZfT84efbvg
317,로복,/channel/UC8EmIxemyu_VCeZZXfI5EAQ
318,ˇ포비,/channel/UCBmjePtcl5ooJszgqDBUk2A
319,코마,/channel/UCIigIgtZ65TiGQSmnVJaUCQ
320,저출메이플스토리,/channel/UCyMKH3LOBFE2fBu8WhGWybg
321,Hanwha Life Esports,/channel/UCrfB1-zWijAYkgfZW7Ehc8Q
322,유뚱,/channel/UCRBRpCsghvPxWTSUcvhD-Tw
323,꿀밤이게임리뷰,/channel/UCTt859tDDQLfrId1j6cxejQ
324,한공이,/channel/UCLYqLkuWHRN8tNcuf-_WMbw
325,똘똘똘이의 유튜브,/channel/UCdm3jOfy5znmYwBVxYlhVdw
326,찬호 리뷰TV,/channel/UCi-HVFYeDNfAZMLYIul9wOA
327,아크로 게임채널,/channel/UCsNKLobUBpOKn2YgIpvlhMQ
328,와쁠,/channel/UCzLiNx7l7dXWhd_11-VxiGw
329,스2맵 제작러,/channel/UC3z0vouNxRJ8ZwnVS8SsGpQ
330,MyBoo Cosplay 마이부 코스프레,/channel/UCIj5rOKz6Kv6CwjSgZXqUaA
331,웅플,/channel/UCja26PHMHQaj6Y4likW7rwA
332,배성재,/channel/UCX0Iq0BH7YCG0oEqbVHCuJA
333,김리하 유튜브,/channel/UC6m3XIy59AP-gdx9W35MCUg
334,MSG,/channel/UCZkLrBdFcSFrGXwGZyMF36w
335,옹이의 모동숲 이야기,/channel/UCCz3mJvnA8kA_QXWjWdXoEQ
336,롤읽남 LOLNAM,/channel/UCfJ9Iwih_Il_lxb_uIOh6zw
337,최기명,/channel/UCXV4CV1kkUnx4ZS7hOdMxYg
338,장준영,/channel/UC5uvrqK6NYeF1Tw2zIbOKyQ
339,존잘벅이,/channel/UCSdzYITFKZQRCWKoDZcd5Dw
340,델로략국,/channel/UCls1Y2LgkPk6t5TMFIKaoBQ
341,애니한TV 게임 AnnieHan Game,/channel/UC2CBOJb8M-Bv1a42IIJ1kjw
342,흐쟁이,/channel/UCWOx-QEaE9bjGHhO5J1mgpQ
343,오형짱,/channel/UCCiKOocVSjyb2rsbL_Aanhw
344,Gen.G Miro,/channel/UC23mwByTzKYGI8yNBKhPCuQ
345,연비생각,/channel/UCRBbjdhdwPVf4aE5Eape53g
346,김마메,/channel/UCUTlj3gVlvFwZOQyTyV-1Hw
347,엘사지존,/channel/UC6DXengAQay5cw2rmdpqInw
348,Benett Kim,/channel/UCwq8uklkHxP1pThkVT80vSA
349,MingMing,/channel/UCTtxKpFzW2iVK9FeLD9mAgw
350,비웬 BWen,/channel/UCo3EvF3xGHsm8KE2_bKFZVQ
351,개소주,/channel/UChEGVg9hKfcmVGba_ALl4gw
352,도둑밥,/channel/UCZLa7gK5z3rdmejhPMVK3Ug
353,꼴픽이 [KorPicK],/channel/UCseafVVGN1lfYZ6xxney1QQ
354,A후라,/channel/UCJ-QONkD2j37J7o2tn0vxFw
355,찰리의 트루먼쇼,/channel/UCorddDGB9TKmUPiIlhDL6Bg
356,그림노리,/channel/UCFUArYVzD9QLHti_2ikILxQ
357,뻔튜브,/channel/UCkumgc-lJVeuIAb43mIAAKQ
358,DALCOMSOFT,/channel/UCdXHiTBTzboQ9e69VdYpaDQ
359,플레임,/channel/UCI6Ro_MOr36re4Bhb7nCY7g
360,종이접기 TV Origami,/channel/UCyDha-Z583QBIvKAw8pRKzQ
361,엘로아비디오 EloaVideo,/channel/UCPxbfSEtUjXVMnQrrG-asOQ
362,스타디움 TV (STARDIUM TV),/channel/UCer1PB0K9ctQ1qKN-m7OFag
363,maina Highway,/channel/UCL2PqMA_YRDTdEreLUL6FFg
364,싸커러리,/channel/UCYGF_xk5RDpltyZDSx040uw
365,"겜방튜브, 롤에 관한 모든 것",/channel/UCoOQUteD_4wor08wTCb_OuQ
366,Destiny (데스티니),/channel/UC6NXJtCn3p-actkvBUlHwDA
367,모카씨,/channel/UC0q_bNsg_OYJk5iAatLRGig
368,박인수,/channel/UCIBBRB8-4WLtrHRyQeZbMHQ
369,방앗간 비둘기 무비,/channel/UCH32ZVjWdVhHSpkegMFvkhA
370,눈표범,/channel/UCIUFp94_n6H36nkGCljudlg
371,00231,/channel/UCpqY-U9kgFgQPCC6HXfVZkQ
372,Playart플레이아트,/channel/UCF9iRtFAXO6zGA2n66WHFWQ
373,금개미 GoldAnt,/channel/UCDWhAr8cM2EhPNpIo_vHOeA
374,자유작가,/channel/UCahHxanoOYfTVVw28FTtXQQ
375,은미호,/channel/UCHMQucCMSGy3kGhh74Z5NRg
376,Carpe,/channel/UC1pOo4q4RBQHohNAYn3BFyg
377,코어 오브 아이디어,/channel/UClddcwY0DlOYX0lR0sKtTug
378,리바운드 TV,/channel/UCMRMysKKlm3uKI1k1qII_mQ
379,_Shin_,/channel/UC2HRgfH8TqgRNB4tTj0a2mg
380,제라툴,/channel/UCaCFlaIQAmiU_mLnZq5E-tA
381,연두부 하이라이트,/channel/UCjbj7qqvXFst8bHVEXg7kig
382,배드마우스 게임채널,/channel/UCnhGcri8x6xhehanhAe9ipw
383,비디오 게임플레이,/channel/UCfrVbTUXWWYSps_OR-j8n0Q
384,찐지 JJinJi,/channel/UCHQcF_yN5QSDYAnXb5vaXcg
385,fireChrome,/channel/UCbIfDh1EPWcbAx06pYvMm-Q
386,반의반,/channel/UCVCCleo8clQMILCC60oWvbw
387,슈이비닝 장기,/channel/UCBT0Cf1Y-6FQDWRzhOkJ5rw
388,어니우기,/channel/UCbTnsVoJimYzyBu-atTvXJg
389,YeonAnims,/channel/UCAUGpbLmKGJJDqWtq4q0kGA
390,코모리,/channel/UCg36zEJ4dCqqppOykWWIvXQ
391,백나른유튜브,/channel/UCp5aIabBf0G4FngWLcKsLmA
392,ND러너,/channel/UCj9v_ThF9C97nrraZKlxKfg
393,뒷목잡는맹꽁이방,/channel/UC3RzmV2LX3AmWhZVx0A7u0A
394,트리샤,/channel/UCwDUaaiHf_yn1reY0hObiWw
395,꿀딴지곰,/channel/UCRNMJOB5slwh28PMEQ0xFww
396,하나TV [하나은행],/channel/UCSHbm2TrspNZ_p_yd39kMNg
397,놀이터,/channel/UCRJc8pP_maWfgzs_4uIiRIw
398,카러플맹구,/channel/UCsxQAMMUbhochnbKbuyDpDw
399,지퍼킴 ZipperKim,/channel/UCKzkksD6zVHe8ct7ZyLgSCA
400,김박사,/channel/UCelOGMLpWGaF_i7X6g9M7Vg
401,간창 Ganchang,/channel/UCfZLG0_iz4TQkqRT1ZDtLnw
402,알파카TV,/channel/UCQNu12i3pCgD4uNPh4AaGVA
403,YOOGOLRA,/channel/UC5xNqkcmAjwpI43IVHlCEFw
404,가랑비,/channel/UCMtyVP93li88MYAE5KzfpSw
405,時尚動感Vogue moving 動感小鮮肉,/channel/UCm6DSCSOYNzjzdpm_-iw_bg
406,포비위키,/channel/UCFoosrYcl0_2ycHkCrfn1Sw
407,수퍼비갤러리,/channel/UCiCn9uEE9guj8j49eIoXifA
408,러끼,/channel/UC_8GOc5dWX2Kpb74_nQ7vSQ
409,_백씨,/channel/UC03HZV55oudbBWo99sZTktA
410,도비,/channel/UCLTYnIpxOoI8Ct4DSsGd4Aw
411,푸사,/channel/UCGlbF_ycg31KebOOhkryVSQ
412,양배추HAkUSAI,/channel/UCdHlghBW87VgDfGX5D7Xj3A
413,니엘 NIEL,/channel/UCIoy7FCVWAvOONVPOKo_g8A
414,St4y 스테이,/channel/UC1UtimqTCgBv2to4togsqAA
415,용연향,/channel/UCfycCZCzxBrdBzNF1fGD5mA
