,Unnamed: 0,name,youtube_code
0,0.0,바이어스 - BIAS,/channel/UCHs4F4aOgyIJyL7kqx6SlSg
1,1.0,Xbox,/channel/UCjBp_7RuDBUYbd1LegWEJ8g
2,2.0,Lime Tube[라임튜브],/channel/UCxutPqfWSdYqaK8_tlc5PBA
3,3.0,KARD,/channel/UC5OwlwvsVmf_lXHguB6OYFw
4,4.0,5 분 Tricks,/channel/UC03jtg6Imz882ZCPnB7bZ0w
5,5.0,ToyFamily,/channel/UCxLOTgnqpSqQp_kMPlb7PWw
6,6.0,도티 TV,/channel/UChQ-VMvdGrYZxviQVMTJOHg
7,7.0,감스트GAMST,/channel/UCbFzvzDu17eDZ3RIeaLRswQ
8,8.0,LsCraft,/channel/UC4Qw1uE9kwUI4cCAx9HZtxw
9,9.0,잠뜰 TV,/channel/UCg7rkxrTnIhiHEpXY1ec9NA
10,10.0,악동 김블루,/channel/UCNzcxCN_Hh_lu5RCSFXKgGQ
11,11.0,대도서관TV (buzzbean11),/channel/UCSHVH_AWVUc-C8-D8mh8W6A
12,12.0,양띵 유튜브,/channel/UCYooECrv-fIXlPaDwEIaveA
13,13.0,뜨뜨뜨뜨,/channel/UCHxKSivB6JLZ1SEMdxd1fAg
14,14.0,김재원의 즐거운 세상,/channel/UCta_NRwnsUaew0t3VNxBNyg
15,15.0,Edu car toy school,/channel/UC3dt8G_iIiZXijtaaLgo1HA
16,16.0,태경 TV,/channel/UCEPuItFWOOJ2o5hTu65NlEg
17,17.0,KQ ENTERTAINMENT,/channel/UCQdq-lqPEq_yZ_wP_kuVB9Q
18,18.0,캐릭온 TV,/channel/UCyn_E0ZE8RNOnYnF3lVaCOQ
19,19.0,T1 Faker,/channel/UCpJw2H9KKqwCCGQKRh1Bf2w
20,20.0,악어 유튜브,/channel/UCQJuZxeDv2P05YHcC-tIEVQ
21,21.0,우주하마,/channel/UC2NFRq9s2neD_Ml0tPhNC2Q
22,22.0,만두민 ManDooMiN,/channel/UC3DYSay178fMMPaf3zHwECA
23,23.0,테스터훈 TesterHoon,/channel/UCUbOogiD-4PKDqaJfSOTC0g
24,24.0,우왁굳의 게임방송,/channel/UCBkyj16n2snkRg1BAzpovXQ
25,25.0,파뿌리,/channel/UClzB2iZ5jPoTNz0S-QU6Wiw
26,26.0,릴카,/channel/UC48NSSfUBsmL0k0wKxSqRkw
27,27.0,Dino Box Jurassic park,/channel/UCR3rHpatQ69g1uiGfGp60rw
28,28.0,혜안,/channel/UC8CIM3d3zDYMk-3T5aAz0yw
29,29.0,겜브링 GGAM BRING,/channel/UCSOeJWyByeoBHpmrm0NnlLw
30,30.0,킴성태TV,/channel/UCAaLhok91QDrweyuDRsmjqQ
31,31.0,Squash Clay 쪼물쪼물 클레이,/channel/UCrIDehathksmgNEMwsLEpiQ
32,32.0,쁘허,/channel/UCtCnnCUn9IDDQRU9_04JD3g
33,33.0,MariAndColors,/channel/UCdvO5cIFPdFDhXDzs1WrbZw
34,34.0,makeUmove,/channel/UCc0_4m8a-YtBHEcYwjEnbxw
35,35.0,기리TV,/channel/UCEcuyrAqhRVUmRdOd6FGKSw
36,36.0,테드TV,/channel/UC5pbeFWTPAUdKu65kBROsBg
37,37.0,텔론,/channel/UCl4nBkmJCDs6RR8uWldAqLA
38,38.0,램램TV,/channel/UCHdsNK3SJi7tI85f4XPy7zA
39,39.0,마재TV,/channel/UC7uKMg7lPdCp4Nm1tLesihQ
40,40.0,군림보,/channel/UCN5oT4zGJX-_H6pE5isAEeg
41,41.0,연다,/channel/UCZcD2iYy55-SkEbv3tcMZrg
42,42.0,SUNBA선바,/channel/UCIPSyiBBm9VtWGj-Q7trkKw
43,43.0,머독방송,/channel/UC-Zedn7a_RJyb5hUQ-aGZog
44,44.0,울산큰고래 박성주,/channel/UCIchCOLwLBMD87quHlNuXjQ
45,45.0,잉여맨 유튜브,/channel/UCeG0ONJtjwE20ThR5iSYdsA
46,46.0,침착맨,/channel/UCUj6rrhMTR9pipbAWBAMvUQ
47,47.0,미션 파서블,/channel/UCQNRHpNDMBUjyaLL61t_4Tg
48,48.0,Toycoo 토이쿠,/channel/UCHCkaI_DQoU7Tgg4CsBN5Bw
49,49.0,Lone Dragon,/channel/UC62pL2GZUeMx-gSzQmnB6gw
50,50.0,괴물쥐 유튜브,/channel/UCDBAVzfX3yZ1hah0FHnOoaA
51,51.0,개리형,/channel/UCRpdlPk671uOMiBtf5HtB3Q
52,52.0,압둘알리과로사,/channel/UC31ypOxFsuU3Q0OFpQzcQ3g
53,53.0,돼지저금통,/channel/UCEVnzHZkNMG-XFUGomZ24cg
54,54.0,김왼팔,/channel/UCPI40-XQA9-GBGj2k8PPqfg
55,55.0,눈언YT,/channel/UCt1dxdedblLX2PsSFFK0Hzw
56,56.0,러너꽃빈TV,/channel/UC9JlObZnbOirT4_iyPGrdcw
57,57.0,Cowsep,/channel/UCgzC7SsCYSfGrVWoHQS5W8A
58,58.0,T1,/channel/UCJprx3bX49vNl6Bcw01Cwfg
59,59.0,스페셜솔져 - 모바일FPS,/channel/UCU8zFvUOoHYB3DY5cKIiSKQ
60,60.0,문호준,/channel/UCeivPjjK9-cdj8-gw4-7JRg
61,61.0,헬로[HELLO],/channel/UCsR07Y3qMhf_oKxit4xLoHg
62,62.0,유키 YOUKI,/channel/UCidO_j4TWaTvUiid2WffuqA
63,63.0,난쟁이성현,/channel/UCQV0Qy_1fqzbHloomT2JHfQ
64,64.0,히스토리,/channel/UCRLM0MWS7m8vXzQ_5z2e7fA
65,65.0,탁주 TV,/channel/UC7nVGqibbYgrzh733LDffNQ
66,66.0,깨박이,/channel/UC1L79yKbmVepsCYusa4KHLQ
67,67.0,레바스튜디오,/channel/UCFqvKeEMGrJfJPEOafy1v4Q
68,68.0,강 지,/channel/UCIVFv8AiQLqM9oLHTixrNYw
69,69.0,퍼런안경_BLAS,/channel/UCSQkftbg2z4kz4NNBVs6CIQ
70,70.0,GCL 지씨엘,/channel/UCLuDznROytXtnMSDwo5aGJQ
71,71.0,저라뎃 JUSTLIKETHAT,/channel/UC1dG3vI9FfHnH3YgyeKUz_A
72,72.0,유소나,/channel/UCxeWKVovE_mKNRCwAlpL87A
73,73.0,Charming Jo 조매력,/channel/UCe_56kQF1IGSZv1_5FWtVDQ
74,74.0,코아 TV,/channel/UCdmPH-DTjL52x5K3lRvHYQw
75,75.0,GreatMoonAroma 대월향,/channel/UCWL_9MaaMy8ObTDPmVHemjA
76,76.0,로이조 TV,/channel/UCLJs55bZWMsCBPekt3vssoQ
77,77.0,삼식,/channel/UCMOOio1GZ50OeJT58DGBQCA
78,78.0,수탉,/channel/UCw-JzmPsjRcbzJLncr4pIIA
79,79.0,Partition Zion,/channel/UCn_9mH91rLWez9SZ6AdjfYg
80,80.0,퀸톨 TV,/channel/UCiwOunGuqfKjcLIBsteAAJQ
81,81.0,TV대정령,/channel/UCHsK9gl5aU0F3umrU4Zn_sA
82,82.0,Official Dopa,/channel/UCt15X5eHLwyP8PpNtQTkuDQ
83,83.0,LCK,/channel/UCw1DsweY9b2AKGjV4kGJP1A
84,84.0,신비아파트 공식채널 - Shinbi House,/channel/UCoHsxU1eDWHom6D7Fce6kLA
85,85.0,형독방송,/channel/UCJDEss5wA1ddrCBC40giO8A
86,86.0,서넹,/channel/UCylzl5EMsHKCMeUe2TLKLKA
87,87.0,김성회의 G식백과,/channel/UCZ0bi2aVJngKLwFTU5g_fLQ
88,88.0,밍모,/channel/UCgjaQlejpAnIu0q-xtVfTEw
89,89.0,친친모 CarrieFriends,/channel/UC9qPzGYgaNhx8ql4Nl46BBA
90,90.0,꿀탱탱,/channel/UCAJAJ9bAvfjFLRrsqeumJIA
91,91.0,NICKY니키,/channel/UC2qjHK7wWxzb8mF9lgf7uXQ
92,92.0,피식대학Psick Univ,/channel/UCGX5sP4ehBkihHwt5bs5wvg
93,93.0,JUNE,/channel/UCL_IvtOZo6sONpiydbzzHpA
94,94.0,프레이 TV,/channel/UCSzHok6X5qXEO7cjvVnE62g
95,95.0,백크 Baekk,/channel/UCugNO83_V7xZLzCsjpABGeg
96,96.0,진호,/channel/UCXZaTqDKXHmNfKZ1ywhxe0w
97,97.0,똘킹,/channel/UCnQRkIhRmXrxGrK4-8n-lVw
98,98.0,글자네 YouTube,/channel/UCb5NLtXAsTBrmaZVhyFa-Wg
99,99.0,OGN,/channel/UCKDkGnyeib7mcU7LdD3x0jQ
100,100.0,비누TV,/channel/UCbLispC1ydHSC_69kjZI6hw
101,101.0,최케빈,/channel/UCyZrIWulP3HTBxuJkh6yBQA
102,102.0,빅헤드,/channel/UCAJ-meoCh1TrPZ7La3UpPrw
103,103.0,자몽티비,/channel/UCHsNxA14lzqnrm0mW7GQIXA
104,104.0,주키니TV,/channel/UCZ-UuK86Bk5sGzQQ2cEglJQ
105,105.0,김희철 KimHeeChul,/channel/UCldBBBC3KowWN7ScJRQlZyg
106,106.0,두치와뿌꾸,/channel/UCl402YYy7RcH7PBI3npmGPQ
107,107.0,각별,/channel/UCDrAR1OWC2MD4s0JLetN0MA
108,108.0,쵸쵸우,/channel/UCzoP3s16B9hP7f_qIc6DReQ
109,109.0,방앗간 비둘기,/channel/UC1MO5uem_t8lRgvIBF9u83w
110,110.0,Game Land,/channel/UCdkCeGJ9G9Y5N0SReSPo5Tw
111,111.0,루태TV,/channel/UCzPLwuw2vJgxtEQk2nM4TVg
112,112.0,견자희 스튜디오,/channel/UCBvkQFBskQR9NeOoDYR8ckA
113,113.0,마플 마인크래프트 채널,/channel/UC1q4Ihlv_YhLELw-ijE0Diw
114,114.0,H1GHR MUSIC,/channel/UC6TJkBRLMFJ-9c7pXehoZwg
115,115.0,롤큐 LOLQ,/channel/UCa-IaOPw5r1oQ4vuf3QjEPA
116,116.0,Today on the Korean Server,/channel/UC65ZDJCYI1dwzj48XIeuOBA
117,117.0,이석현,/channel/UCVZI7eLie2UlZph6aiBRNrw
118,118.0,썩쏘TV,/channel/UCp77saYy1V_F3dld7GfJrcg
119,119.0,3D운전교실,/channel/UClsIn5fbUo2pSJN_3lhnDag
120,120.0,휴지,/channel/UCj1dw4G9v09OLXIxiL_VUEA
121,121.0,아이템의 인벤토리,/channel/UCuh6Br1vzgo1LivYgKvno5Q
122,122.0,탬탬버린,/channel/UCCA8UWUW80iHqK9ymdjRwPg
123,123.0,풍월량,/channel/UCyHvSKT_bLDYpkv1JjjsLAg
124,124.0,임선비,/channel/UCC4QcwDnXG5poPg__kD4YmQ
125,125.0,박병진용사,/channel/UCGMsFBPnR2hcrM0xGoFUL-A
126,126.0,재민TV,/channel/UCfnMSbA2Bfi4cnuuN2pa0HA
127,127.0,앙 작비띠,/channel/UCyT7JoYJl2usoWYhC1lXteQ
128,128.0,핑맨,/channel/UConOmISJY0oZHRhWGyvdQ2A
129,129.0,공구왕황부장,/channel/UCd1IveTHngTF8ZyQ9f6uchw
130,130.0,닥터파이어,/channel/UCUsrcN6Vtqr05ibbow_rnBw
131,131.0,희바HEEBA,/channel/UCrLxiPkgUEEnItqryMFVG2g
132,132.0,옥냥이 RoofTopCAT,/channel/UCcdlIcleb4oIK6of1ugSJ7w
133,133.0,오버워치,/channel/UC-2wa6jvprl7hfCpvw0ULzg
134,134.0,김계정,/channel/UCM9m5BHwm-lU7tK07co3ClA
135,135.0,League of Legends - Korea,/channel/UCooLkG0FfrkPBQsSuC95L6w
136,136.0,늪지대에서 생긴 일,/channel/UC2uID-rcbLMi3RxZmZtwSZg
137,137.0,팡이요,/channel/UCUR5w0E-jQTOO8Q0FZ4ilYQ
138,138.0,멋사유튜브,/channel/UCIhfL5TX-FODmWcX2k1uWHg
139,139.0,튜브김민교,/channel/UCBA9XaL5wCdHnC5EmEzwrqw
140,140.0,승우아빠 일상채널,/channel/UCs1R9zP6rH2GlTNHUI5SBkw
141,141.0,개구릿대,/channel/UCR0aLp4aIvxS07g6rGWZr_g
142,142.0,모아요,/channel/UCtJpqaQ0XAmX5uYZ48crOdQ
143,143.0,눈꽃,/channel/UCnxOGZwppMFnMYS-eUJtwXw
144,144.0,앰비션 유튜브 [AMTUBE],/channel/UCHYMpkGhNIr8A0m2H3lIjUA
145,145.0,야옹해 바바 Miaow baba,/channel/UClSuqiIAACDUJrH3gb4JcLQ
146,146.0,San E,/channel/UCrhgVHA_uAiT9BoGV9qRKvg
147,147.0,찬이TV,/channel/UCt51IEo3ZxxOysVAG_ylR6w
148,148.0,뽁구BBokTV,/channel/UCO5bdxKgKczSpjFbfsGykmA
149,149.0,[꿀템TV] 클템 유튜브,/channel/UCvrxJgD0T_TFvgsO2nA-fDQ
150,150.0,배틀그라운드 모바일 - PUBG MOBILE,/channel/UCXVVG5ZM3SJJCh94xatR8Dg
151,151.0,가브리엘,/channel/UC2FDVyrQnjoZCUyk9fmqd9g
152,152.0,초깨비의노래워치,/channel/UCZnrdNaOFqniv7qEEqQFvIg
153,153.0,권혁 Hulk\'s TV,/channel/UCMY_lKUu8yGZaVsu_9lPIGg
154,154.0,사랑아놀자(Let\'s Play SARANG),/channel/UCSmKpwGictx2FI3kUIGFV6A
155,155.0,롤박사 해도리,/channel/UCCMQyaKDjQJY79VimTdaYYQ
156,156.0,범석TV,/channel/UCz1Gc37nWsdF_jbJ_SvMl4g
157,157.0,공룡,/channel/UCWf4QKgnTyvmehcRqw-JldQ
158,158.0,프로관전러 P.S,/channel/UCqI5lyTpC79pOy2D-VXAMdA
159,159.0,해물파전TV,/channel/UCqIwPYLfMd3EoWYwvyTjPnA
160,160.0,김레인,/channel/UCj9LQu5-mfrf6imcyrnZfug
161,161.0,HeopopGames 허팝게임,/channel/UCobtktl5cCEYuAKLSY0vc2w
162,162.0,장덕대 초심찾는 채널,/channel/UC75lZzaXiCn0EYTwg9MB5vg
163,163.0,TEAM UNIVERSE,/channel/UCDRtZhASdfRnyhae7s-UemA
164,164.0,푸린,/channel/UC7bcRlidTERRb_MKRHPVSnw
165,165.0,Core-A Gaming,/channel/UCT7njg__VOy3n-SvXemDHvg
166,166.0,Hbro Jun&Sun,/channel/UC_q-BMON9zV-lscCZr96ymQ
167,167.0,이상호,/channel/UCfIUuMA7U_jImP7oWfTe4Pw
168,168.0,이태준,/channel/UC5gp0nGTdJ56YKzI40v0cRg
169,169.0,YOU TUBE공갈,/channel/UCJ7PxHj3J_YeH1N2spjR6NQ
170,170.0,동동 TV,/channel/UCmP6N0_CMbMUYwQRaPoFyng
171,171.0,미라클TV,/channel/UCLHwMFguUxHVSk91vzicEJw
172,172.0,Ras Apex,/channel/UCkiCNZ6c5Th3NpL2U8IhUWw
173,173.0,랄로,/channel/UCD2YO_A_PVMgMDN9jpRrpVA
174,174.0,성시훈 유튜브,/channel/UCQgu0whGhuJ2Hr8u6htgxxw
175,175.0,Summoners War Esports,/channel/UCy5CDpZBPxd9O20BnIt8YWg
176,176.0,빅윈TV,/channel/UCbt557PsOnMaspiSUjuSVVw
177,177.0,하창봉,/channel/UCilYpdgaNbW8x8_E83vomNw
178,178.0,서새봄,/channel/UCYtNOIg99pgGcrE4Uo44OdQ
179,179.0,미라지,/channel/UC73j3rtkjb3qCvC7XZidzmw
180,180.0,아려랑,/channel/UCFMzJRPsLOL17lwxN_MdcnA
181,181.0,Loud G,/channel/UCYP2aGg8h_9JHqNQBHNKp7w
182,182.0,빅민 GAME,/channel/UC2WbWQ3tQNeCRyXBsAeqWhw
183,183.0,엔스Ens,/channel/UC_Aly3X5CdojHdRDGmKi1ow
184,184.0,발__젭,/channel/UCQ9eDVhFn_jq7eTpjf21ouA
185,185.0,청원이,/channel/UCCs1YZHxUTIbLZd-xrvvMCw
186,186.0,도로시Games,/channel/UCulur1hLC2ca8oJn0xt9ojA
187,187.0,플레르TV,/channel/UCwiCv-ym6TQhMWhN23jVQkA
188,188.0,최현우 \'HyunWoo Choi\',/channel/UCirC89qa2jcPemolzoJ3ISQ
189,189.0,랩해도돼?RAPTUBE,/channel/UC13r2XVC5h3unwWgo25puAw
190,190.0,MadLife TV,/channel/UCj1RW5MrOLh_VrX3yHF_yow
191,191.0,바이준 BYJUN,/channel/UC3htcPlye6noa3pAgegT2AQ
192,192.0,만만,/channel/UCRY0vKmqFmQ4XCJomWMBf-w
193,193.0,딕스Dix,/channel/UCOtcE3XmueVr78j8RCnr1QQ
194,194.0,쉐어TV,/channel/UCb0eyf03Jz8Q5j2q65TzCoA
195,195.0,YT Apple,/channel/UCmcd3r7AsHjm3deMgx1ZPiw
196,196.0,버섯도리,/channel/UCYhUJGAH6HhOUJokzRupkpQ
197,197.0,중력유튜브,/channel/UCyw-SlgJoR9KDaE6TWeYI-A
198,198.0,걸뽀girlbbo,/channel/UC_VOIxjBN_WIPKxpPs1omZQ
199,199.0,클래시 로얄,/channel/UCgT2gPsXQ0jqb3poL5wN31Q
200,200.0,흑운장TV [BLACKTUBE],/channel/UCdtV_sB8WUWo-P_q3OwNfcw
201,201.0,김진솔,/channel/UC2qm7lVDDnGuvNj6D9jHFkA
202,202.0,인피쉰,/channel/UC-okJdotaXPlzivRzHFqzuA
203,203.0,옴므,/channel/UCSWMuYooxYPorJSumJbLzCQ
204,204.0,양아지,/channel/UCmMxEFwIOMGGoThkmtZZOvQ
205,205.0,채널 명예훈장,/channel/UCs0LzOveQMLImmmTrMmP2sg
206,206.0,비콘 TV,/channel/UCT_Sf9z6Cqy11VHOfbnQPNQ
207,207.0,홍방장,/channel/UCHxrU6bjWrnBfmReUAeztcw
208,208.0,다주,/channel/UCawY6uW94r1JcBuOTqHDfow
209,209.0,떡호떡,/channel/UCqMixH4Cc7CdySihHG4kkIA
210,210.0,ZealsAmbitions,/channel/UCpDcj6E73QeFkmqk7gH5wxA
211,211.0,클래시 오브 클랜,/channel/UCORzNUvBtd0j_wraSf88Y4w
212,212.0,예랑가랑,/channel/UClUE7d0UQ7dhLjK1r6xpG9w
213,213.0,Project LOL,/channel/UC5WxymH7e2H_SGjJyvTb-iA
214,214.0,나라카일,/channel/UCdMevbThDzHEbiqu0MhyfAQ
215,215.0,군필여고생 후추,/channel/UCscL0E82anT7mtoQjJTV6Mg
216,216.0,에렌디라,/channel/UC6xWZn2suKPqAQkidOiMeHg
217,217.0,팍플레이Pacplay,/channel/UCZecnuVvQnBCoopyobFdDZg
218,218.0,MariAndGames,/channel/UCFt6SlUqvKDCwva8nzTBXUQ
219,219.0,콩콩이다,/channel/UCzjEp3u8RMkOJwpc3RzxmWg
220,220.0,운학 TV,/channel/UChbSCzDSKP_m4V5aEX1bmCA
221,221.0,꽃영,/channel/UC8rDleR669f72Sha9PQK11A
222,222.0,[ALTUBE] 김성현TV,/channel/UCOTJtP0Z9DjpPU43B5m1V6A
223,223.0,도애니 DO animation,/channel/UCqgxGebwwkoldbl3h7UoUiQ
224,224.0,집마 홀릭,/channel/UCmZeuRfHYowZhf6odtoaNdg
225,225.0,지편한세상 [Jeeseokjin World],/channel/UCyuL_XQ-AtzXnpNf_hdmkhw
226,226.0,준등,/channel/UCcgCkpS7T7yXztF30hzy8DQ
227,227.0,지덥,/channel/UCQBl5ytG10Y_tnWe__8kUJw
228,228.0,이영호FlaSh,/channel/UC4TDU9SEVB0EgslnTI2O9IQ
229,229.0,메이플 이득충,/channel/UCnHpxlp418JpbxtVEfPRK4Q
230,230.0,고니두욘몬 Goniduyonmon,/channel/UCNJXpjYQ2BnPtVtUd576KBA
231,231.0,트박스 Twitch clips box,/channel/UCGNCf6ibX1HWndVRgiChpqw
232,232.0,JINTUBE,/channel/UCi66uG_I878tcnbIhN7KRcg
233,233.0,YouTube지누,/channel/UCJGww2K__Q3y-MtDi0XWH2w
234,234.0,플레임TV,/channel/UCDLDbittWhk2KXvaCT0YpZQ
235,235.0,노돌리,/channel/UCNvGiN93jKCp39Jsq31BMmg
236,236.0,보물창고,/channel/UCRwMczVQ8Jr8_8Dd8o7hPnQ
237,237.0,무지개맛 Rainbow Flavor,/channel/UCcR_wZ0zimC6UT8VO0KcS8Q
238,238.0,영래기,/channel/UCcvKf8NxAw9i09hZw1MQPBQ
239,239.0,프로동네야구 PDB,/channel/UC2emKV0kcPDKNl9EtDm4Ubg
240,240.0,가이코GK,/channel/UCYWW_lthmN8cvuIaN0G9D6g
241,241.0,콕스Illust,/channel/UCbkrEw1LDPvrT3QZRrkVjng
242,242.0,엔젤 X 님블뉴런,/channel/UCt5e5QXzt_Ub5azmAk4ozAw
243,243.0,브롤스타즈,/channel/UClJspSpzADMROqOW9HLHaoA
244,244.0,44층 지하던전,/channel/UCbErjjRiLboO1q0ha-R0OGA
245,245.0,지라라,/channel/UCdRDEMsLzDgoXY0AdQ1yN8g
246,246.0,PAPADOG,/channel/UCYwV9dJhAQSFrFU9JyQ5t1g
247,247.0,파이.D,/channel/UCBZqXn7fw4pMwk9vFYkoDJQ
248,248.0,레드셀,/channel/UCx_K2BXC77kan9PcQCkLZDQ
249,249.0,로건씨유튜브,/channel/UCP-m9LlOGk9nVQRug61Exqw
250,250.0,하루아루 TV Haruaru TV,/channel/UCBcFgDKnfyw8GjcHw90MlXA
251,251.0,수찬 Suchan,/channel/UCLm0fAzu27N2aSd3lHsy2zQ
252,252.0,아구 TV,/channel/UCAGUSx1hbPKDqzBZH7bTjiA
253,253.0,니얼굴윤겔라(geltube),/channel/UCMsjY8EfFZNul-_7DvWe6Aw
254,254.0,심즈 아무나AMUNA,/channel/UCKQm9pMIE5ti11h_m6NEHpw
255,255.0,동수칸TV,/channel/UCVJT18d9wSCnDUdnJ9ycO7Q
256,256.0,TFO,/channel/UCk5mlvpbj8CZxD229CpiouA
257,257.0,피아노캣 [PianoCat],/channel/UCDyc0_OWYXI1WcaMjijHrDA
258,258.0,두칠이의게임방송,/channel/UCwDFdWg0nGlEMr4iJnKWqYw
259,259.0,TV블루위키,/channel/UCQreDC73rqiw1wSc_ZYwgHA
260,260.0,웁tv,/channel/UCnCFD3met1Ip7OngdF9TRDg
261,261.0,윤루트,/channel/UCmJ4DkPFPzjR2TkJ7lXSQWw
262,262.0,녹두로 월드,/channel/UC9vz3TBChrJmYbzUo-rqfSg
263,263.0,Wall Su,/channel/UC5ScPjbt-a97AJO7SBj6nAg
264,264.0,런민기,/channel/UCY74n-XQJ69dxNdN7h71wLg
265,265.0,메도우이헌터,/channel/UC4rp07nTMJb13faNO94lm6A
266,266.0,바위골렘,/channel/UCLLGccON9y08RB7xqusu_Ww
267,267.0,RinyTiny [리니티니],/channel/UCArr7e9zILksFPuGDq-MffA
268,268.0,Kidmo Youtube,/channel/UCHlGHkavypqZv2QFEcIi4dA
269,269.0,Awesomepiece,/channel/UC8DE6aei0DOKa1s3PziV8Aw
270,270.0,류으미,/channel/UCNeHPUKNUBmBMZy_rzHPzSw
271,271.0,쌀튜브 Thal YouTube,/channel/UCoYFo-lRD3pchMUtsBcEbOA
272,272.0,홍개,/channel/UCDkQMlfo7GvgvnrkPawW9tg
273,273.0,신해조,/channel/UCiCNc3uj8Bnc9bDzHJS058Q
274,274.0,짬타수아,/channel/UCNoSlvimHmdOgtHOCNjj7ew
275,275.0,프리티에스더 PrettyEsther,/channel/UCkrboHEREUVOaFNbuQ2taZg
276,276.0,겜스트GAMEST,/channel/UChtdyqmH0yVFWTBJERP2PKg
277,277.0,더빙레이디,/channel/UCVPTh22MstSVobuvF7zQ3Sw
278,278.0,케인 TV,/channel/UC0aKwoKNeqBaUwiEXmkQaGQ
279,279.0,도현,/channel/UC-Pn1i_ot4qmG4l7wMZPvyw
280,280.0,메탈킴,/channel/UCOaUB8RzbLXB7QZtCmMO-8A
281,281.0,랑말TV,/channel/UCc_7XbnN1bTFMhquCKt3ngA
282,282.0,아빠킹,/channel/UChfs1dQ5phBDBWZJ1hHLbUA
283,283.0,흉폭한 포로 Violent Poro,/channel/UC9aEa6zVK12OZaWyTIPX9jw
284,284.0,김짱돌,/channel/UCsi8xzlmARKDK_ItRW8imyg
285,285.0,지컨,/channel/UC0z8bddfRBRBmEC-AjI6UXw
286,286.0,김뚜띠,/channel/UCTZPZo3xuW5k6RkhlVaJ0jQ
287,287.0,카운터,/channel/UCN5Z4EkujWOl7UMbc4J-3Cw
288,288.0,스간TV,/channel/UCK1B7KLih3kE1Iy0SCBDzkQ
289,289.0,김용녀,/channel/UCXmdpmRnf5WKMssvByY2Elg
290,290.0,브론즈연합회,/channel/UC-39bqpwYeoyvm2qHfAhHiA
291,291.0,왈도쿤,/channel/UC-S8JFhLkQ5enhB70c2CYIw
292,292.0,사모장,/channel/UC4XjKgCtpwpACzUCiUKOd3Q
293,293.0,요롬Yorom,/channel/UCqx0Xywhh72631omzTWNixA
294,294.0,힘쎈너구리,/channel/UCADf92tisOOh90hrZee4-LA
295,295.0,묘송이MyosongE,/channel/UClWTMxooQefOLUV0TRcJ1Eg
296,296.0,김리븐,/channel/UCgySwATr_UPiGqrwfRo6_ag
297,297.0,각폭 YouTube,/channel/UCutaHUD-Oos2EBNNEwd4QQg
298,298.0,Tenha,/channel/UCOXPm9nqKtb2pIpO0UybBHA
299,299.0,소맥거핀,/channel/UCaaZFxjlHI3T_I-uFbldIGA
300,300.0,프제짱,/channel/UChD2kf1XO2sxR4t4s_oPPMA
301,301.0,LOUD CAST,/channel/UCAI86CUHDIkKXGA6YpVBhYg
302,302.0,피큐큐,/channel/UC_jNan0EvSTUNKT2dj6U31A
303,303.0,Mobirix,/channel/UChs3xgH4BWAsTi-SGjECiZA
304,304.0,깝도이,/channel/UCqVkQsNin4MdGFrWvzFVOKw
305,305.0,T-VIRUS Films (티바이러스),/channel/UCc18Y_SQL76W6g7Er7zq8fQ
306,306.0,사과몽,/channel/UCjaoaH1tIwV6uLZHEmlQNdw
307,307.0,우왁굳의 풀업로두,/channel/UCzh4yY8rl38knH33XpNqXbQ
308,308.0,루리TV,/channel/UCo2qwN2FUPnLLJjHXNusFyQ
309,309.0,바사카네,/channel/UCy5DTlJJ3eo7I83h-IEL1KA
310,310.0,카이바군,/channel/UCDEOj33PPDR-Hw9RxdKfjpw
311,311.0,김쵸코,/channel/UC0SsBKkmlkyNx6bo0SSAEpQ
312,312.0,푸른 [ Pureun ],/channel/UCXrjLuKRFe1OxlR9T6uNs6w
313,313.0,표림,/channel/UCxbxK61xeFoymuxmi4ik73g
314,314.0,타요튜브 [TAYOTUBE],/channel/UCBTsPtRCh6ln3IRQFjhjh1A
315,315.0,Mnics에투샤,/channel/UCubybnI2mstR-E24cc0rt9w
316,316.0,이아린 Ahrin,/channel/UCqIYXDSU6mC_Na4b39lOIZw
317,317.0,모드로나티 Modronati,/channel/UC9-B--tzbvBUMVkGVyCTaIQ
318,318.0,민또TV,/channel/UCCW6uYIUP4YKKe50k-ktVAw
319,319.0,이녕,/channel/UCLoGhS_8p-G_pzrkfgMi9NA
320,320.0,롤큐플러스 LOLQplus,/channel/UCigPeNf_uHiODmCRns_92Xw
321,321.0,알짜,/channel/UC9Qsk7A_dVWZc6l1FRS8amQ
322,322.0,땅우양,/channel/UC9vI-9WYQLXKI6n9XdXXo3g
323,323.0,별고래_StarWhale,/channel/UCD8maIontXDHmsewDbyMXDw
324,324.0,공원소녀 GWSN OFFICIAL,/channel/UCUT58qBbE4Y3Y4FClOJOfrg
325,325.0,PAKA,/channel/UCJpAwvQaZyCI5spAz7tipGA
326,326.0,엔마유튜브,/channel/UCF-rFAdN7dzd-SI2T3rkCaQ
327,327.0,Flyerbek,/channel/UCMoQZs-z0PECNIs-b8CHOag
328,328.0,박나나,/channel/UCS3_H_feQRm4QbXipKTvSrw
329,329.0,학살 HAKSAL,/channel/UCF7IBIvHZ2be4Ufo8i0uHBw
330,330.0,로빈,/channel/UCo33r3SAf5z9MS-lrXV2aOQ
331,331.0,EA SPORTS TM FIFA 온라인 4,/channel/UC9otskL_kd-0CDib_5Lj-mQ
332,332.0,주식왕용느,/channel/UCbHN1sTuPySKpnqKSp0JHRQ
333,333.0,마인의 비하인드,/channel/UCzbLTaNlODXhvobAcTs4XRQ
334,334.0,소니쇼게임방송,/channel/UC141BuVRzSSXJX33Am9yxEA
335,335.0,훈토이TV,/channel/UC3ihyjIvubiIAieg8SlmtIQ
336,336.0,나는상윤,/channel/UCozuuEEitjQXtCzubNO0BGA
337,337.0,오린이,/channel/UCeVVzlUnjNMFy_DVTZqZ5ZA
338,338.0,Bang,/channel/UCnDcpS7XLQ9KFPqULb9TH8g
339,339.0,리타유튜브,/channel/UCzMAqDi4M4CrwMSi_EnnV4g
340,340.0,중년게이머 김실장,/channel/UCSgvQDek_7CQj08fu7kp1Iw
341,341.0,김유진 미국변호사YOOJIN,/channel/UC_Cprc-ruVm1GS0yPvqy14w
342,342.0,무협지 League of Legends,/channel/UCIA_jLpi8Tp2YM8ZTe4nD5A
343,343.0,원원OneOne,/channel/UCAf05GhLBulApH8Nh0hvLKw
344,344.0,강한달,/channel/UCIqg17JWrhmYT--KZbHk3HA
345,345.0,바이트 초이카 - BITE CHOICAR OFFICIAL,/channel/UC1j6nb2iknMNZAOgel2OIAA
346,346.0,소풍왔니,/channel/UC5qsXOIsLbkEIP4DI7xWOlg
347,347.0,살인마협회장,/channel/UCgWwo8FJL3MCxfd66ip7nFg
348,348.0,천양,/channel/UCXOLqHsi_mxJdTIqU7B6OmQ
349,349.0,호진,/channel/UCZZEgBpbLP0ILVc4nGg39-w
350,350.0,라더,/channel/UCDujSmC7qoEp89PE4ANN0vA
351,351.0,조우,/channel/UCpXnb06Y0uc6ewEf3WL4wDQ
352,352.0,sum,/channel/UCQknKKnwlpzDS7bjMULUjcg
353,353.0,하나나,/channel/UCi3BnqSK4DPzRj8szUeLIQA
354,354.0,잡초,/channel/UCSWLx_GQlGADYipEyXF2Mxg
355,355.0,메이비TV,/channel/UCPITXstDqqLYbBUiAVqYjfg
356,356.0,Jin Studio 진 스튜디오,/channel/UCDk0AHutsIFLsQYhMvmkdrQ
357,357.0,EFFECT,/channel/UCcc3YwvoDF3LqfGZPZmCyhg
358,358.0,코브,/channel/UCqFt6raBlXK-qJCWsTKW62A
359,359.0,서든어택,/channel/UCMJhnmKJ6xwRIFL1ZFb9QrA
360,360.0,꾸몽,/channel/UCH29Gz8a6veRLqUxzjBXHrQ
361,361.0,I like movies XD,/channel/UCE9Ib6JHShc7MHQ7pMwj0YQ
362,362.0,크로롱TV,/channel/UCr0oBV3TSWoHz7MX4atZ7vw
363,363.0,내일은 투자왕 - 김단테,/channel/UCKTMvIu9a4VGSrpWy-8bUrQ
364,364.0,온다람,/channel/UC3LNd5iXQZ8WinaOpfwXveA
365,365.0,해르시,/channel/UCwMzCpU05utIvYP7-tm08fA
366,366.0,튜나,/channel/UCyi9eZCavFN5P6GQVokRiQg
367,367.0,피닉스박,/channel/UCZ6IM7_T-bCmr_7DgAKjYxg
368,368.0,Ace Art 에이스 아트,/channel/UCpfY3rf_vaW6UQ2hGlqGhIQ
369,369.0,Revinen,/channel/UCVszhXaoqB7Ekx1coEU6PzA
370,370.0,순당무,/channel/UCZW0yRW2HK7_fzgL9HQu9ZA
371,371.0,게임토리,/channel/UCA57VZoIKNqjaBjokHPZbtg
372,372.0,듀단 [듀튜브],/channel/UCPd2VrGLDguFs9AckozHtrA
373,373.0,무릎의 철권TV TekkenKnee,/channel/UC0Zl_lyMoTbroBSNv7SpGuQ
374,374.0,단미호유튜브,/channel/UCy5OjPJk87YCHNgd3qg2N9A
375,375.0,따효니DDaHyoNi,/channel/UCFM_07Mxv6CglREk8qdkPaw
376,376.0,택신TV [BISUTUBE],/channel/UCBa9U1nh3fe2lBx3a0R0Skg
377,377.0,금똥왁왁,/channel/UCt4wd8jZFvFjrHy6EXLrmVw
378,378.0,펭귄몬스터,/channel/UCqcxF7BAF3GSz36Yx_0qGaQ
379,379.0,모두의마블 TV,/channel/UCc5al0BciX358Rg9YXk1LBg
380,380.0,오픽노잼 opicnojam,/channel/UCw4izi2fsJzFltt3EbmokWA
381,381.0,전쓰트의 게임 채널 Junsst,/channel/UCD8r5Jgns2V64-NcUmXclpg
382,382.0,노란 단무지,/channel/UCLGFyHp-wUhKrmNJBWZg75A
383,383.0,디스 이즈 샤이,/channel/UCBo3r_IAd1EiFGe1x7GgTLw
384,384.0,Wolf,/channel/UCYJ0Ucu9jPX5kn6SeDcNaIQ
385,385.0,Google Play Korea,/channel/UC8C0Yd20ke5XqOiZvMVgM9w
386,386.0,홀릿 Youtube Holit,/channel/UCoH2pCzAr6zWDG-LtUiLWRw
387,387.0,Rush,/channel/UCkV_ZgwCFlAvUIu4k0UBBaQ
388,388.0,닥터준 YouTube,/channel/UCOY3LbxXxCd8SykBvcVJlzg
389,389.0,슈뻘맨 [슈퍼 뻘짓 도전기],/channel/UCXZx953K0FgkT3H2FaFAcew
390,390.0,구스마일,/channel/UCpVLAetJt6_XjktxxhDUY2w
391,391.0,이서니,/channel/UCcL8PoeJCC6DwAcKyzw_eQg
392,392.0,알로직,/channel/UCd4vEfDwg_kzVI-9Eq8sPHA
393,393.0,화틱,/channel/UC2b9TmgJ-jZt8ZAKF4DwIWg
394,394.0,쉐리,/channel/UClDbuB3bgZYVIaN3534c_ew
395,395.0,Fresh토마토,/channel/UCoBw6khRoeei_tgSBueVUXw
396,396.0,최군TV [무삭제 풀영상],/channel/UCwGeidQWKEMdFIujQrz37qw
397,397.0,룬레이,/channel/UC4lGmolw8WHeUTlt9JVKXPg
398,398.0,코렛트YouTube,/channel/UCvmHDocKuL6MVx1qRgqLV9g
399,399.0,꼬예유 & 한예찬의 게임저장소,/channel/UCJoWNCiFuiN4eZnB80WUf4Q
400,400.0,왕군게임국,/channel/UCqONn4EbAYzIVEGAoQxmZUA
401,401.0,똘끼100%,/channel/UCybKp0O2N9sUZOgIm1j2r_w
402,402.0,_헤징,/channel/UCj38fEefpih2o1aHH886Z1g
403,403.0,샤를TV,/channel/UCXK_itQ6_JKltErZW_sQojQ
404,404.0,삐부찡,/channel/UCWbbrLELoBRo-8KG1D9m4HQ
405,405.0,게렌의 게임극장,/channel/UCUEX0L7GHPs95m8S7G6kWVA
406,406.0,삐라,/channel/UCw2zOqd6hXsny79qDki_Z4w
407,407.0,넷마블 TV,/channel/UCpYaDypxUY_bB6s23sfpuMg
408,408.0,마뫄,/channel/UCgEo04TieA9BEmiDOhYQUGw
409,409.0,ryujehong,/channel/UCtt0Hg9MhraTkzWwNQpplHg
410,410.0,지존조세,/channel/UCQOL6_MBCFXr3M9OTmwl9pg
411,411.0,Mudassar Saddique,/channel/UC_qgWkLIbwXA8YGWTbjSN3g
412,412.0,전자오랏맨,/channel/UCkcaRxpTcisadUeCbHOYTFw
413,413.0,G-ZONE 게임은지원,/channel/UC9iXc6HmaGygDiTj5OaNqNg
414,414.0,KD키드,/channel/UC98Dw7oYrXnoXCfhxgffzRA
415,415.0,이춘향,/channel/UCH-5Xjx6MuEySkb-lAdIEeg
416,416.0,나무늘보,/channel/UCXAXCxTCCYYKsLJNzEvjqfw
417,417.0,LOL PRO Replays,/channel/UCYX9IB_lU43EenSWKDlheUg
418,418.0,개리유튜브,/channel/UCN8nXvaYJSqeD0wlwsVq2kQ
419,419.0,쿠키런,/channel/UCr-Eaw_CBpAqKHbzV_GidQQ
420,420.0,오하빵 ohhabbang,/channel/UCnPJ_Jcl-dwFuGgqhavB8oA
421,421.0,장파Jang Pa,/channel/UC8vlKcN5OpklBkb-Q2xGGjA
422,422.0,도넘스_DONUMS,/channel/UClSMggjRGUWf-_h18DHBITw
423,423.0,Mulpan,/channel/UCDBg2guHN1JanH7QP7i2dQQ
424,424.0,해봄,/channel/UCL9oC0YZRwuyudZqUrgKw9w
425,425.0,369랑께,/channel/UCVjAW_GXsPAbXKKEJYPBs0g
426,426.0,롤큐이슈 LOLQissue,/channel/UCyqwhqket92QYbSALAV7oXQ
427,427.0,애덕 유튜브,/channel/UCSCogaMMoxrDe43Cx_kB9cQ
428,428.0,급식게임즈,/channel/UCCWHOI_Xth7mINE98Nprz6A
429,429.0,HOWCOW uuu,/channel/UCInT34AJQaNyQ1V1PTEpv7w
430,430.0,찌훈,/channel/UCzlnXVYyIG38fUrMBGOpc3w
431,431.0,Gong re,/channel/UCl6gx0iQ-VvwhJu0r1FndTQ
432,432.0,원창연 WonChangYeon,/channel/UC1FK8EsrPHHVOvrDvctqpbQ
433,433.0,Roblox - 한국,/channel/UCXM-GWvgXxj8V_Q_o1B4zyQ
434,434.0,더헬TheHell,/channel/UCRTRG3sr8my7ONpSQNruU2A
435,435.0,JeongWon TV,/channel/UCu07k1hkdNzxLR2uc2-nYVQ
436,436.0,개인팟,/channel/UCIBoeAMqlic3emU6_crV9Vw
437,437.0,모마님,/channel/UCouZRGq24QaCvFlslu9uD9w
438,438.0,쪼낙 JJONAK,/channel/UCeq0Nrch5KY3VrZyn_BB32g
439,439.0,제동TV[ JaeDongTV ] 이제동,/channel/UCOp9K7CjksKsve6CkNPzUWg
440,440.0,단아냥,/channel/UCApbvGOzUHex_xBkX6TFo5g
441,441.0,AfreecaTV eSports,/channel/UCK5eBtuoj_HkdXKHNmBLAXg
442,442.0,쿠리파파 스튜디오KooriPapa Studios,/channel/UCvjevfcEcO4JXSe3SgMYbGA
443,443.0,안산저격수 ANS,/channel/UC7g2JNSc0SefzMTyc--Nn4w
444,444.0,임준하,/channel/UC0iAObTgKlFipjqApv0nJlw
445,445.0,쌍튜브,/channel/UCvG7coejM6UD_rOnuDdIoFw
446,446.0,HAK,/channel/UCMjsi-Xrmyv9vlN-92QySvQ
447,447.0,달동네꽃비와 클레이,/channel/UCaCZSrBILC5F__sIIUYgtVw
448,448.0,넥슨 YouTube,/channel/UCZcyI32yv57Zz0Y8-Nr1V9A
449,449.0,배틀그라운드 – PLAYERUNKNOWN\'S BATTLEGROUNDS,/channel/UCms8Ge7H1ZGgw6nV94fUhUQ
450,450.0,다다토이 DADA Toy,/channel/UC4pIb-g1hjtWK6T98UqeQkQ
451,451.0,왓구홍길동,/channel/UC9aktiWNGpSJKLshflga5yw
452,452.0,조탁구TV,/channel/UC_5H4MxUOOtppCGjpVl3XPg
453,453.0,수진이,/channel/UCmu_ekYHVR0vjmpyQZp8YwA
454,454.0,CheritzTeam,/channel/UClcACsSYAi97Ka_QxX72JAA
455,455.0,김성룡 바둑랩,/channel/UCfA0tTDLNooBB0ymdoI5M7w
456,456.0,Yoorop,/channel/UCUJtmHHXN4BGT3zyE0o1j0Q
457,457.0,인벤,/channel/UCQePzo3_oRB-6RAzBioc6pg
458,458.0,임아니,/channel/UCeHFCfPMbmQUuypVtXrpnTw
459,459.0,정리전문 [웃키키],/channel/UCn8P2mOrwb7BNMRviAFg6DQ
460,460.0,망개,/channel/UCNKam43W5s-LfRMKcd9Jg5Q
461,461.0,Toon Tube,/channel/UCIJBt-DqtODaUKGKI5H01fg
462,462.0,마일드참치,/channel/UCtNQtlVDw79Sdxvm08Egk0w
463,463.0,취한무드등,/channel/UCxM_h0LDzNU0XVD8YWCb17A
464,464.0,새상놀이터,/channel/UCJ9Mk-2MwdoS_zMKgkdVUNw
465,465.0,GHOST9 Official,/channel/UCwBsVtDcTVG4QCorkVNJ5Sg
466,466.0,AliasMuse,/channel/UCiAK_U-vD5zcL8Bh9sberCw
467,467.0,나나양,/channel/UC2z7Vj0qpcjIsAEHwOE1-NA
468,468.0,배그TV,/channel/UCb7DiMpyCaKjMM04Eo2qyfw
469,469.0,오버워치Player,/channel/UCeZZ5LAX3as-CPv-Bj3hPdQ
470,470.0,연두의 일상채널,/channel/UCFRDmLQJItqvkfFFfuTGGVg
471,471.0,킴스맨KIMSMAN INDUSTRY,/channel/UCixaWz4xXA_mJg8UhOZ6hkQ
472,472.0,레인보우티비 Rainbow TV,/channel/UCGGPa08De2KNGSaiPPokePA
473,473.0,비엠TV,/channel/UC50HiPRDIXQMcB9orOdlbaQ
474,474.0,탕카페TV,/channel/UCz1lALRICSdUzHRjJVVo9NQ
475,475.0,김맹디,/channel/UCi0y-H1q4ZLPaLQ7OrEI_dw
476,476.0,마플의 잡다한채널,/channel/UCvUKUkIM67eWFbQemjj2-eA
477,477.0,Bubsa Gaming,/channel/UCrBuJMx9qmXmxvQrmeI-TPA
478,478.0,핸팝,/channel/UCfSy6hLYDteGVYb5h_Z2xkQ
479,479.0,달밤에체조,/channel/UC8bT2KrnINV9UJazJtSmbLw
480,480.0,홍성오빠 hongseongobba,/channel/UCgiYYA1R_LAZ0lUXfKoaTwg
481,481.0,병병병,/channel/UCLtZE7A3iN-oysHf5_vJYBA
482,482.0,세드TV,/channel/UCMo4MnhHhSDkiUIXS6dytTQ
483,483.0,하지니지,/channel/UCFIUgqzzNjCvarzIqCE89cA
484,484.0,PlayersCUT,/channel/UCD4_2dTl0ORuzuv75tDom_g
485,485.0,LookSam,/channel/UCQLfdihF1WwbuVcgJq6x6Iw
486,486.0,Monsterunion Studio,/channel/UCHVsFjUcyCCm--p0HFzxWuQ
487,487.0,DRX,/channel/UC5WN-znPsJK0BbA8aHxZHWQ
488,488.0,BLIZZARDKOREA,/channel/UCEOoYEH7uLJ0Ux566Hy3XmQ
489,489.0,부멘 Bumen,/channel/UC-97DBrSjf37Qu1cyVQ8X1A
490,490.0,김도랜드,/channel/UC2_VPutZK0o_tG8ca_QrQRA
491,491.0,모잉_,/channel/UCHzre37UF4o64HRhp-7CDzQ
492,492.0,아론 페이지,/channel/UCDbOXmGL7EkmOcnUb5Kki4A
493,493.0,DWGKIA,/channel/UCepHesz_5Lwr7qRaqjB-p1A
494,494.0,뽀박사 뽀쪽 Dr Joon,/channel/UC0hI0RUHrjCCskDMnMBnzFQ
495,495.0,마루에몽,/channel/UCLWXraxoi58otTHcWa9LZhQ
496,496.0,라온스럽게 Be Like Raon Lee,/channel/UCJVsjpZqtve-SZ11U8jmH_g
497,497.0,어퍼컷Tube,/channel/UCuK80YHBZyyKrr2B1oHrgrw
498,498.0,캐인유튜브,/channel/UC-8S20Ll1gzPiu_YY8BgyaQ
499,499.0,\'B\' Story,/channel/UC-2uQeZQoX6OJwZ5mswZReA
500,500.0,ㅇyㅇ,/channel/UCm6Y-gVqhlhX4FzrJCtsSzg
501,501.0,파크모,/channel/UCLdxLyuNHafN-1UlOs2BK8A
502,502.0,코시TV,/channel/UC7uEw7E1-NBpJwE5L2Amoyg
503,503.0,심킹,/channel/UCDYdwDXhbVZXkdV6kZn-0IQ
504,504.0,하얀귤,/channel/UCLXSj8Q2mnL2XbBgRdTPiMQ
505,505.0,SM TV [SeoMin TV],/channel/UC6k_2mRnYn8b-W-pKtBy85w
506,506.0,기가막힌사람,/channel/UC9V4iFRjgNUaPRPgvSgSlxA
507,507.0,레지나Rezina,/channel/UCoGlmInGRIRoDg4NjAYv4-Q
508,508.0,Dmonk,/channel/UCvlZOzv_B0GD9VLqdsGWfcQ
509,509.0,앤새ANDSADLY,/channel/UCZQvXBMUT7ZMM5i9w9ZFp_Q
510,510.0,메로니,/channel/UC3tQqZv4OoVITcSAIYkopBw
511,511.0,무결의 VR게임,/channel/UCprxjd4bxAiNAxg947wvrmA
512,512.0,뉴리키,/channel/UCtsaNMRUmgwxMSb7xdpzALA
513,513.0,Companytube,/channel/UCpmGKHhLg6QmdDg03Zds8Fg
514,514.0,오늘의 매드무비,/channel/UCcjFBc6EZ76yJarqU1AYuhA
515,515.0,준밧드,/channel/UCDWlQ2AcGlcckdefjtF0goQ
516,516.0,GameDO,/channel/UCnhZk0ebU5fm9oazpCtc_Sg
517,517.0,김슬기 Seulgi KIM,/channel/UCsMjo3TqAQueM3LFWlsKnhw
518,518.0,무자비,/channel/UCPPuXI31ybWYB560T2uAeMg
519,519.0,한국닌텐도 공식 채널,/channel/UCRCK5FCJtomQT3b88jXI_DA
520,520.0,"포켓몬 공식 채널 Pokémon Korea, Inc.",/channel/UCAhmOb9JWkI2HV_KIe9X_3A
521,521.0,현솔,/channel/UCEWkdaR_6g6giiy8_vI6fmw
522,522.0,악시,/channel/UC58e7PIf49oMlDljMFPSy0w
523,523.0,시간의 숲,/channel/UCyfg0TBg4jwIqnX3uNADnhg
524,524.0,만득유튜브,/channel/UCLFaCqu7-o7NGqn_-uyKPBQ
525,525.0,백앤아-남매튜브,/channel/UCVwkFKZl7v3V02JR8gLlUyw
526,526.0,혜성,/channel/UCC1aXzKxN1P3WcpTh84-1OQ
527,527.0,멋진기영TV,/channel/UCl8OVxF0iHY3uFEgXz9w00g
528,528.0,미키스나,/channel/UCNday6XUUjYBs0fmjAmYTcg
529,529.0,우감독 [Director Woo],/channel/UCVbAEP8L2wR5dYvcWShwCsw
530,530.0,라넥갓,/channel/UC-Kk2qNHBsyyYy8kIIKMh8Q
531,531.0,기뉴다GINEWDA,/channel/UCyJgLaAwEwGiLTl9ccd2haw
532,532.0,최마태의 노잼일기장,/channel/UCV2A-3c6QjeeEsKUsmclOGg
533,533.0,윤작까,/channel/UClA2xudL_XKm5HLY9yP8wyg
534,534.0,선바 스트리밍 다시보기,/channel/UCave0SyDDkDTMoqql8UlBqQ
535,535.0,ScuD・쁘르로세,/channel/UCs5Qp6yaCnsUGwqegqTEPKQ
536,536.0,TV헤이스트,/channel/UCaiyyjmlyH70au7pzKE4jnQ
537,537.0,최홍자,/channel/UCZoVr9E5YFDAsnefuA_rrhw
538,538.0,흑열전구,/channel/UC2IYsRiATGe71sLIOlSXGuw
539,539.0,챌린저 미드김홍주,/channel/UCfL7Vob_QbS2c_QrP-KAjdw
540,540.0,111%,/channel/UCSKvHQ-fuH-LLFzeCH7zt6A
541,541.0,CAMAN카맨,/channel/UC3Md9z1EkkGs8htNkRG3Vew
542,542.0,타코리뷰,/channel/UCVes_P0Cc87L48_KvdyNX9w
543,543.0,메이플스토리맑음,/channel/UC1dHu9GhbHH7RcHKyJdaOvA
544,544.0,코뚱잉,/channel/UC4q2QOe3Ht73lVO-31JnkQQ
545,545.0,건곤,/channel/UCfO-Z1ZCFn9DF5217ZySjfw
546,546.0,Dobby도비,/channel/UCvejyifMonPNXGLX-QFmYyw
547,547.0,핫도규 HOTDOGYU,/channel/UCHvz6pwNdtkhukP6oPOOnQg
548,548.0,동호형,/channel/UCKr3S2aX4SyNkQTY-8UM86A
549,549.0,한자,/channel/UCk5C4AR3uvmKwZYkIlSobbg
550,550.0,괴물쥐팬OFFICIAL,/channel/UCz7gPLMK3PAXBTIEavZIXEg
551,551.0,표커,/channel/UCdF0eCyf5np3lPO4y1fJVdw
552,552.0,쥐늑대 유튜브,/channel/UCugJ9oXLc7a_6B0yyCHdpSA
553,553.0,안녕수야,/channel/UCm5suozTR8bN1o_5xRf9JrQ
554,554.0,신용인의 게임채널,/channel/UCDrdTV9TcDx9-znGQAy6lzQ
555,555.0,염보성TV,/channel/UCcazXPmL0XAsaScA-kq-Akg
556,556.0,안내메시지,/channel/UCMswODzU1ZjjrLyUk7NfwPA
557,557.0,캡틴김수호,/channel/UCYaFxuv97e0qSx1MU9FvhGg
558,558.0,THE SHY,/channel/UCT2iciPfSx1DmcYaf1MAFiA
559,559.0,ZEPETO,/channel/UCaQxLel1aN3NFozl3gl-i4Q
560,560.0,앵지,/channel/UC6jny3KnjnPLtSWYbrTqAtA
561,561.0,서농,/channel/UC9nWnAJQDNBkJ_JlbKS-7VA
562,562.0,긍정인,/channel/UCAm0pQmaq6dTcH2-qL6RQjQ
563,563.0,힙합가이,/channel/UC4ZsaUtdPtivLNNI5kozlDQ
564,564.0,저펄이,/channel/UCWMK0idJDBqwpueUiEXStCQ
565,565.0,엔씨소프트,/channel/UCbiqc9mdIz3XEH6LG5nCeMg
566,566.0,Sky Nerf Guns,/channel/UCUJv3d2xXUDVhyKJ6BhzPGw
567,567.0,입만산_김루윈,/channel/UCeRn_02zEifLqXxZkTpiXzA
568,568.0,안기효TV,/channel/UCYG8tuvbQzWsDeoADyJFU8Q
569,569.0,Racing Park,/channel/UCAPVYRwD-6yYx85oqgFnqCw
570,570.0,고뇌 [Gotube],/channel/UCfiarPVYi8ei4vZntToFYGg
571,571.0,이클리피아,/channel/UCRZURXN2vyCYzB9eYbSKQiw
572,572.0,HAMA JUN,/channel/UCuWFQc0UEyNbT8v-pX83MjQ
573,573.0,불도그,/channel/UCBjPppB6FOLloYBUvgbqE_A
574,574.0,우에하라아리,/channel/UC0EWVkB5mmeJ8z61rJWQTPg
575,575.0,이중선,/channel/UCw7FqLmYfW-nAVhEd_grcZg
576,576.0,Mihaya Gaming,/channel/UC5LL5w510Njr8heGeue1sEA
577,577.0,하지,/channel/UCRmG4YBJMlBiH4rt8g2vNPw
578,578.0,유튜브박사장,/channel/UCqbx_XBQEA80FHsnLQOKXrw
579,579.0,VR udon,/channel/UCoqtgDWFJ7vAZmEKnXXGDcw
580,580.0,게임저장소,/channel/UC4pUn2_URkvOvObfNcyvRzw
581,581.0,서봄,/channel/UCkQWAIUktzea2l8xT1GyVSg
582,582.0,레고장인 채소골렘,/channel/UCYGtilUot-VLx6F-ubjg24Q
583,583.0,수닝유튜브,/channel/UC4i0dvptG3PokPjMx6r1zNQ
584,584.0,라이언티,/channel/UChGrYmp0PTFef-XOjueNH6w
585,585.0,조디악,/channel/UC1b5zAyQWKa9KkIzC4wol0Q
586,586.0,김채호의 필름찢기,/channel/UCNbUh4ETUOSNq0HMMVjhieQ
587,587.0,리버스,/channel/UCFBGBsvOMA2gbxmnxgotsmw
588,588.0,김호랭,/channel/UCZo3yJ0wjksu7AZAjPMCgbA
589,589.0,김진우,/channel/UCweizAaKFQrSEYnleVOZqTA
590,590.0,웃소 게임즈,/channel/UCRMX7IWlG7Hqna2gDhGan_g
591,591.0,BUCKET STUDIO,/channel/UCRG64darCZhbsnsZCEiY2kQ
592,592.0,플러리 Flurry,/channel/UCdZGwKwvi_i5BLvFzCj4FXw
593,593.0,강교생 KCS,/channel/UCF90fBrj4HP9VpdwGiQkrmQ
594,594.0,백설양,/channel/UCQPPzb7y4aJz6VV1F3v066g
595,595.0,TV효근,/channel/UCG8FY3eGM47TVmv8x5ZhA7A
596,596.0,겜블비,/channel/UCGHtLohOnwNBhuJnPTjNo8g
597,597.0,감블러,/channel/UCgmQJAJuiddthVUfJmWxltA
598,598.0,파닭Padalg,/channel/UCyGe1k6hJ-t7ZlYfYSmPdag
599,599.0,Baby HAPUM,/channel/UCs8zXRDTNzCdaNCioaENt5g
600,600.0,지수소녀 유튜브,/channel/UChzIscohei65H-7T-Pztaww
601,601.0,스타크래프트,/channel/UClWPSY-fuGOIldrlUTqoEag
602,602.0,임요환,/channel/UCbGzoa8xSdjr-B3UdI06yPA
603,603.0,레알이,/channel/UCpUMkvvodRfGDkVN27lFe3Q
604,604.0,가재맨,/channel/UCnkytUgy0CtWd06up9CjNxg
605,605.0,혁구,/channel/UC2HEQnILETT1x7V9iW3H1Kw
606,606.0,Yellow character gameplay,/channel/UCymWBXiV4f_N-_xPgwmpEQA
607,607.0,곽민선,/channel/UCk0BKqdh8W4FR2eRTZ5Uoug
608,608.0,하솜,/channel/UC7xJ1J2TD7JwYlyL4RkBWmw
609,609.0,구구랜드,/channel/UCl5M8bem6rnqWesXuH2irWQ
610,610.0,에스카,/channel/UCoIoRtXGGPCaOE0qQHKXjvw
611,611.0,동룡쓰,/channel/UCwrxqmeyN40HHBsXtiPyFrg
612,612.0,주간신보석,/channel/UCY5Xbo2lSFqdDQGZJTXfFZA
613,613.0,노력왕먼치,/channel/UCQfISxq5legTqOt1h1us6lg
614,614.0,OCK CLAY,/channel/UCBdRqVCFEAuJnfnHTW3RMPQ
615,615.0,제독신ParkJunHyo,/channel/UCqpW5qIRfLkgnYtpe59Fapw
616,616.0,배룡 TV,/channel/UCLstY59V0mohZmcSGd33cPw
617,617.0,BJ섭이 FIFA4 S2 Korea,/channel/UCKd2rI7xVJm86kav7okWC6A
618,618.0,샤코타임,/channel/UCAkCZHtQdPWvbwaP1KJBjvA
619,619.0,얍얍,/channel/UCnb4EuP3C0dxeika3b-bnXA
620,620.0,요루루유튜브,/channel/UCXCa03lRK6tlntZoJ7TUWRw
621,621.0,YESOON,/channel/UCQEvlqmTcqU6SbjNhsft2wg
622,622.0,이문주,/channel/UCfdLDnGcRM3okEOtocWNHuQ
623,623.0,게임넛 GAMENUT,/channel/UCMru5gvumXqykoro-yDwQCw
624,624.0,노멀슈트,/channel/UCOGPI1FhzQOZM7bGb5IzM6Q
625,625.0,성주로운 게임생활,/channel/UCfo5uQjcvpD7M3V29pgINnA
626,626.0,새루 유튜브/SaeRu YouTube,/channel/UCzZepWSPs2VCpCirB3zGgtw
627,627.0,에프람,/channel/UCVgTydj9KUfDm_qmXPtx0FA
628,628.0,LEE&lee리앤리,/channel/UCaxgabcQh_tiPIcZfOS8zXg
629,629.0,금융인 강은호,/channel/UC9pCNmC-Ovq2sRfHIwLDuIg
630,630.0,설레임 TV,/channel/UC-sn1taSI0CEWg8n4M7WDMQ
631,631.0,코지CoZy,/channel/UC7bDvA98eXIUiLMwXPfdF2Q
632,632.0,문월 유튜브,/channel/UCtp1okjd3xQAhPNY8Wgt_Fg
633,633.0,플이,/channel/UCMmlqTsmThrRulFDlyhIUsw
634,634.0,만취한 오박사 Drunk Oak,/channel/UC0iFX-aClxo7TM6fE8K0duQ
635,635.0,연두부 YouTube,/channel/UCmOmhm_p0UEwcPkAmotX8RQ
636,636.0,살타 Salta,/channel/UCsbo5VemDR505Etd5ZKnWNA
637,637.0,로자르TV,/channel/UCuwnt_REmD4YsCtFJRoqjFw
638,638.0,싸패TV,/channel/UCfycsfXKilVd-EBL9VC8RGA
639,639.0,Sun,/channel/UCCILo-Qu-OMAb1zpzDa6B3A
640,640.0,다누리,/channel/UCtcw3t27H9qFwcdAujrDEyQ
641,641.0,도멘TV [DOTUBE],/channel/UCFHUplScMiWTjJrtv4hxWmg
642,642.0,DRIPPIN,/channel/UCNf1JFLCOec-SUhREgZaR6w
643,643.0,수학자,/channel/UC7Mc5ssSVpWzqH9mlRGEEAg
644,644.0,랑께님,/channel/UCkye8NKh9-zmsi466P_stcA
645,645.0,Nizzotch,/channel/UC3XJRyvLD7rvsVFCFS1IX0A
646,646.0,dragonvillage_official,/channel/UC6g-3ON3MpaiUuxBg25CZAg
647,647.0,CircusJhin・서커스진,/channel/UCH-Nxs1bVd4NT-k5W-XtTLw
648,648.0,고래쉬,/channel/UCCWcDTQwUzYxxQNxP17F-Rw
649,649.0,허블렛TV,/channel/UCJriMiQFo5023wkc2hWaiuA
650,650.0,코태(Kotae),/channel/UCJFkH0p-M4_WEaHvLqWnkIg
651,651.0,유성,/channel/UCWVCESey93cvp8xs0aP6TBQ
652,652.0,MapleStory_KR,/channel/UCU_hKD03cUTCvnOJpEmKvCg
653,653.0,사이,/channel/UCqEoc6yuYRg5CFG4NIG8euQ
654,654.0,단즈,/channel/UC_obLLzEBMtW0CeVsDG5b5Q
655,655.0,주식회사 중계진,/channel/UCNymqCXr3sxL8dnmO_jScuA
656,656.0,MGTV,/channel/UCKymUugOQ8dkT7dZ4KmK_3g
657,657.0,에어비스,/channel/UCXybGky1c_63xzXFzI0eU8A
658,658.0,콘파쿠,/channel/UCaJPKdBO9MVvbBuDBq92eiA
659,659.0,나초,/channel/UCqjUPx-UAFHVvthd71bY7_g
660,660.0,신속,/channel/UC0hk2D145ogyBYMKjylWkkw
661,661.0,솜사탕,/channel/UClfxB3OFyNkolbCEXp-5v1w
662,662.0,초승달,/channel/UCxx7UvIhPkEQxaplaWS2hLg
663,663.0,YunMot,/channel/UCWtPonhrTEf25p9nONwBwYQ
664,664.0,메밀묵도리,/channel/UCeUz8t-modXjYN12Pv4j54A
665,665.0,항심,/channel/UCX1s-RbSfskDNPnrwH3GvKQ
666,666.0,Polypuff,/channel/UC0aFOAetT4Hur0qmOnmmbBA
667,667.0,김승희 KIMSEUNGHEE,/channel/UCPZkUGXQrWKqWFCfDMaZxhA
668,668.0,DAERISOFT,/channel/UCp3trBfJcSUl6yjSI13-SPA
669,669.0,나이스게임TV,/channel/UCVR8eG4I5Fies8NQFWF-KsA
670,670.0,라이너TV,/channel/UCqgRbodod44OjLp9tqpgkPw
671,671.0,ROBLOX 해달선,/channel/UCwqLV5Xndjm4Wztk-c7IMjQ
672,672.0,견뭉,/channel/UCKC4R6B8bTLIKH1V9PyD7Iw
673,673.0,신동이,/channel/UCpDxgaliSzSm-XupR36lErA
674,674.0,中譯版今日韓服精華,/channel/UCLrMXBAgIPbOPR0h_6xWVrA
675,675.0,Play with Toy,/channel/UChvR-r6dtgPkXhY4rvPgq2A
676,676.0,프로즈,/channel/UCww3MeqGQnIatVvEr3pSjhA
677,677.0,김기열,/channel/UCf8xJL-CznwfW7W2LO3y_EQ
678,678.0,LinkTrader,/channel/UC8JzTlzwWkbyQuXaYDb00nA
679,679.0,카오,/channel/UCXkY64Z4UW9XEluhplCJafQ
680,680.0,와꾸대장봉준 풀영상,/channel/UCP-KRZsIkIqww2jIdrciu2g
681,681.0,닼발DACKBAL,/channel/UCQIx6hvYi2eurTCAum1HNyQ
682,682.0,정윤종,/channel/UCGyIKWpa4cbKJQIc2hNmVJA
683,683.0,성민TV,/channel/UCHe08MV-b1IWnsqRijJj5JQ
684,684.0,눈가루,/channel/UCAXuZuWLv9oLq6SEXnOppNA
685,685.0,ZUNBA,/channel/UCp3llTlSHdNNOsGJrj74JAw
686,686.0,파워나갔다,/channel/UCAlSU6hZSCvad9uY_jgqtBQ
687,687.0,레고77,/channel/UCw9fP0nSoUygLDmvV1GdAZw
688,688.0,대암씨,/channel/UCsxQaGNIhosDp5nltTepTQg
689,689.0,BMAE・브매,/channel/UCO-NbvyKEB37vpqP3NPebgA
690,690.0,TV파동,/channel/UCwfbSsZ7_sccxcibe60mWlQ
691,691.0,시연은애교용,/channel/UCeOMXtIby2Q7zEshYudsnRw
692,692.0,기무띠\'s 게임비디오,/channel/UCQ_lPE1mGPdrXgyGZnIEoMw
693,693.0,라모스TV RAMOSE,/channel/UCos3GN2gX0wLcfuhOAiMotQ
694,694.0,피넛TV,/channel/UCSRkC3h5WHvDFjE7uJ2zjIg
695,695.0,치킨쿤,/channel/UCD4PvWa8T2SpKo3Ml6KUpKg
696,696.0,칸나 CANNA,/channel/UCsXtWaTkFV9QUGuGZK-uxZA
697,697.0,/YEONYU연유,/channel/UC0RFuGLQPD6Vi51KMtU_ERA
698,698.0,도읍지,/channel/UCoovEJW0dyTWwHiblWDWvyQ
699,699.0,김비모,/channel/UCEEJLal6rPsZiM4daI1Uh8Q
700,700.0,무한검색채널,/channel/UCwAHRDxZXglVK48lOrGGArw
701,701.0,PlayStation Korea,/channel/UCZpjPApClr0g-CPt7-qktdw
702,702.0,탬탬버린 다시보기,/channel/UCTYNOog4xiq-rs2EaSmTnJw
703,703.0,신유야 / Yuya Shin 【NIJISANJI KR】,/channel/UCjGE11ZnF0JSR8egVAwh-3A
704,704.0,눈보라 / Bora Nun 【NIJISANJI KR】,/channel/UC1ZV7KBscK0EMoJKFu1DnDg
705,705.0,겜톡톡,/channel/UCHPSU645tRgYTpwMoL5b48g
706,706.0,쌍디TV,/channel/UCLa78xPPA3_q0MVGMnLbLAw
707,707.0,이재석,/channel/UCKiCT33Gmj3mlJ5xh-9ZUqw
708,708.0,긴착맨,/channel/UCC1LvVTX2ySKYjeIXkAtvsQ
709,709.0,그랑사가 - GRAN SAGA,/channel/UCeRR7LWLPt5j6ZxrhoulW2A
710,710.0,홍진호 구독두번은ᅩ,/channel/UCmsXCfQoKp5DcW8J9dMWnNQ
711,711.0,조마문,/channel/UC-FxGo3AYFpRxp6ZfSG68fA
712,712.0,양노을,/channel/UCtkfOeIQMGxTmp_lPkrNoLw
713,713.0,필대로TV,/channel/UCYq2LlmZoQyZEF5aX9ktyvQ
714,714.0,HJ Beyblader,/channel/UCD6eRCZSbJoLjkX0_NCn_XA
715,715.0,안소 YouTube,/channel/UCiQkevIy_kewpN_BKlubIRw
716,716.0,심해킹,/channel/UCN0CwoArM8_Lie4jgU6IHww
717,717.0,Goggles VR,/channel/UCjjNhUGNW7pgCE7o0ykjH0w
718,718.0,무한루프,/channel/UCuWPBHOUVyvYdjnKMKa2GQg
719,719.0,지혜로운지혜 [WiseJihye Official],/channel/UCAx833r9FQSPQ-i7Rl3mO7w
720,720.0,혜자 유튜버 골간,/channel/UCab91-2g_U7Sp57WnOfOYzA
721,721.0,스낵넛 SNACKNUT,/channel/UCCUMNoU8NdfMR0ahER_nQTg
722,722.0,시엘,/channel/UCefUNEmG0FTsvM1qjasy5Hw
723,723.0,쿄내KYONAE,/channel/UCeMgZ-xi9oCYYf2AHiGEKWQ
724,724.0,남도형의 블루클럽,/channel/UCwGS2W6UD4dJJU4IK2wyxvw
725,725.0,신짱TV,/channel/UC3hcAZl1KsoeGk8lKLIhXVw
726,726.0,싸2코,/channel/UCGPG74MxMgqQW-CQ9GXgCgw
727,727.0,라오유튜브,/channel/UCZbYYvm2uX-iqwZH0oXp-MQ
728,728.0,방송천재까루 KKARU,/channel/UCbjqW1Qbqa4yBdilK6hdgUw
729,729.0,화려한팀,/channel/UCGVyrK9Yf9AlkY2_gki0qPA
730,730.0,스토리픽_Day7,/channel/UC666MxZ7NJxiwXPkgSXw2Ww
731,731.0,YouTube가그,/channel/UCru6z0Jgh40ph7pRATzsvlA
732,732.0,Jegalyang ★ PD제갈량 [Games & Gaming Channel],/channel/UCNFohBYBPwTOZi8TC8GauGQ
733,733.0,[꿈토이] DreamToy TV,/channel/UCXKwn7RGh9ASaHERiSkQorg
734,734.0,카라멜YouTube,/channel/UCiiCuj4h6nkjYIjtimj2N-g
735,735.0,멘파,/channel/UC0-ZCUCeCQBwKU15x0Aqk_g
736,736.0,여왕럭스,/channel/UCK42N3MyEcUFkV74Em6jRkg
737,737.0,뚜뚜형,/channel/UCrfaDYarnkEixoyjshPgGDw
738,738.0,토끼예나 [RABBIT],/channel/UCyTB7UO3_yENs4iuNw7yMLA
739,739.0,ZED99 / 율천고 최현우,/channel/UCDvxB8XY9DOwYz1AI7B1PUA
740,740.0,꽃감이,/channel/UCIiAsSxd21ZGabut95VYYgw
741,741.0,El Señor Coreano,/channel/UChMGOfekNcXnS7Sg2GaUT-g
742,742.0,롤에낀선바,/channel/UCh9hXvYF58wJYdWCKNO2zzw
743,743.0,씨맥 official cvMax,/channel/UCqX4HxMPVdAsvfd9BC-C2wQ
744,744.0,모모88,/channel/UCyWg54QRROqMILZKM-fnzMA
745,745.0,Zero\'s Story,/channel/UCrUbHX9XbYXXaLWiwmWnAaQ
746,746.0,주민이야기,/channel/UCZpoKUPSHL0Uk6yrj9EK-qA
747,747.0,핑좀빈,/channel/UCYq1Y2pF1vsTKIzgLCaGGHw
748,748.0,스트리머 사또,/channel/UCnXe6v0-5vmMMRU2qx0XwUw
749,749.0,Neko Mikuri 寝込みくり,/channel/UCZohBcP4HL5UxV4xwY_81YA
750,750.0,허언 빽형,/channel/UCpyGTGQHIu6rK4gcGckK1jg
751,751.0,철갑상어탄,/channel/UCHXhFmex5EkUy-fP2IMQ_Ug
752,752.0,춘식이형,/channel/UCPCXGHR52Ricjza0rD012tQ
753,753.0,kisil키실,/channel/UCP6nknPRJcKi06plf7iORIg
754,754.0,배돈 TV,/channel/UChHxLcNi7e0zu-e33HM6v6A
755,755.0,이선생,/channel/UC0TMdsyB2cpzDQ9BqdZjs4Q
756,756.0,오치,/channel/UCB53jDRklGVXGlKALbXbTfQ
757,757.0,게임도리,/channel/UCDBniJtWmmDbGiJ68UbBrUw
758,758.0,게임플레이창조자,/channel/UCMyL_QwJ5_S3WVfppuIlGig
759,759.0,루밍쨩,/channel/UC87Oy6TlIoVfC66RtQfFMmw
760,760.0,피유TV,/channel/UCcKITUR4mDL0BSugm4nn66w
761,761.0,고요 Goyo,/channel/UCac_cr3_26_MVb1oxK6nEWw
762,762.0,YouTube늑,/channel/UCK7pQNS5M4DgezqV70fa2RQ
763,763.0,철면수심,/channel/UCy-H-BPCHctNmUb80MeapvQ
764,764.0,우주최강올라프,/channel/UC1l5wmXjrQ1COW8_kDtNtiQ
765,765.0,태너,/channel/UCvwi9NIHauxkyLsvODFpAbA
766,766.0,한국e스포츠협회,/channel/UC6YqXiwCBfPvPTs3wXgWElQ
767,767.0,겜박이GAMEBAK-E,/channel/UCEgu9F9TGQomPqrBvX6YZlQ
768,768.0,FTV Korea Fishing Channel,/channel/UCwSVFgykq2a4JpvJ9eiKU5A
769,769.0,쓰리컨드,/channel/UCHysRIIDpEywTmWl44ZV5Dw
770,770.0,금시르 Goldsirr,/channel/UCHMlEKuKFVVcGQ5hVRtMnlw
771,771.0,6번 배달부의 일류전문번역장,/channel/UChEfGSLA7O38fm9Jg7XP2pA
772,772.0,자빱TV,/channel/UCwT_iMjmRsnAitwgpaR1Tqw
773,773.0,쵸튜브[쵸피],/channel/UCEqnhWFiZV-ziHD909994gQ
774,774.0,춘자 YouTube,/channel/UCaBVyqfA5t5scUMwMGl7u7Q
775,775.0,에엑샤,/channel/UCCuCNgeQwxSMlZMQwKJ93kA
776,776.0,원신,/channel/UCcum1rCJ5GJeQ_xv0xrohqg
777,777.0,BloodMoon LOL,/channel/UCLo0v4O27Ew-eihkbbKFzLA
778,778.0,박김례,/channel/UCS5OzRgYPzc_bfveKFc4mNw
779,779.0,오뀨 튜브,/channel/UCOsmDCmvMza4TZKuOh4ERxw
780,780.0,옥냥이 흑역사,/channel/UCyQu1cbj1p3ivrO1dIFGt8Q
781,781.0,현튜브,/channel/UCsBoEjaEkHSrrOxPmmcxnOQ
782,782.0,Yellow skull TV,/channel/UCF5ISWf4XHlsmxNUX2p3HEA
783,783.0,오버워치 리그,/channel/UCLGDwdJU3TQF34JgVAlvwBw
784,784.0,송병구TV [Stork],/channel/UCns4Qg50SKaylIG1cErmvng
785,785.0,예순Games,/channel/UC2RP9LCRt8AkMZAgujPkRjg
786,786.0,맛나는꼬꼬,/channel/UCSTuWSKBNOqLHr7JsJ7smLw
787,787.0,똥그랩,/channel/UCpVDCL18eGUOjfmoV81mTpg
788,788.0,세아 스토리,/channel/UCKg3SYrZl5zskG5fkexUPCQ
789,789.0,세정TV마음공부,/channel/UCsPTKncTjDuse7gVizNb4XQ
790,790.0,lastburn라스트번,/channel/UCvY2B6jpEsJlIuzrYwilscA
791,791.0,덕개,/channel/UCGaI808OOBEe_iigKPKOtrw
792,792.0,쌈밥TV SSAMBOB,/channel/UCaHIZAKows704_gk6bjdAog
793,793.0,석티비,/channel/UCzzQvh7GqJ7xoylpuU15VaA
794,794.0,방구석게이머,/channel/UCpWJleg533gMjhNaDQUoxEA
795,795.0,만기퇴소,/channel/UCv7S6FG3Ne2drrlUHUgqo0w
796,796.0,블랙워크,/channel/UCvPDPTxTLitVEyGu4Xt6m8g
797,797.0,Shopping Suda,/channel/UC0SAH5eWSVii_bWZ_SZH9mA
798,798.0,오킹의 생방송,/channel/UCnVu56UaRv_s_xheV30IhZw
799,799.0,Jin Kong,/channel/UC-hOJMm8FwV4OXiFy1Rx3bw
800,800.0,세팅 TV,/channel/UCS0d-9XOnwieMvuW4Sr7J4Q
801,801.0,EVRABON 4,/channel/UCTKI_4MUfLRSfyAO5Ho90NQ
802,802.0,도개,/channel/UCo6ImobU2AMzNYBcQsKOMow
803,803.0,FULL월량,/channel/UClehlsPFO8glBwN1S1Bxsdw
804,804.0,덱스101,/channel/UC69Z5Vd-Z6bdCC5LKM_lv_g
805,805.0,파오캐 쩜신TV,/channel/UCKu1-TenGBwScgVpXitPw-g
806,806.0,핫스TV,/channel/UCpn9dP1b5BhBsU9SduEz1hA
807,807.0,노부기,/channel/UClU_RM3dXeHx3E0sB76K2Yg
808,808.0,오드써클,/channel/UCQxnPvlG_6b3gX3y6yR-Glg
809,809.0,전투정보실,/channel/UCAU4r-LLb74B5ArOFRVn33w
810,810.0,SODAZ,/channel/UCFP8gNKH1Ae5dnz8Ybt_kQg
811,811.0,쿠앤크맛,/channel/UCmAoQeG02zTzglSSRLk8oxA
812,812.0,한삼변,/channel/UCWi9-9TujEjq6ATV_zyQM0w
813,813.0,간애,/channel/UCvYeQJw6peXO2pq_wES-_QQ
814,814.0,울부짖는마오카이,/channel/UCLpAVYWw_-P29O6te5j5o1Q
815,815.0,Seoul Dynasty,/channel/UCNW1k2aJQewbDuwulTpYxBA
816,816.0,보잉수,/channel/UC9o7G47_Q4PMVLy-Lu99NAg
817,817.0,쪼선생 JJO TEACHER,/channel/UC7vyTwJjcUdYsVQjiTHcPyg
818,818.0,율무아빠,/channel/UCU4xwtQAE3odzc_ywJyDbdQ
819,819.0,피오TV,/channel/UCB4YEVYp6LynBpz7bXyZsTg
820,820.0,코리R,/channel/UCoA6gyr8M8yqefK-IdVAhOA
821,821.0,진격캐넌,/channel/UCmRL_430mSNs-6M6tcGXFCw
822,822.0,겜창현,/channel/UCymheuyZLem9B6XEAn0Iflg
823,823.0,야또,/channel/UC7SlmDfdUKlP1aPvuNgH8Sw
824,824.0,세체뽀,/channel/UCz_7dm5JRPnFWDWY2WW9ldw
825,825.0,태산군주 TV,/channel/UCF6XT8vGekOuAAPXVVq2eAw
826,826.0,썬샷,/channel/UCMYy7ppz4nKees5-oMR9I_g
827,827.0,프리즘 프렌즈,/channel/UCzzNVkayj7CVOHC_moPGakg
828,828.0,BEAMS Gaming,/channel/UCj775vJKCKlno8CEXNXGI3A
829,829.0,리누(LEENU),/channel/UC7vZy8SKd9beHL4HgH7jpBg
830,830.0,플레이성현,/channel/UC_y8p9eD1LwTWcjrZ4RPDIA
831,831.0,삐빼,/channel/UCrsWhKQLfeUel3hoWV7qjtw
832,832.0,애기야 BabyYa,/channel/UCo-ru2bBn2cp2InlDjt0LDg
833,833.0,PINE,/channel/UC0nhCDjyWZ-LZ9Ww0DqpAuA
834,834.0,무능한,/channel/UCXQoI3upwKr47JAiVaYkvIw
835,835.0,기무기훈tv,/channel/UCRmstH7h-AZpmkBoTa6QoVw
836,836.0,맥또마또,/channel/UC6xdZj8KvkNI6a13bEPwh0g
837,837.0,123 GO! GOLD Korean,/channel/UClnx4sXvG3g4PRTrQh_M32g
838,838.0,쏘핫트,/channel/UCZXWb_78BrkjpsLHv2bJhUw
839,839.0,스냅제이 Snap_J,/channel/UCKBKvCiEkixP77C01s9_dWw
840,840.0,이도원,/channel/UCWq9wRjQXYC8i486uVLysUA
841,841.0,아재민,/channel/UCyInYXFnJQYbXmeAg5VqBxw
842,842.0,웅뇨,/channel/UCZXCry2shxVwrFBBq_AAJ3Q
843,843.0,철권 JDCR,/channel/UCPlV0OpQMImKviSTWHJEDiQ
844,844.0,아진쌤AJINTV,/channel/UClBSO_i7bqfTuRUmaspab-A
845,845.0,로나딩,/channel/UCg7ZESiNqxYUeJilJR4_Y1w
846,846.0,제황,/channel/UCS6SZIyLWg2G9EOorxGYsPA
847,847.0,PD바다,/channel/UCj3a32XzsSysujN9YsdM4DQ
848,848.0,민식박,/channel/UCn1i1TTl1qsaIr79-x3mn8g
849,849.0,봄수유튜브,/channel/UCVwzpoeLz6-AerQheYkiMlw
850,850.0,에이사 asa,/channel/UC1p5kp09LAS3kpQB3O8YQJw
851,851.0,열매님,/channel/UCDpBElvX2JQ9CUiYG2tF6Vw
852,852.0,쌈용,/channel/UCviD8FRJE2BGUxI8SGOqfLQ
853,853.0,잠팅TV,/channel/UCBURkdaseLTZXkoRUmM-zpQ
854,854.0,YouTube부스팅,/channel/UCu3YR5D-bMQzO3SfLddBUFA
855,855.0,IngBung,/channel/UC2oV7oZzYvTsQuDWH3ubhyQ
856,856.0,QUALHOUSE,/channel/UCa-FO73AZUyIhhk75G276uw
857,857.0,즐기는 남자들,/channel/UCP1rKrteinsrN5yxtF435EA
858,858.0,새우새우,/channel/UCHlQPZM_5xu_3BCa_3cVHVw
859,859.0,수담,/channel/UClvWPXZ0UAD-JJZltZrq35w
860,860.0,조랭몬 YouTube,/channel/UC4vD5JpdxZRPy1bpRAdjhSA
861,861.0,마주,/channel/UCXeXeCn960Hm-y289HCAxkQ
862,862.0,OneVIEW,/channel/UCbpbMxAVkptDwH6ybFh8DWQ
863,863.0,WDG e스포츠,/channel/UCW3Cd4nva2VYEPfuR9P37jg
864,864.0,냥빠의 일상,/channel/UCKeQcMBGOhlMscnho-VqPgQ
865,865.0,Gaming_Jo 조매력,/channel/UCmO95HRxmZ_hip_1d2ceH0w
866,866.0,모카형,/channel/UCk_QmLS-WIMPrDii6C9s46Q
867,867.0,하나리인,/channel/UCLBkS57diiM6xX2nknGRsmg
868,868.0,스패즈,/channel/UC7ES2oT45Z0KTI-wadeIH4A
869,869.0,신사용,/channel/UC6QJowhz8WHwkKr1KeN7FWg
870,870.0,포도네,/channel/UCbFDSHnru84Z0bEIVM8Oesw
871,871.0,갱맘TV,/channel/UCOaG8Fw9RMy6Qjz-6Oie0ng
872,872.0,Point Blank e-Sports,/channel/UCICRuqy50yNCGIAJez-g8ew
873,873.0,오징93,/channel/UCROpSmVtCE0rpuOeTJ6bExQ
874,874.0,맛종욱TV,/channel/UCbZpls8xOCRgDMIWKdzUKLg
875,875.0,행귤탱귤,/channel/UCMLorQSInusYGtFOKLcOS8g
876,876.0,상아리,/channel/UCGFjFGjtqRiAcVxYV036ofA
877,877.0,월메TV,/channel/UCyLpBpBkh0LlfVpR4kfATCA
878,878.0,시바스,/channel/UCbK6FQgxpjdkF8U1ANYp6rQ
879,879.0,리폿,/channel/UCuyUrpyika4VHn0aoH5zNHg
880,880.0,프로연우,/channel/UCfC7lLfshm-GGKengvBm_HQ
881,881.0,생활인의 시계,/channel/UCaxrxksDrry8yMPWHMdqVrg
882,882.0,김데데,/channel/UC-9v2ASxz8f313YpiMF55eg
883,883.0,Gen.G esports,/channel/UCDmmbxGg8g-EBkC_ku6vybg
884,884.0,한국타잔,/channel/UCjFIJ4rseiFS9PEx08_t4AA
885,885.0,스파이럴캣츠spiralcats,/channel/UCcUzg3-0pMZA9LTE3OyKJ2A
886,886.0,SIMBA WORLD,/channel/UCJZ5ewZoR0hiD6x-mKbq4rg
887,887.0,이경민,/channel/UCNS486DlVIvdRgOxnCQdzmA
888,888.0,인간젤리,/channel/UCN8hAr9PSgY94RD6u7rZ_ig
889,889.0,Untara,/channel/UCsRiYH-VrZ2mYsohk7GhLdQ
890,890.0,김제국,/channel/UCzZwqDA6RSa3KG9HWEmkY4Q
891,891.0,실크로,/channel/UCJj2vuQIpFnk5pbTAtCi3yw
892,892.0,툭툭,/channel/UCkXLhpUyROkoFx4YsIpJ0Ng
893,893.0,SUD Inc.,/channel/UCQQ2lpBcw9S9-fv6g_unNNQ
894,894.0,세븐나이츠 TV,/channel/UCRXvWEtribpNT9FB7BVOE-Q
895,895.0,38 P,/channel/UCQFYdCsWlIFGhtjPaFxxNRA
896,896.0,산초,/channel/UCsPM3IeBczIKLj59xEUYxLA
897,897.0,장지,/channel/UCzps05UZ7XpX3SFoFyYIDow
898,898.0,Je Hae Gwon,/channel/UC5fN2gdOeABC3LF_-cxb_0A
899,899.0,케차,/channel/UCB3q-dSjxm5JkfH7Q8V8_-Q
900,900.0,esports KBS,/channel/UC9_093tAK3bXyZfT84efbvg
901,901.0,로복,/channel/UC8EmIxemyu_VCeZZXfI5EAQ
902,902.0,ˇ포비,/channel/UCBmjePtcl5ooJszgqDBUk2A
903,903.0,코마,/channel/UCIigIgtZ65TiGQSmnVJaUCQ
904,904.0,저출메이플스토리,/channel/UCyMKH3LOBFE2fBu8WhGWybg
905,905.0,Hanwha Life Esports,/channel/UCrfB1-zWijAYkgfZW7Ehc8Q
906,906.0,유뚱,/channel/UCRBRpCsghvPxWTSUcvhD-Tw
907,907.0,꿀밤이게임리뷰,/channel/UCTt859tDDQLfrId1j6cxejQ
908,908.0,한공이,/channel/UCLYqLkuWHRN8tNcuf-_WMbw
909,909.0,똘똘똘이의 유튜브,/channel/UCdm3jOfy5znmYwBVxYlhVdw
910,910.0,찬호 리뷰TV,/channel/UCi-HVFYeDNfAZMLYIul9wOA
911,911.0,아크로 게임채널,/channel/UCsNKLobUBpOKn2YgIpvlhMQ
912,912.0,와쁠,/channel/UCzLiNx7l7dXWhd_11-VxiGw
913,913.0,스2맵 제작러,/channel/UC3z0vouNxRJ8ZwnVS8SsGpQ
914,914.0,MyBoo Cosplay 마이부 코스프레,/channel/UCIj5rOKz6Kv6CwjSgZXqUaA
915,915.0,웅플,/channel/UCja26PHMHQaj6Y4likW7rwA
916,916.0,배성재,/channel/UCX0Iq0BH7YCG0oEqbVHCuJA
917,917.0,김리하 유튜브,/channel/UC6m3XIy59AP-gdx9W35MCUg
918,918.0,MSG,/channel/UCZkLrBdFcSFrGXwGZyMF36w
919,919.0,옹이의 모동숲 이야기,/channel/UCCz3mJvnA8kA_QXWjWdXoEQ
920,920.0,롤읽남 LOLNAM,/channel/UCfJ9Iwih_Il_lxb_uIOh6zw
921,921.0,최기명,/channel/UCXV4CV1kkUnx4ZS7hOdMxYg
922,922.0,장준영,/channel/UC5uvrqK6NYeF1Tw2zIbOKyQ
923,923.0,존잘벅이,/channel/UCSdzYITFKZQRCWKoDZcd5Dw
924,924.0,델로략국,/channel/UCls1Y2LgkPk6t5TMFIKaoBQ
925,925.0,애니한TV 게임 AnnieHan Game,/channel/UC2CBOJb8M-Bv1a42IIJ1kjw
926,926.0,흐쟁이,/channel/UCWOx-QEaE9bjGHhO5J1mgpQ
927,927.0,오형짱,/channel/UCCiKOocVSjyb2rsbL_Aanhw
928,928.0,Gen.G Miro,/channel/UC23mwByTzKYGI8yNBKhPCuQ
929,929.0,연비생각,/channel/UCRBbjdhdwPVf4aE5Eape53g
930,930.0,김마메,/channel/UCUTlj3gVlvFwZOQyTyV-1Hw
931,931.0,엘사지존,/channel/UC6DXengAQay5cw2rmdpqInw
932,932.0,Benett Kim,/channel/UCwq8uklkHxP1pThkVT80vSA
933,933.0,MingMing,/channel/UCTtxKpFzW2iVK9FeLD9mAgw
934,934.0,비웬 BWen,/channel/UCo3EvF3xGHsm8KE2_bKFZVQ
935,935.0,개소주,/channel/UChEGVg9hKfcmVGba_ALl4gw
936,936.0,도둑밥,/channel/UCZLa7gK5z3rdmejhPMVK3Ug
937,937.0,꼴픽이 [KorPicK],/channel/UCseafVVGN1lfYZ6xxney1QQ
938,938.0,A후라,/channel/UCJ-QONkD2j37J7o2tn0vxFw
939,939.0,찰리의 트루먼쇼,/channel/UCorddDGB9TKmUPiIlhDL6Bg
940,940.0,그림노리,/channel/UCFUArYVzD9QLHti_2ikILxQ
941,941.0,뻔튜브,/channel/UCkumgc-lJVeuIAb43mIAAKQ
942,942.0,DALCOMSOFT,/channel/UCdXHiTBTzboQ9e69VdYpaDQ
943,943.0,플레임,/channel/UCI6Ro_MOr36re4Bhb7nCY7g
944,944.0,종이접기 TV Origami,/channel/UCyDha-Z583QBIvKAw8pRKzQ
945,945.0,엘로아비디오 EloaVideo,/channel/UCPxbfSEtUjXVMnQrrG-asOQ
946,946.0,스타디움 TV (STARDIUM TV),/channel/UCer1PB0K9ctQ1qKN-m7OFag
947,947.0,maina Highway,/channel/UCL2PqMA_YRDTdEreLUL6FFg
948,948.0,싸커러리,/channel/UCYGF_xk5RDpltyZDSx040uw
949,949.0,"겜방튜브, 롤에 관한 모든 것",/channel/UCoOQUteD_4wor08wTCb_OuQ
950,950.0,Destiny (데스티니),/channel/UC6NXJtCn3p-actkvBUlHwDA
951,951.0,모카씨,/channel/UC0q_bNsg_OYJk5iAatLRGig
952,952.0,박인수,/channel/UCIBBRB8-4WLtrHRyQeZbMHQ
953,953.0,방앗간 비둘기 무비,/channel/UCH32ZVjWdVhHSpkegMFvkhA
954,954.0,눈표범,/channel/UCIUFp94_n6H36nkGCljudlg
955,955.0,00231,/channel/UCpqY-U9kgFgQPCC6HXfVZkQ
956,956.0,Playart플레이아트,/channel/UCF9iRtFAXO6zGA2n66WHFWQ
957,957.0,금개미 GoldAnt,/channel/UCDWhAr8cM2EhPNpIo_vHOeA
958,958.0,자유작가,/channel/UCahHxanoOYfTVVw28FTtXQQ
959,959.0,은미호,/channel/UCHMQucCMSGy3kGhh74Z5NRg
960,960.0,Carpe,/channel/UC1pOo4q4RBQHohNAYn3BFyg
961,961.0,코어 오브 아이디어,/channel/UClddcwY0DlOYX0lR0sKtTug
962,962.0,리바운드 TV,/channel/UCMRMysKKlm3uKI1k1qII_mQ
963,963.0,_Shin_,/channel/UC2HRgfH8TqgRNB4tTj0a2mg
964,964.0,제라툴,/channel/UCaCFlaIQAmiU_mLnZq5E-tA
965,965.0,연두부 하이라이트,/channel/UCjbj7qqvXFst8bHVEXg7kig
966,966.0,배드마우스 게임채널,/channel/UCnhGcri8x6xhehanhAe9ipw
967,967.0,비디오 게임플레이,/channel/UCfrVbTUXWWYSps_OR-j8n0Q
968,968.0,찐지 JJinJi,/channel/UCHQcF_yN5QSDYAnXb5vaXcg
969,969.0,fireChrome,/channel/UCbIfDh1EPWcbAx06pYvMm-Q
970,970.0,반의반,/channel/UCVCCleo8clQMILCC60oWvbw
971,971.0,슈이비닝 장기,/channel/UCBT0Cf1Y-6FQDWRzhOkJ5rw
972,972.0,어니우기,/channel/UCbTnsVoJimYzyBu-atTvXJg
973,973.0,YeonAnims,/channel/UCAUGpbLmKGJJDqWtq4q0kGA
974,974.0,코모리,/channel/UCg36zEJ4dCqqppOykWWIvXQ
975,975.0,백나른유튜브,/channel/UCp5aIabBf0G4FngWLcKsLmA
976,976.0,ND러너,/channel/UCj9v_ThF9C97nrraZKlxKfg
977,977.0,뒷목잡는맹꽁이방,/channel/UC3RzmV2LX3AmWhZVx0A7u0A
978,978.0,트리샤,/channel/UCwDUaaiHf_yn1reY0hObiWw
979,979.0,꿀딴지곰,/channel/UCRNMJOB5slwh28PMEQ0xFww
980,980.0,하나TV [하나은행],/channel/UCSHbm2TrspNZ_p_yd39kMNg
981,981.0,놀이터,/channel/UCRJc8pP_maWfgzs_4uIiRIw
982,982.0,카러플맹구,/channel/UCsxQAMMUbhochnbKbuyDpDw
983,983.0,지퍼킴 ZipperKim,/channel/UCKzkksD6zVHe8ct7ZyLgSCA
984,984.0,김박사,/channel/UCelOGMLpWGaF_i7X6g9M7Vg
985,985.0,간창 Ganchang,/channel/UCfZLG0_iz4TQkqRT1ZDtLnw
986,986.0,알파카TV,/channel/UCQNu12i3pCgD4uNPh4AaGVA
987,987.0,YOOGOLRA,/channel/UC5xNqkcmAjwpI43IVHlCEFw
988,988.0,가랑비,/channel/UCMtyVP93li88MYAE5KzfpSw
989,989.0,時尚動感Vogue moving 動感小鮮肉,/channel/UCm6DSCSOYNzjzdpm_-iw_bg
990,990.0,포비위키,/channel/UCFoosrYcl0_2ycHkCrfn1Sw
991,991.0,수퍼비갤러리,/channel/UCiCn9uEE9guj8j49eIoXifA
992,992.0,러끼,/channel/UC_8GOc5dWX2Kpb74_nQ7vSQ
993,993.0,_백씨,/channel/UC03HZV55oudbBWo99sZTktA
994,994.0,도비,/channel/UCLTYnIpxOoI8Ct4DSsGd4Aw
995,995.0,푸사,/channel/UCGlbF_ycg31KebOOhkryVSQ
996,996.0,양배추HAkUSAI,/channel/UCdHlghBW87VgDfGX5D7Xj3A
997,997.0,니엘 NIEL,/channel/UCIoy7FCVWAvOONVPOKo_g8A
998,998.0,St4y 스테이,/channel/UC1UtimqTCgBv2to4togsqAA
999,999.0,용연향,/channel/UCfycCZCzxBrdBzNF1fGD5mA
