,name,youtube_code,namu_code,namu_url,txt_name
0,박닝겐,/channel/UCtG4WVb1P38zdKG8HXP4scQ,박닝겐,https://namu.wiki/w/박닝겐,박닝겐.txt
1,Xbox,/channel/UCjBp_7RuDBUYbd1LegWEJ8g,Xbox,https://namu.wiki/w/Xbox,Xbox.txt
2,Lime Tube[라임튜브],/channel/UCxutPqfWSdYqaK8_tlc5PBA,라임튜브,https://namu.wiki/w/라임튜브,라임튜브.txt
3,ToyFamily,/channel/UCxLOTgnqpSqQp_kMPlb7PWw,Ryan's World,https://namu.wiki/w/Ryan's World,Ryan's World.txt
4,도티 TV,/channel/UChQ-VMvdGrYZxviQVMTJOHg,도티,https://namu.wiki/w/도티,도티.txt
5,감스트GAMST,/channel/UCbFzvzDu17eDZ3RIeaLRswQ,감스트,https://namu.wiki/w/감스트,감스트.txt
6,잠뜰 TV,/channel/UCg7rkxrTnIhiHEpXY1ec9NA,잠뜰,https://namu.wiki/w/잠뜰,잠뜰.txt
7,LsCraft,/channel/UC4Qw1uE9kwUI4cCAx9HZtxw,팬 케이,https://namu.wiki/w/팬 케이,팬 케이.txt
8,악동 김블루,/channel/UCNzcxCN_Hh_lu5RCSFXKgGQ,김블루,https://namu.wiki/w/김블루,김블루.txt
9,대도서관TV (buzzbean11),/channel/UCSHVH_AWVUc-C8-D8mh8W6A,대도서관(방송인),https://namu.wiki/w/대도서관(방송인),대도서관(방송인).txt
10,양띵 유튜브,/channel/UCYooECrv-fIXlPaDwEIaveA,양띵,https://namu.wiki/w/양띵,양띵.txt
11,김재원의 즐거운 세상,/channel/UCta_NRwnsUaew0t3VNxBNyg,김재원(샌드박스 네트워크),https://namu.wiki/w/김재원(샌드박스 네트워크),김재원(샌드박스 네트워크).txt
12,뜨뜨뜨뜨,/channel/UCHxKSivB6JLZ1SEMdxd1fAg,뜨뜨뜨뜨,https://namu.wiki/w/뜨뜨뜨뜨,뜨뜨뜨뜨.txt
13,Edu car toy school,/channel/UC3dt8G_iIiZXijtaaLgo1HA,Car Driving School Simulator,https://namu.wiki/w/Car Driving School Simulator,Car Driving School Simulator.txt
14,태경 TV,/channel/UCEPuItFWOOJ2o5hTu65NlEg,태경,https://namu.wiki/w/태경,태경.txt
15,T1 Faker,/channel/UCpJw2H9KKqwCCGQKRh1Bf2w,이상혁,https://namu.wiki/w/이상혁,이상혁.txt
16,악어 유튜브,/channel/UCQJuZxeDv2P05YHcC-tIEVQ,악어(인터넷 방송인),https://namu.wiki/w/악어(인터넷 방송인),악어(인터넷 방송인).txt
17,캐릭온 TV,/channel/UCyn_E0ZE8RNOnYnF3lVaCOQ,캐릭온TV,https://namu.wiki/w/캐릭온TV,캐릭온TV.txt
18,우주하마,/channel/UC2NFRq9s2neD_Ml0tPhNC2Q,우주하마,https://namu.wiki/w/우주하마,우주하마.txt
19,테스터훈 TesterHoon,/channel/UCUbOogiD-4PKDqaJfSOTC0g,테스터훈,https://namu.wiki/w/테스터훈,테스터훈.txt
20,우왁굳의 게임방송,/channel/UCBkyj16n2snkRg1BAzpovXQ,우왁굳,https://namu.wiki/w/우왁굳,우왁굳.txt
21,릴카,/channel/UC48NSSfUBsmL0k0wKxSqRkw,릴카,https://namu.wiki/w/릴카,릴카.txt
22,Dino Box Jurassic park,/channel/UCR3rHpatQ69g1uiGfGp60rw,쥬라기 월드,https://namu.wiki/w/쥬라기 월드,쥬라기 월드.txt
23,만두민 ManDooMiN,/channel/UC3DYSay178fMMPaf3zHwECA,만두민,https://namu.wiki/w/만두민,만두민.txt
24,킴성태TV,/channel/UCAaLhok91QDrweyuDRsmjqQ,킴성태,https://namu.wiki/w/킴성태,킴성태.txt
25,겜브링 GGAM BRING,/channel/UCSOeJWyByeoBHpmrm0NnlLw,겜브링,https://namu.wiki/w/겜브링,겜브링.txt
26,유정호tv,/channel/UCWCKqaOsUJ0OzjC01ATQmPA,유정호,https://namu.wiki/w/유정호,유정호.txt
27,혜안,/channel/UC8CIM3d3zDYMk-3T5aAz0yw,혜안(인터넷 방송인),https://namu.wiki/w/혜안(인터넷 방송인),혜안(인터넷 방송인).txt
28,MariAndColors,/channel/UCdvO5cIFPdFDhXDzs1WrbZw,말이야와 친구들,https://namu.wiki/w/말이야와 친구들,말이야와 친구들.txt
29,쁘허,/channel/UCtCnnCUn9IDDQRU9_04JD3g,쁘띠허브,https://namu.wiki/w/쁘띠허브,쁘띠허브.txt
30,기리TV,/channel/UCEcuyrAqhRVUmRdOd6FGKSw,기리TV,https://namu.wiki/w/기리TV,기리TV.txt
31,테드TV,/channel/UC5pbeFWTPAUdKu65kBROsBg,테드TV,https://namu.wiki/w/테드TV,테드TV.txt
32,makeUmove,/channel/UCc0_4m8a-YtBHEcYwjEnbxw,맥큐뭅,https://namu.wiki/w/맥큐뭅,맥큐뭅.txt
33,텔론,/channel/UCl4nBkmJCDs6RR8uWldAqLA,텔론,https://namu.wiki/w/텔론,텔론.txt
34,램램TV,/channel/UCHdsNK3SJi7tI85f4XPy7zA,램램,https://namu.wiki/w/램램,램램.txt
35,마재TV,/channel/UC7uKMg7lPdCp4Nm1tLesihQ,액시스마이콜,https://namu.wiki/w/액시스마이콜,액시스마이콜.txt
36,군림보,/channel/UCN5oT4zGJX-_H6pE5isAEeg,군림보,https://namu.wiki/w/군림보,군림보.txt
37,연다,/channel/UCZcD2iYy55-SkEbv3tcMZrg,연다,https://namu.wiki/w/연다,연다.txt
38,울산큰고래 박성주,/channel/UCIchCOLwLBMD87quHlNuXjQ,울산큰고래,https://namu.wiki/w/울산큰고래,울산큰고래.txt
39,머독방송,/channel/UC-Zedn7a_RJyb5hUQ-aGZog,머독(인터넷 방송인),https://namu.wiki/w/머독(인터넷 방송인),머독(인터넷 방송인).txt
40,잉여맨 유튜브,/channel/UCeG0ONJtjwE20ThR5iSYdsA,잉여맨,https://namu.wiki/w/잉여맨,잉여맨.txt
41,Toycoo 토이쿠,/channel/UCHCkaI_DQoU7Tgg4CsBN5Bw,TOEIC,https://namu.wiki/w/TOEIC,TOEIC.txt
42,침착맨,/channel/UCUj6rrhMTR9pipbAWBAMvUQ,침착맨,https://namu.wiki/w/침착맨,침착맨.txt
43,Lone Dragon,/channel/UC62pL2GZUeMx-gSzQmnB6gw,카라반 팰리스,https://namu.wiki/w/카라반 팰리스,카라반 팰리스.txt
44,괴물쥐 유튜브,/channel/UCDBAVzfX3yZ1hah0FHnOoaA,괴물쥐,https://namu.wiki/w/괴물쥐,괴물쥐.txt
45,개리형,/channel/UCRpdlPk671uOMiBtf5HtB3Q,개리형,https://namu.wiki/w/개리형,개리형.txt
46,압둘알리과로사,/channel/UC31ypOxFsuU3Q0OFpQzcQ3g,과로사(인터넷 방송인),https://namu.wiki/w/과로사(인터넷 방송인),과로사(인터넷 방송인).txt
47,돼지저금통,/channel/UCEVnzHZkNMG-XFUGomZ24cg,돼지저금통(유튜버),https://namu.wiki/w/돼지저금통(유튜버),돼지저금통(유튜버).txt
48,김왼팔,/channel/UCPI40-XQA9-GBGj2k8PPqfg,김왼팔,https://namu.wiki/w/김왼팔,김왼팔.txt
49,Cowsep,/channel/UCgzC7SsCYSfGrVWoHQS5W8A,Cowsep,https://namu.wiki/w/Cowsep,Cowsep.txt
50,눈언YT,/channel/UCt1dxdedblLX2PsSFFK0Hzw,유튜브,https://namu.wiki/w/유튜브,유튜브.txt
51,스페셜솔져 - 모바일FPS,/channel/UCU8zFvUOoHYB3DY5cKIiSKQ,스페셜솔져,https://namu.wiki/w/스페셜솔져,스페셜솔져.txt
52,T1,/channel/UCJprx3bX49vNl6Bcw01Cwfg,T1/리그 오브 레전드,https://namu.wiki/w/T1/리그 오브 레전드,T1-리그 오브 레전드.txt
53,문호준,/channel/UCeivPjjK9-cdj8-gw4-7JRg,문호준,https://namu.wiki/w/문호준,문호준.txt
54,강 지,/channel/UCIVFv8AiQLqM9oLHTixrNYw,강지,https://namu.wiki/w/강지,강지.txt
55,탁주 TV,/channel/UC7nVGqibbYgrzh733LDffNQ,탁주(인터넷 방송인),https://namu.wiki/w/탁주(인터넷 방송인),탁주(인터넷 방송인).txt
56,유키 YOUKI,/channel/UCidO_j4TWaTvUiid2WffuqA,YUKI,https://namu.wiki/w/YUKI,YUKI.txt
57,GCL 지씨엘,/channel/UCLuDznROytXtnMSDwo5aGJQ,GCL 지씨엘,https://namu.wiki/w/GCL 지씨엘,GCL 지씨엘.txt
58,헬로[HELLO],/channel/UCsR07Y3qMhf_oKxit4xLoHg,Hello,https://namu.wiki/w/Hello,Hello.txt
59,저라뎃 JUSTLIKETHAT,/channel/UC1dG3vI9FfHnH3YgyeKUz_A,저라뎃,https://namu.wiki/w/저라뎃,저라뎃.txt
60,코아 TV,/channel/UCdmPH-DTjL52x5K3lRvHYQw,코아(인터넷 방송인),https://namu.wiki/w/코아(인터넷 방송인),코아(인터넷 방송인).txt
61,로이조 TV,/channel/UCLJs55bZWMsCBPekt3vssoQ,로이조,https://namu.wiki/w/로이조,로이조.txt
62,유소나,/channel/UCxeWKVovE_mKNRCwAlpL87A,유소나,https://namu.wiki/w/유소나,유소나.txt
63,삼식,/channel/UCMOOio1GZ50OeJT58DGBQCA,삼식,https://namu.wiki/w/삼식,삼식.txt
64,TV대정령,/channel/UCHsK9gl5aU0F3umrU4Zn_sA,PD대정령,https://namu.wiki/w/PD대정령,PD대정령.txt
65,수탉,/channel/UCw-JzmPsjRcbzJLncr4pIIA,수탉TV,https://namu.wiki/w/수탉TV,수탉TV.txt
66,퀸톨 TV,/channel/UCiwOunGuqfKjcLIBsteAAJQ,퀸톨,https://namu.wiki/w/퀸톨,퀸톨.txt
67,퍼런안경_BLAS,/channel/UCSQkftbg2z4kz4NNBVs6CIQ,퍼런안경,https://namu.wiki/w/퍼런안경,퍼런안경.txt
68,Partition Zion,/channel/UCn_9mH91rLWez9SZ6AdjfYg,Partition Zion,https://namu.wiki/w/Partition Zion,Partition Zion.txt
69,형독방송,/channel/UCJDEss5wA1ddrCBC40giO8A,형독,https://namu.wiki/w/형독,형독.txt
70,서넹,/channel/UCylzl5EMsHKCMeUe2TLKLKA,서넹,https://namu.wiki/w/서넹,서넹.txt
71,Official Dopa,/channel/UCt15X5eHLwyP8PpNtQTkuDQ,도파(인터넷 방송인),https://namu.wiki/w/도파(인터넷 방송인),도파(인터넷 방송인).txt
72,GreatMoonAroma 대월향,/channel/UCWL_9MaaMy8ObTDPmVHemjA,대월향,https://namu.wiki/w/대월향,대월향.txt
73,LCK,/channel/UCw1DsweY9b2AKGjV4kGJP1A,League of Legends Champions Korea,https://namu.wiki/w/League of Legends Champions Korea,League of Legends Champions Korea.txt
74,신비아파트 공식채널 - The Haunted House,/channel/UCoHsxU1eDWHom6D7Fce6kLA,신비아파트 시리즈,https://namu.wiki/w/신비아파트 시리즈,신비아파트 시리즈.txt
75,김성회의 G식백과,/channel/UCZ0bi2aVJngKLwFTU5g_fLQ,김성회(방송인),https://namu.wiki/w/김성회(방송인),김성회(방송인).txt
76,꿀탱탱,/channel/UCAJAJ9bAvfjFLRrsqeumJIA,꿀탱탱,https://namu.wiki/w/꿀탱탱,꿀탱탱.txt
77,밍모,/channel/UCgjaQlejpAnIu0q-xtVfTEw,밍모,https://namu.wiki/w/밍모,밍모.txt
78,Clevr TV [클레버티비],/channel/UCnMBn-PNx1M9TLF0s-sEDeQ,클레버 TV,https://namu.wiki/w/클레버 TV,클레버 TV.txt
79,프레이 TV,/channel/UCSzHok6X5qXEO7cjvVnE62g,김종인(프로게이머),https://namu.wiki/w/김종인(프로게이머),김종인(프로게이머).txt
80,똘킹,/channel/UCnQRkIhRmXrxGrK4-8n-lVw,똘킹,https://namu.wiki/w/똘킹,똘킹.txt
81,JUNE,/channel/UCL_IvtOZo6sONpiydbzzHpA,JUNE,https://namu.wiki/w/JUNE,JUNE.txt
82,진호,/channel/UCXZaTqDKXHmNfKZ1ywhxe0w,진호(인터넷 방송인),https://namu.wiki/w/진호(인터넷 방송인),진호(인터넷 방송인).txt
83,OGN,/channel/UCKDkGnyeib7mcU7LdD3x0jQ,OGN,https://namu.wiki/w/OGN,OGN.txt
84,글자네 YouTube,/channel/UCb5NLtXAsTBrmaZVhyFa-Wg,세글자,https://namu.wiki/w/세글자,세글자.txt
85,백크 Baekk,/channel/UCugNO83_V7xZLzCsjpABGeg,백크,https://namu.wiki/w/백크,백크.txt
86,비누TV,/channel/UCbLispC1ydHSC_69kjZI6hw,비누TV,https://namu.wiki/w/비누TV,비누TV.txt
87,주키니TV,/channel/UCZ-UuK86Bk5sGzQQ2cEglJQ,주키니,https://namu.wiki/w/주키니,주키니.txt
88,빅헤드,/channel/UCAJ-meoCh1TrPZ7La3UpPrw,빅헤드,https://namu.wiki/w/빅헤드,빅헤드.txt
89,자몽티비,/channel/UCHsNxA14lzqnrm0mW7GQIXA,자몽티비,https://namu.wiki/w/자몽티비,자몽티비.txt
90,김희철 KimHeeChul,/channel/UCldBBBC3KowWN7ScJRQlZyg,희철,https://namu.wiki/w/희철,희철.txt
91,쵸쵸우,/channel/UCzoP3s16B9hP7f_qIc6DReQ,쵸쵸우,https://namu.wiki/w/쵸쵸우,쵸쵸우.txt
92,두치와뿌꾸,/channel/UCl402YYy7RcH7PBI3npmGPQ,두치와뿌꾸(인터넷 방송인),https://namu.wiki/w/두치와뿌꾸(인터넷 방송인),두치와뿌꾸(인터넷 방송인).txt
93,각별,/channel/UCDrAR1OWC2MD4s0JLetN0MA,각별,https://namu.wiki/w/각별,각별.txt
94,Game Land,/channel/UCdkCeGJ9G9Y5N0SReSPo5Tw,쥬니어네이버,https://namu.wiki/w/쥬니어네이버,쥬니어네이버.txt
95,루태TV,/channel/UCzPLwuw2vJgxtEQk2nM4TVg,루태,https://namu.wiki/w/루태,루태.txt
96,방앗간 비둘기,/channel/UC1MO5uem_t8lRgvIBF9u83w,방앗간 비둘기,https://namu.wiki/w/방앗간 비둘기,방앗간 비둘기.txt
97,롤큐 LOLQ,/channel/UCa-IaOPw5r1oQ4vuf3QjEPA,롤큐,https://namu.wiki/w/롤큐,롤큐.txt
98,Today on the Korean Server,/channel/UC65ZDJCYI1dwzj48XIeuOBA,서버,https://namu.wiki/w/서버,서버.txt
99,견자희 스튜디오,/channel/UCBvkQFBskQR9NeOoDYR8ckA,견자희,https://namu.wiki/w/견자희,견자희.txt
100,이석현,/channel/UCVZI7eLie2UlZph6aiBRNrw,이석현,https://namu.wiki/w/이석현,이석현.txt
101,마플 마인크래프트 채널,/channel/UC1q4Ihlv_YhLELw-ijE0Diw,마인애플,https://namu.wiki/w/마인애플,마인애플.txt
102,썩쏘TV,/channel/UCp77saYy1V_F3dld7GfJrcg,썩쏘(유튜버),https://namu.wiki/w/썩쏘(유튜버),썩쏘(유튜버).txt
103,이설 Leeseol,/channel/UCHqvLC2ilL2M4_SpoFiWtuQ,이설(인터넷 방송인),https://namu.wiki/w/이설(인터넷 방송인),이설(인터넷 방송인).txt
104,3D운전교실,/channel/UClsIn5fbUo2pSJN_3lhnDag,3D운전교실,https://namu.wiki/w/3D운전교실,3D운전교실.txt
105,휴지,/channel/UCj1dw4G9v09OLXIxiL_VUEA,휴지,https://namu.wiki/w/휴지,휴지.txt
106,탬탬버린,/channel/UCCA8UWUW80iHqK9ymdjRwPg,탬탬버린,https://namu.wiki/w/탬탬버린,탬탬버린.txt
107,풍월량,/channel/UCyHvSKT_bLDYpkv1JjjsLAg,풍월량,https://namu.wiki/w/풍월량,풍월량.txt
108,재민TV,/channel/UCfnMSbA2Bfi4cnuuN2pa0HA,재민TV,https://namu.wiki/w/재민TV,재민TV.txt
109,닥터파이어,/channel/UCUsrcN6Vtqr05ibbow_rnBw,닥터파이어,https://namu.wiki/w/닥터파이어,닥터파이어.txt
110,임선비,/channel/UCC4QcwDnXG5poPg__kD4YmQ,임선비,https://namu.wiki/w/임선비,임선비.txt
111,핑맨,/channel/UConOmISJY0oZHRhWGyvdQ2A,핑맨,https://namu.wiki/w/핑맨,핑맨.txt
112,희바HEEBA,/channel/UCrLxiPkgUEEnItqryMFVG2g,희바,https://namu.wiki/w/희바,희바.txt
113,오버워치,/channel/UC-2wa6jvprl7hfCpvw0ULzg,오버워치,https://namu.wiki/w/오버워치,오버워치.txt
114,김계정,/channel/UCM9m5BHwm-lU7tK07co3ClA,김계정,https://namu.wiki/w/김계정,김계정.txt
115,옥냥이 RoofTopCAT,/channel/UCcdlIcleb4oIK6of1ugSJ7w,옥냥이,https://namu.wiki/w/옥냥이,옥냥이.txt
116,투보,/channel/UCTSaxXnhUcrhv984bVpDr6Q,투보,https://namu.wiki/w/투보,투보.txt
117,늪지대에서 생긴 일,/channel/UC2uID-rcbLMi3RxZmZtwSZg,악어(인터넷 방송인),https://namu.wiki/w/악어(인터넷 방송인),악어(인터넷 방송인).txt
118,League of Legends - Korea,/channel/UCooLkG0FfrkPBQsSuC95L6w,리그 오브 레전드,https://namu.wiki/w/리그 오브 레전드,리그 오브 레전드.txt
119,차도르,/channel/UCtj_00nn_viF6wJNeqgpEiA,차도르(유튜버),https://namu.wiki/w/차도르(유튜버),차도르(유튜버).txt
120,멋사유튜브,/channel/UCIhfL5TX-FODmWcX2k1uWHg,보람튜브,https://namu.wiki/w/보람튜브,보람튜브.txt
121,눈꽃,/channel/UCnxOGZwppMFnMYS-eUJtwXw,눈꽃(인터넷 방송인),https://namu.wiki/w/눈꽃(인터넷 방송인),눈꽃(인터넷 방송인).txt
122,개구릿대,/channel/UCR0aLp4aIvxS07g6rGWZr_g,개구릿대(유튜버),https://namu.wiki/w/개구릿대(유튜버),개구릿대(유튜버).txt
123,팡이요,/channel/UCUR5w0E-jQTOO8Q0FZ4ilYQ,팡이요,https://namu.wiki/w/팡이요,팡이요.txt
124,모아요,/channel/UCtJpqaQ0XAmX5uYZ48crOdQ,모아요,https://namu.wiki/w/모아요,모아요.txt
125,San E,/channel/UCrhgVHA_uAiT9BoGV9qRKvg,San E,https://namu.wiki/w/San E,San E.txt
126,앰비션 유튜브 [AMTUBE],/channel/UCHYMpkGhNIr8A0m2H3lIjUA,강찬용/인터넷 방송,https://namu.wiki/w/강찬용/인터넷 방송,강찬용-인터넷 방송.txt
127,찬이TV,/channel/UCt51IEo3ZxxOysVAG_ylR6w,찬이,https://namu.wiki/w/찬이,찬이.txt
128,뽁구BBokTV,/channel/UCO5bdxKgKczSpjFbfsGykmA,뽁구,https://namu.wiki/w/뽁구,뽁구.txt
129,야옹해 바바 Miaow baba,/channel/UClSuqiIAACDUJrH3gb4JcLQ,야옹해 바바,https://namu.wiki/w/야옹해 바바,야옹해 바바.txt
130,꽃핀,/channel/UC2MgNh831KCMuYkK7u8C2dg,꽃핀,https://namu.wiki/w/꽃핀,꽃핀.txt
131,가브리엘,/channel/UC2FDVyrQnjoZCUyk9fmqd9g,가브리엘(인터넷 방송인),https://namu.wiki/w/가브리엘(인터넷 방송인),가브리엘(인터넷 방송인).txt
132,배틀그라운드 모바일 - PUBG MOBILE,/channel/UCXVVG5ZM3SJJCh94xatR8Dg,배틀그라운드 모바일,https://namu.wiki/w/배틀그라운드 모바일,배틀그라운드 모바일.txt
133,[꿀템TV] 클템 유튜브,/channel/UCvrxJgD0T_TFvgsO2nA-fDQ,이현우(게임 해설가)/인터넷 방송,https://namu.wiki/w/이현우(게임 해설가)/인터넷 방송,이현우(게임 해설가)-인터넷 방송.txt
134,초깨비의노래워치,/channel/UCZnrdNaOFqniv7qEEqQFvIg,초깨비,https://namu.wiki/w/초깨비,초깨비.txt
135,튜브김민교,/channel/UCBA9XaL5wCdHnC5EmEzwrqw,김민교(인터넷 방송인),https://namu.wiki/w/김민교(인터넷 방송인),김민교(인터넷 방송인).txt
136,해물파전TV,/channel/UCqIwPYLfMd3EoWYwvyTjPnA,해물파전(인터넷 방송인),https://namu.wiki/w/해물파전(인터넷 방송인),해물파전(인터넷 방송인).txt
137,김레인,/channel/UCj9LQu5-mfrf6imcyrnZfug,김레인,https://namu.wiki/w/김레인,김레인.txt
138,범석TV,/channel/UCz1Gc37nWsdF_jbJ_SvMl4g,범석TV,https://namu.wiki/w/범석TV,범석TV.txt
139,HeopopGames 허팝게임,/channel/UCobtktl5cCEYuAKLSY0vc2w,허팝,https://namu.wiki/w/허팝,허팝.txt
140,공룡,/channel/UCWf4QKgnTyvmehcRqw-JldQ,공룡,https://namu.wiki/w/공룡,공룡.txt
141,장덕대 초심찾는 채널,/channel/UC75lZzaXiCn0EYTwg9MB5vg,대문 밖 장난감,https://namu.wiki/w/대문 밖 장난감,대문 밖 장난감.txt
142,롤박사 해도리,/channel/UCCMQyaKDjQJY79VimTdaYYQ,롤박사 해도리,https://namu.wiki/w/롤박사 해도리,롤박사 해도리.txt
143,프로관전러 P.S,/channel/UCqI5lyTpC79pOy2D-VXAMdA,프로관전러 P.S,https://namu.wiki/w/프로관전러 P.S,프로관전러 P.S.txt
144,이상호,/channel/UCfIUuMA7U_jImP7oWfTe4Pw,이상호,https://namu.wiki/w/이상호,이상호.txt
145,Core-A Gaming,/channel/UCT7njg__VOy3n-SvXemDHvg,Burning Core,https://namu.wiki/w/Burning Core,Burning Core.txt
146,푸린,/channel/UC7bcRlidTERRb_MKRHPVSnw,푸린(인터넷 방송인),https://namu.wiki/w/푸린(인터넷 방송인),푸린(인터넷 방송인).txt
147,TEAM UNIVERSE,/channel/UCDRtZhASdfRnyhae7s-UemA,TEAM UNIVERSE,https://namu.wiki/w/TEAM UNIVERSE,TEAM UNIVERSE.txt
148,이태준,/channel/UC5gp0nGTdJ56YKzI40v0cRg,이태준(1995),https://namu.wiki/w/이태준(1995),이태준(1995).txt
149,YOU TUBE공갈,/channel/UCJ7PxHj3J_YeH1N2spjR6NQ,공갈(유튜버),https://namu.wiki/w/공갈(유튜버),공갈(유튜버).txt
150,동동 TV,/channel/UCmP6N0_CMbMUYwQRaPoFyng,동동 TV,https://namu.wiki/w/동동 TV,동동 TV.txt
151,미라클TV,/channel/UCLHwMFguUxHVSk91vzicEJw,미라클(인터넷 방송인),https://namu.wiki/w/미라클(인터넷 방송인),미라클(인터넷 방송인).txt
152,하창봉,/channel/UCilYpdgaNbW8x8_E83vomNw,하창봉,https://namu.wiki/w/하창봉,하창봉.txt
153,Summoners War Esports,/channel/UCy5CDpZBPxd9O20BnIt8YWg,서머너즈 워 : 천공의 아레나,https://namu.wiki/w/서머너즈 워 : 천공의 아레나,서머너즈 워 - 천공의 아레나.txt
154,성시훈 유튜브,/channel/UCQgu0whGhuJ2Hr8u6htgxxw,성시훈,https://namu.wiki/w/성시훈,성시훈.txt
155,서새봄,/channel/UCYtNOIg99pgGcrE4Uo44OdQ,서새봄,https://namu.wiki/w/서새봄,서새봄.txt
156,Loud G,/channel/UCYP2aGg8h_9JHqNQBHNKp7w,Loud G,https://namu.wiki/w/Loud G,Loud G.txt
157,빅윈TV,/channel/UCbt557PsOnMaspiSUjuSVVw,빅윈,https://namu.wiki/w/빅윈,빅윈.txt
158,미라지,/channel/UC73j3rtkjb3qCvC7XZidzmw,미라지(인터넷 방송인),https://namu.wiki/w/미라지(인터넷 방송인),미라지(인터넷 방송인).txt
159,빅민 GAME,/channel/UC2WbWQ3tQNeCRyXBsAeqWhw,빅민,https://namu.wiki/w/빅민,빅민.txt
160,발__젭,/channel/UCQ9eDVhFn_jq7eTpjf21ouA,발__젭,https://namu.wiki/w/발__젭,발__젭.txt
161,도로시Games,/channel/UCulur1hLC2ca8oJn0xt9ojA,도로시(게임 유튜버),https://namu.wiki/w/도로시(게임 유튜버),도로시(게임 유튜버).txt
162,아려랑,/channel/UCFMzJRPsLOL17lwxN_MdcnA,아려랑,https://namu.wiki/w/아려랑,아려랑.txt
163,플레르TV,/channel/UCwiCv-ym6TQhMWhN23jVQkA,플레르,https://namu.wiki/w/플레르,플레르.txt
164,랩해도돼?RAPTUBE,/channel/UC13r2XVC5h3unwWgo25puAw,랩해도돼?,https://namu.wiki/w/랩해도돼?,랩해도돼.txt
165,MadLife TV,/channel/UCj1RW5MrOLh_VrX3yHF_yow,홍민기(프로게이머),https://namu.wiki/w/홍민기(프로게이머),홍민기(프로게이머).txt
166,만만,/channel/UCRY0vKmqFmQ4XCJomWMBf-w,만만,https://namu.wiki/w/만만,만만.txt
167,딕스Dix,/channel/UCOtcE3XmueVr78j8RCnr1QQ,딕스TV,https://namu.wiki/w/딕스TV,딕스TV.txt
168,바이준 BYJUN,/channel/UC3htcPlye6noa3pAgegT2AQ,김하늘,https://namu.wiki/w/김하늘,김하늘.txt
169,청원이,/channel/UCCs1YZHxUTIbLZd-xrvvMCw,청원이,https://namu.wiki/w/청원이,청원이.txt
170,YT Apple,/channel/UCmcd3r7AsHjm3deMgx1ZPiw,YT Apple,https://namu.wiki/w/YT Apple,YT Apple.txt
171,Ras Apex,/channel/UCkiCNZ6c5Th3NpL2U8IhUWw,MVP(프로게임단),https://namu.wiki/w/MVP(프로게임단),MVP(프로게임단).txt
172,주둥이방송,/channel/UC9ta639M37zzWKwo7kKc80A,주둥이방송,https://namu.wiki/w/주둥이방송,주둥이방송.txt
173,GH'S,/channel/UCdrBnBNLsN4_cH32HWbr9qg,GH,https://namu.wiki/w/GH,GH.txt
174,클래시 로얄,/channel/UCgT2gPsXQ0jqb3poL5wN31Q,클래시 로얄,https://namu.wiki/w/클래시 로얄,클래시 로얄.txt
175,김진솔,/channel/UC2qm7lVDDnGuvNj6D9jHFkA,김진솔(인터넷 방송인),https://namu.wiki/w/김진솔(인터넷 방송인),김진솔(인터넷 방송인).txt
176,걸뽀girlbbo,/channel/UC_VOIxjBN_WIPKxpPs1omZQ,걸뽀_,https://namu.wiki/w/걸뽀_,걸뽀_.txt
177,흑운장TV [BLACKTUBE],/channel/UCdtV_sB8WUWo-P_q3OwNfcw,이성은,https://namu.wiki/w/이성은,이성은.txt
178,옴므,/channel/UCSWMuYooxYPorJSumJbLzCQ,옴므,https://namu.wiki/w/옴므,옴므.txt
179,쉐어TV,/channel/UCb0eyf03Jz8Q5j2q65TzCoA,쉐어TV,https://namu.wiki/w/쉐어TV,쉐어TV.txt
180,양아지,/channel/UCmMxEFwIOMGGoThkmtZZOvQ,양아지,https://namu.wiki/w/양아지,양아지.txt
181,비콘 TV,/channel/UCT_Sf9z6Cqy11VHOfbnQPNQ,비콘(유튜버),https://namu.wiki/w/비콘(유튜버),비콘(유튜버).txt
182,인피쉰,/channel/UC-okJdotaXPlzivRzHFqzuA,인피쉰,https://namu.wiki/w/인피쉰,인피쉰.txt
183,TheRankings,/channel/UCv0Fm-Ge7D_zmN9Gw9x2cMA,비트코인,https://namu.wiki/w/비트코인,비트코인.txt
184,홍방장,/channel/UCHxrU6bjWrnBfmReUAeztcw,홍방장,https://namu.wiki/w/홍방장,홍방장.txt
185,다주,/channel/UCawY6uW94r1JcBuOTqHDfow,다주,https://namu.wiki/w/다주,다주.txt
186,떡호떡,/channel/UCqMixH4Cc7CdySihHG4kkIA,떡호떡,https://namu.wiki/w/떡호떡,떡호떡.txt
187,버섯도리,/channel/UCYhUJGAH6HhOUJokzRupkpQ,버섯돌이,https://namu.wiki/w/버섯돌이,버섯돌이.txt
188,채널 명예훈장,/channel/UCs0LzOveQMLImmmTrMmP2sg,명예훈장(인터넷 방송인),https://namu.wiki/w/명예훈장(인터넷 방송인),명예훈장(인터넷 방송인).txt
189,Landing TV,/channel/UCkwRQReFyYUHzPqGk5vO7Tg,랜딩(인터넷 방송인),https://namu.wiki/w/랜딩(인터넷 방송인),랜딩(인터넷 방송인).txt
190,클래시 오브 클랜,/channel/UCORzNUvBtd0j_wraSf88Y4w,클래시 오브 클랜,https://namu.wiki/w/클래시 오브 클랜,클래시 오브 클랜.txt
191,군필여고생 후추,/channel/UCscL0E82anT7mtoQjJTV6Mg,군필 여고생,https://namu.wiki/w/군필 여고생,군필 여고생.txt
192,에렌디라,/channel/UC6xWZn2suKPqAQkidOiMeHg,에렌디라,https://namu.wiki/w/에렌디라,에렌디라.txt
193,Project LOL,/channel/UC5WxymH7e2H_SGjJyvTb-iA,프로젝트(리그 오브 레전드),https://namu.wiki/w/프로젝트(리그 오브 레전드),프로젝트(리그 오브 레전드).txt
194,나라카일,/channel/UCdMevbThDzHEbiqu0MhyfAQ,서지선,https://namu.wiki/w/서지선,서지선.txt
195,MariAndGames,/channel/UCFt6SlUqvKDCwva8nzTBXUQ,,0,0
196,콩콩이다,/channel/UCzjEp3u8RMkOJwpc3RzxmWg,콩콩,https://namu.wiki/w/콩콩,콩콩.txt
197,운학 TV,/channel/UChbSCzDSKP_m4V5aEX1bmCA,운학,https://namu.wiki/w/운학,운학.txt
198,유혜디,/channel/UCMBbYvXl8iHmtdtlkXt0yYA,유혜디,https://namu.wiki/w/유혜디,유혜디.txt
199,거눈 GONOON,/channel/UCSGi7jxv1fqTx9hYI_lrGdg,김하늘,https://namu.wiki/w/김하늘,김하늘.txt
200,꽃영,/channel/UC8rDleR669f72Sha9PQK11A,꽃영,https://namu.wiki/w/꽃영,꽃영.txt
201,하승진,/channel/UCINRJxfiq8pXfQm1EucWFfw,하승진,https://namu.wiki/w/하승진,하승진.txt
202,준등,/channel/UCcgCkpS7T7yXztF30hzy8DQ,준등,https://namu.wiki/w/준등,준등.txt
203,집마 홀릭,/channel/UCmZeuRfHYowZhf6odtoaNdg,집마 홀릭,https://namu.wiki/w/집마 홀릭,집마 홀릭.txt
204,지덥,/channel/UCQBl5ytG10Y_tnWe__8kUJw,지덥,https://namu.wiki/w/지덥,지덥.txt
205,랄로,/channel/UCD2YO_A_PVMgMDN9jpRrpVA,랄로,https://namu.wiki/w/랄로,랄로.txt
206,도애니 DO animation,/channel/UCqgxGebwwkoldbl3h7UoUiQ,도현성,https://namu.wiki/w/도현성,도현성.txt
207,이영호FlaSh,/channel/UC4TDU9SEVB0EgslnTI2O9IQ,이영호,https://namu.wiki/w/이영호,이영호.txt
208,쫀득TV,/channel/UCmCNgLHdknmCdQelpwxQvvg,쫀득(인터넷 방송인),https://namu.wiki/w/쫀득(인터넷 방송인),쫀득(인터넷 방송인).txt
209,YouTube지누,/channel/UCJGww2K__Q3y-MtDi0XWH2w,지누(인터넷 방송인),https://namu.wiki/w/지누(인터넷 방송인),지누(인터넷 방송인).txt
210,ZealsAmbitions,/channel/UCpDcj6E73QeFkmqk7gH5wxA,,0,0
211,플레임TV,/channel/UCDLDbittWhk2KXvaCT0YpZQ,플레임TV,https://namu.wiki/w/플레임TV,플레임TV.txt
212,팍플레이Pacplay,/channel/UCZecnuVvQnBCoopyobFdDZg,팍플레이,https://namu.wiki/w/팍플레이,팍플레이.txt
213,GOIS,/channel/UCEIzrF00OYA8B-WqAN5vUmg,GOIS,https://namu.wiki/w/GOIS,GOIS.txt
214,보물창고,/channel/UCRwMczVQ8Jr8_8Dd8o7hPnQ,보물창고,https://namu.wiki/w/보물창고,보물창고.txt
215,메이플 이득충,/channel/UCnHpxlp418JpbxtVEfPRK4Q,메이플 이득충,https://namu.wiki/w/메이플 이득충,메이플 이득충.txt
216,노돌리,/channel/UCNvGiN93jKCp39Jsq31BMmg,노돌리,https://namu.wiki/w/노돌리,노돌리.txt
217,영래기,/channel/UCcvKf8NxAw9i09hZw1MQPBQ,영래기,https://namu.wiki/w/영래기,영래기.txt
218,가이코GK,/channel/UCYWW_lthmN8cvuIaN0G9D6g,가이코,https://namu.wiki/w/가이코,가이코.txt
219,엔젤 유튜브,/channel/UCt5e5QXzt_Ub5azmAk4ozAw,ANGEL7777,https://namu.wiki/w/ANGEL7777,ANGEL7777.txt
220,PAPADOG,/channel/UCYwV9dJhAQSFrFU9JyQ5t1g,파파독(유튜버),https://namu.wiki/w/파파독(유튜버),파파독(유튜버).txt
221,지라라,/channel/UCdRDEMsLzDgoXY0AdQ1yN8g,지라라,https://namu.wiki/w/지라라,지라라.txt
222,44층 지하던전,/channel/UCbErjjRiLboO1q0ha-R0OGA,44층 지하던전,https://namu.wiki/w/44층 지하던전,44층 지하던전.txt
223,[ALTUBE] 김성현TV,/channel/UCOTJtP0Z9DjpPU43B5m1V6A,김성현(프로게이머),https://namu.wiki/w/김성현(프로게이머),김성현(프로게이머).txt
224,오요,/channel/UCXhTIte6TjoItbiUVUnMIlA,오요,https://namu.wiki/w/오요,오요.txt
225,니얼굴윤겔라(geltube),/channel/UCMsjY8EfFZNul-_7DvWe6Aw,니얼굴윤겔라,https://namu.wiki/w/니얼굴윤겔라,니얼굴윤겔라.txt
226,JINTUBE,/channel/UCi66uG_I878tcnbIhN7KRcg,,0,0
227,브롤스타즈,/channel/UClJspSpzADMROqOW9HLHaoA,브롤스타즈,https://namu.wiki/w/브롤스타즈,브롤스타즈.txt
228,아구 TV,/channel/UCAGUSx1hbPKDqzBZH7bTjiA,아구(인터넷 방송인),https://namu.wiki/w/아구(인터넷 방송인),아구(인터넷 방송인).txt
229,무지개맛 Rainbow Flavor,/channel/UCcR_wZ0zimC6UT8VO0KcS8Q,무지개맛,https://namu.wiki/w/무지개맛,무지개맛.txt
230,동수칸TV,/channel/UCVJT18d9wSCnDUdnJ9ycO7Q,한동숙,https://namu.wiki/w/한동숙,한동숙.txt
231,BRUSH,/channel/UCRqcPtAY2IrOjjOPt2TbYVQ,펄렁붓,https://namu.wiki/w/펄렁붓,펄렁붓.txt
232,심즈 아무나AMUNA,/channel/UCKQm9pMIE5ti11h_m6NEHpw,심즈 아무나,https://namu.wiki/w/심즈 아무나,심즈 아무나.txt
233,수찬 Suchan,/channel/UCLm0fAzu27N2aSd3lHsy2zQ,전수찬,https://namu.wiki/w/전수찬,전수찬.txt
234,두칠이의게임방송,/channel/UCwDFdWg0nGlEMr4iJnKWqYw,두칠,https://namu.wiki/w/두칠,두칠.txt
235,이초홍,/channel/UC-jHB5e-6LF-yz0kMCTZWdg,이초홍,https://namu.wiki/w/이초홍,이초홍.txt
236,TFO,/channel/UCk5mlvpbj8CZxD229CpiouA,TFO(유튜버),https://namu.wiki/w/TFO(유튜버),TFO(유튜버).txt
237,윤루트,/channel/UCmJ4DkPFPzjR2TkJ7lXSQWw,윤루트,https://namu.wiki/w/윤루트,윤루트.txt
238,웁tv,/channel/UCnCFD3met1Ip7OngdF9TRDg,웁,https://namu.wiki/w/웁,웁.txt
239,메도우이헌터,/channel/UC4rp07nTMJb13faNO94lm6A,메도우이헌터,https://namu.wiki/w/메도우이헌터,메도우이헌터.txt
240,TV블루위키,/channel/UCQreDC73rqiw1wSc_ZYwgHA,블루위키,https://namu.wiki/w/블루위키,블루위키.txt
241,녹두로 월드,/channel/UC9vz3TBChrJmYbzUo-rqfSg,녹두로,https://namu.wiki/w/녹두로,녹두로.txt
242,바위골렘,/channel/UCLLGccON9y08RB7xqusu_Ww,바위골렘,https://namu.wiki/w/바위골렘,바위골렘.txt
243,런민기,/channel/UCY74n-XQJ69dxNdN7h71wLg,런민기,https://namu.wiki/w/런민기,런민기.txt
244,Awesomepiece,/channel/UC8DE6aei0DOKa1s3PziV8Aw,어썸피스,https://namu.wiki/w/어썸피스,어썸피스.txt
245,RinyTiny [리니티니],/channel/UCArr7e9zILksFPuGDq-MffA,에스와티니,https://namu.wiki/w/에스와티니,에스와티니.txt
246,피아노캣 [PianoCat],/channel/UCDyc0_OWYXI1WcaMjijHrDA,피아노캣,https://namu.wiki/w/피아노캣,피아노캣.txt
247,류으미,/channel/UCNeHPUKNUBmBMZy_rzHPzSw,류으미,https://namu.wiki/w/류으미,류으미.txt
248,홍개,/channel/UCDkQMlfo7GvgvnrkPawW9tg,홍개,https://namu.wiki/w/홍개,홍개.txt
249,신해조,/channel/UCiCNc3uj8Bnc9bDzHJS058Q,신해조,https://namu.wiki/w/신해조,신해조.txt
250,Wall Su,/channel/UC5ScPjbt-a97AJO7SBj6nAg,Wall Su,https://namu.wiki/w/Wall Su,Wall Su.txt
251,더빙레이디,/channel/UCVPTh22MstSVobuvF7zQ3Sw,더빙레이디,https://namu.wiki/w/더빙레이디,더빙레이디.txt
252,짬타수아,/channel/UCNoSlvimHmdOgtHOCNjj7ew,짬타수아,https://namu.wiki/w/짬타수아,짬타수아.txt
253,프리티에스더 PrettyEsther,/channel/UCkrboHEREUVOaFNbuQ2taZg,,0,0
254,도현,/channel/UC-Pn1i_ot4qmG4l7wMZPvyw,도현,https://namu.wiki/w/도현,도현.txt
255,랑말TV,/channel/UCc_7XbnN1bTFMhquCKt3ngA,중화TV,https://namu.wiki/w/중화TV,중화TV.txt
256,메탈킴,/channel/UCOaUB8RzbLXB7QZtCmMO-8A,메탈킴,https://namu.wiki/w/메탈킴,메탈킴.txt
257,겜스트GAMEST,/channel/UChtdyqmH0yVFWTBJERP2PKg,감스트,https://namu.wiki/w/감스트,감스트.txt
258,쌀튜브 Thal YouTube,/channel/UCoYFo-lRD3pchMUtsBcEbOA,박권혁,https://namu.wiki/w/박권혁,박권혁.txt
259,아빠킹,/channel/UChfs1dQ5phBDBWZJ1hHLbUA,아빠킹,https://namu.wiki/w/아빠킹,아빠킹.txt
260,김짱돌,/channel/UCsi8xzlmARKDK_ItRW8imyg,김짱돌,https://namu.wiki/w/김짱돌,김짱돌.txt
261,케인 TV,/channel/UC0aKwoKNeqBaUwiEXmkQaGQ,케인(인터넷 방송인),https://namu.wiki/w/케인(인터넷 방송인),케인(인터넷 방송인).txt
262,김뚜띠,/channel/UCTZPZo3xuW5k6RkhlVaJ0jQ,김뚜띠,https://namu.wiki/w/김뚜띠,김뚜띠.txt
263,스간TV,/channel/UCK1B7KLih3kE1Iy0SCBDzkQ,스간,https://namu.wiki/w/스간,스간.txt
264,김용녀,/channel/UCXmdpmRnf5WKMssvByY2Elg,김용녀,https://namu.wiki/w/김용녀,김용녀.txt
265,지컨,/channel/UC0z8bddfRBRBmEC-AjI6UXw,지컨,https://namu.wiki/w/지컨,지컨.txt
266,묘송이MyosongE,/channel/UClWTMxooQefOLUV0TRcJ1Eg,묘송이,https://namu.wiki/w/묘송이,묘송이.txt
267,사모장,/channel/UC4XjKgCtpwpACzUCiUKOd3Q,사모장,https://namu.wiki/w/사모장,사모장.txt
268,요롬Yorom,/channel/UCqx0Xywhh72631omzTWNixA,요롬,https://namu.wiki/w/요롬,요롬.txt
269,각폭 YouTube,/channel/UCutaHUD-Oos2EBNNEwd4QQg,각폭(유튜버),https://namu.wiki/w/각폭(유튜버),각폭(유튜버).txt
270,힘쎈너구리,/channel/UCADf92tisOOh90hrZee4-LA,힘쎈너구리,https://namu.wiki/w/힘쎈너구리,힘쎈너구리.txt
271,김리븐,/channel/UCgySwATr_UPiGqrwfRo6_ag,김리븐,https://namu.wiki/w/김리븐,김리븐.txt
272,카운터,/channel/UCN5Z4EkujWOl7UMbc4J-3Cw,카운터(인터넷 방송인),https://namu.wiki/w/카운터(인터넷 방송인),카운터(인터넷 방송인).txt
273,LOUD CAST,/channel/UCAI86CUHDIkKXGA6YpVBhYg,Loud G,https://namu.wiki/w/Loud G,Loud G.txt
274,SANDBOX NETWORK (샌드박스 네트워크),/channel/UCCjR2EbSnsVKRVeTvPjVWIA,샌드박스 네트워크,https://namu.wiki/w/샌드박스 네트워크,샌드박스 네트워크.txt
275,브론즈연합회,/channel/UC-39bqpwYeoyvm2qHfAhHiA,브론즈연합회,https://namu.wiki/w/브론즈연합회,브론즈연합회.txt
276,왈도쿤,/channel/UC-S8JFhLkQ5enhB70c2CYIw,왈도쿤,https://namu.wiki/w/왈도쿤,왈도쿤.txt
277,루리TV,/channel/UCo2qwN2FUPnLLJjHXNusFyQ,루리(유튜버),https://namu.wiki/w/루리(유튜버),루리(유튜버).txt
278,깝도이,/channel/UCqVkQsNin4MdGFrWvzFVOKw,깝도이,https://namu.wiki/w/깝도이,깝도이.txt
279,프제짱,/channel/UChD2kf1XO2sxR4t4s_oPPMA,프제짱,https://namu.wiki/w/프제짱,프제짱.txt
280,피큐큐,/channel/UC_jNan0EvSTUNKT2dj6U31A,피큐큐,https://namu.wiki/w/피큐큐,피큐큐.txt
281,카이바군,/channel/UCDEOj33PPDR-Hw9RxdKfjpw,카이바군,https://namu.wiki/w/카이바군,카이바군.txt
282,푸른 [ Pureun ],/channel/UCXrjLuKRFe1OxlR9T6uNs6w,PUREUN,https://namu.wiki/w/PUREUN,PUREUN.txt
283,Mobirix,/channel/UChs3xgH4BWAsTi-SGjECiZA,모비릭스,https://namu.wiki/w/모비릭스,모비릭스.txt
284,사과몽,/channel/UCjaoaH1tIwV6uLZHEmlQNdw,사과몽,https://namu.wiki/w/사과몽,사과몽.txt
285,김쵸코,/channel/UC0SsBKkmlkyNx6bo0SSAEpQ,김쵸코,https://namu.wiki/w/김쵸코,김쵸코.txt
286,타요튜브 [TAYOTUBE],/channel/UCBTsPtRCh6ln3IRQFjhjh1A,타요(인터넷 방송인),https://namu.wiki/w/타요(인터넷 방송인),타요(인터넷 방송인).txt
287,바사카네,/channel/UCy5DTlJJ3eo7I83h-IEL1KA,암바사,https://namu.wiki/w/암바사,암바사.txt
288,우왁굳의 풀업로두,/channel/UCzh4yY8rl38knH33XpNqXbQ,왁카데미,https://namu.wiki/w/왁카데미,왁카데미.txt
289,표림,/channel/UCxbxK61xeFoymuxmi4ik73g,표림,https://namu.wiki/w/표림,표림.txt
290,소맥거핀,/channel/UCaaZFxjlHI3T_I-uFbldIGA,소맥거핀,https://namu.wiki/w/소맥거핀,소맥거핀.txt
291,Draw Anything Animations,/channel/UC_ZYBT7vZOSyoyfeQraKCOw,Art's Animations,https://namu.wiki/w/Art's Animations,Art's Animations.txt
292,롤큐플러스 LOLQplus,/channel/UCigPeNf_uHiODmCRns_92Xw,롤큐,https://namu.wiki/w/롤큐,롤큐.txt
293,Mnics에투샤,/channel/UCubybnI2mstR-E24cc0rt9w,에투샤,https://namu.wiki/w/에투샤,에투샤.txt
294,이녕,/channel/UCLoGhS_8p-G_pzrkfgMi9NA,이녕,https://namu.wiki/w/이녕,이녕.txt
295,알짜,/channel/UC9Qsk7A_dVWZc6l1FRS8amQ,알짜,https://namu.wiki/w/알짜,알짜.txt
296,Flyerbek,/channel/UCMoQZs-z0PECNIs-b8CHOag,V3 Esports,https://namu.wiki/w/V3 Esports,V3 Esports.txt
297,이아린 Ahrin,/channel/UCqIYXDSU6mC_Na4b39lOIZw,이아린,https://namu.wiki/w/이아린,이아린.txt
298,흉폭한 포로 Violent Poro,/channel/UC9aEa6zVK12OZaWyTIPX9jw,포로,https://namu.wiki/w/포로,포로.txt
299,모드로나티 Modronati,/channel/UC9-B--tzbvBUMVkGVyCTaIQ,모드로나티,https://namu.wiki/w/모드로나티,모드로나티.txt
300,엔마유튜브,/channel/UCF-rFAdN7dzd-SI2T3rkCaQ,엔마,https://namu.wiki/w/엔마,엔마.txt
301,학살 HAKSAL,/channel/UCF7IBIvHZ2be4Ufo8i0uHBw,김효종(2000),https://namu.wiki/w/김효종(2000),김효종(2000).txt
302,EA SPORTS TM FIFA 온라인 4,/channel/UC9otskL_kd-0CDib_5Lj-mQ,피파 온라인 4,https://namu.wiki/w/피파 온라인 4,피파 온라인 4.txt
303,민또TV,/channel/UCCW6uYIUP4YKKe50k-ktVAw,민또TV,https://namu.wiki/w/민또TV,민또TV.txt
304,마인의 비하인드,/channel/UCzbLTaNlODXhvobAcTs4XRQ,마인의 비하인드,https://namu.wiki/w/마인의 비하인드,마인의 비하인드.txt
305,로빈,/channel/UCo33r3SAf5z9MS-lrXV2aOQ,로빈,https://namu.wiki/w/로빈,로빈.txt
306,오린이,/channel/UCeVVzlUnjNMFy_DVTZqZ5ZA,오린이,https://namu.wiki/w/오린이,오린이.txt
307,훈토이TV,/channel/UC3ihyjIvubiIAieg8SlmtIQ,훈토이TV,https://namu.wiki/w/훈토이TV,훈토이TV.txt
308,땅우양,/channel/UC9vI-9WYQLXKI6n9XdXXo3g,땅우양,https://namu.wiki/w/땅우양,땅우양.txt
309,별고래_StarWhale,/channel/UCD8maIontXDHmsewDbyMXDw,별고래,https://namu.wiki/w/별고래,별고래.txt
310,소니쇼게임방송,/channel/UC141BuVRzSSXJX33Am9yxEA,소니쇼,https://namu.wiki/w/소니쇼,소니쇼.txt
311,박나나,/channel/UCS3_H_feQRm4QbXipKTvSrw,박나나,https://namu.wiki/w/박나나,박나나.txt
312,Bang,/channel/UCnDcpS7XLQ9KFPqULb9TH8g,배준식,https://namu.wiki/w/배준식,배준식.txt
313,리타유튜브,/channel/UCzMAqDi4M4CrwMSi_EnnV4g,리타(인터넷 방송인),https://namu.wiki/w/리타(인터넷 방송인),리타(인터넷 방송인).txt
314,강한달,/channel/UCIqg17JWrhmYT--KZbHk3HA,강한달,https://namu.wiki/w/강한달,강한달.txt
315,소풍왔니,/channel/UC5qsXOIsLbkEIP4DI7xWOlg,나무위키:투명성 보고서/요청/소풍왔니,https://namu.wiki/w/나무위키:투명성 보고서/요청/소풍왔니,나무위키-투명성 보고서-요청-소풍왔니.txt
316,무협지 League of Legends,/channel/UCIA_jLpi8Tp2YM8ZTe4nD5A,League of Legends Japan League,https://namu.wiki/w/League of Legends Japan League,League of Legends Japan League.txt
317,더빙걸,/channel/UC6t1NCFKCiBUuIbM3ujRRPQ,더빙걸,https://namu.wiki/w/더빙걸,더빙걸.txt
318,나는상윤,/channel/UCozuuEEitjQXtCzubNO0BGA,권상윤,https://namu.wiki/w/권상윤,권상윤.txt
319,Tenha,/channel/UCOXPm9nqKtb2pIpO0UybBHA,나무위키:대문,https://namu.wiki/w/나무위키:대문,나무위키-대문.txt
320,천양,/channel/UCXOLqHsi_mxJdTIqU7B6OmQ,천양,https://namu.wiki/w/천양,천양.txt
321,살인마협회장,/channel/UCgWwo8FJL3MCxfd66ip7nFg,살인마협회장,https://namu.wiki/w/살인마협회장,살인마협회장.txt
322,EFFECT,/channel/UCcc3YwvoDF3LqfGZPZmCyhg,황현(인터넷 방송인),https://namu.wiki/w/황현(인터넷 방송인),황현(인터넷 방송인).txt
323,메이비TV,/channel/UCPITXstDqqLYbBUiAVqYjfg,메이비(인터넷 방송인),https://namu.wiki/w/메이비(인터넷 방송인),메이비(인터넷 방송인).txt
324,크로롱TV,/channel/UCr0oBV3TSWoHz7MX4atZ7vw,크로롱,https://namu.wiki/w/크로롱,크로롱.txt
325,Jin Studio 진 스튜디오,/channel/UCDk0AHutsIFLsQYhMvmkdrQ,진,https://namu.wiki/w/진,진.txt
326,서든어택,/channel/UCMJhnmKJ6xwRIFL1ZFb9QrA,서든어택,https://namu.wiki/w/서든어택,서든어택.txt
327,I like movies XD,/channel/UCE9Ib6JHShc7MHQ7pMwj0YQ,XD,https://namu.wiki/w/XD,XD.txt
328,김유진 미국변호사YOOJIN,/channel/UC_Cprc-ruVm1GS0yPvqy14w,유진(유튜버),https://namu.wiki/w/유진(유튜버),유진(유튜버).txt
329,해르시,/channel/UCwMzCpU05utIvYP7-tm08fA,해르시,https://namu.wiki/w/해르시,해르시.txt
330,코브,/channel/UCqFt6raBlXK-qJCWsTKW62A,코브(유튜버),https://namu.wiki/w/코브(유튜버),코브(유튜버).txt
331,튜나,/channel/UCyi9eZCavFN5P6GQVokRiQg,튜나,https://namu.wiki/w/튜나,튜나.txt
332,순당무,/channel/UCZW0yRW2HK7_fzgL9HQu9ZA,순당무,https://namu.wiki/w/순당무,순당무.txt
333,호진,/channel/UCZZEgBpbLP0ILVc4nGg39-w,이호진(e스포츠),https://namu.wiki/w/이호진(e스포츠),이호진(e스포츠).txt
334,피닉스박,/channel/UCZ6IM7_T-bCmr_7DgAKjYxg,피닉스박,https://namu.wiki/w/피닉스박,피닉스박.txt
335,따효니DDaHyoNi,/channel/UCFM_07Mxv6CglREk8qdkPaw,백상현,https://namu.wiki/w/백상현,백상현.txt
336,꾸몽,/channel/UCH29Gz8a6veRLqUxzjBXHrQ,꾸몽,https://namu.wiki/w/꾸몽,꾸몽.txt
337,듀단 [듀튜브],/channel/UCPd2VrGLDguFs9AckozHtrA,듀단,https://namu.wiki/w/듀단,듀단.txt
338,Ace Art 에이스 아트,/channel/UCpfY3rf_vaW6UQ2hGlqGhIQ,에이스,https://namu.wiki/w/에이스,에이스.txt
339,게임토리,/channel/UCA57VZoIKNqjaBjokHPZbtg,토리,https://namu.wiki/w/토리,토리.txt
340,실프,/channel/UCWOPxkftlmCstC5drb9VM_A,실프(인터넷 방송인),https://namu.wiki/w/실프(인터넷 방송인),실프(인터넷 방송인).txt
341,택신TV [BISUTUBE],/channel/UCBa9U1nh3fe2lBx3a0R0Skg,김택용,https://namu.wiki/w/김택용,김택용.txt
342,잡초,/channel/UCSWLx_GQlGADYipEyXF2Mxg,잡초,https://namu.wiki/w/잡초,잡초.txt
343,고누리,/channel/UCs0P4GrXEumyYn-d8ASrGlA,고누리,https://namu.wiki/w/고누리,고누리.txt
344,온다람,/channel/UC3LNd5iXQZ8WinaOpfwXveA,온다람,https://namu.wiki/w/온다람,온다람.txt
345,모두의마블 TV,/channel/UCc5al0BciX358Rg9YXk1LBg,모두의마블 TV,https://namu.wiki/w/모두의마블 TV,모두의마블 TV.txt
346,조우,/channel/UCpXnb06Y0uc6ewEf3WL4wDQ,조우(유튜버),https://namu.wiki/w/조우(유튜버),조우(유튜버).txt
347,금똥왁왁,/channel/UCt4wd8jZFvFjrHy6EXLrmVw,금똥왁왁,https://namu.wiki/w/금똥왁왁,금똥왁왁.txt
348,Revinen,/channel/UCVszhXaoqB7Ekx1coEU6PzA,Revinen,https://namu.wiki/w/Revinen,Revinen.txt
349,TV용느님,/channel/UCbHN1sTuPySKpnqKSp0JHRQ,용느,https://namu.wiki/w/용느,용느.txt
350,Google Play Korea,/channel/UC8C0Yd20ke5XqOiZvMVgM9w,Google Play,https://namu.wiki/w/Google Play,Google Play.txt
351,무릎의 철권TV TekkenKnee,/channel/UC0Zl_lyMoTbroBSNv7SpGuQ,배재민,https://namu.wiki/w/배재민,배재민.txt
352,옙가,/channel/UCcwEXGl8tRJTJ78WBPa7dUA,와나나,https://namu.wiki/w/와나나,와나나.txt
353,닥터준 YouTube,/channel/UCOY3LbxXxCd8SykBvcVJlzg,닥터준,https://namu.wiki/w/닥터준,닥터준.txt
354,Wolf,/channel/UCYJ0Ucu9jPX5kn6SeDcNaIQ,이재완,https://namu.wiki/w/이재완,이재완.txt
355,[KongAlTube]콩알튜브,/channel/UCDqkO1FZXchBTGtsm7uO8jw,보람튜브,https://namu.wiki/w/보람튜브,보람튜브.txt
356,Rush,/channel/UCkV_ZgwCFlAvUIu4k0UBBaQ,이윤재(프로게이머),https://namu.wiki/w/이윤재(프로게이머),이윤재(프로게이머).txt
357,단미호유튜브,/channel/UCy5OjPJk87YCHNgd3qg2N9A,단미호,https://namu.wiki/w/단미호,단미호.txt
358,펭귄몬스터,/channel/UCqcxF7BAF3GSz36Yx_0qGaQ,펭귄몬스터,https://namu.wiki/w/펭귄몬스터,펭귄몬스터.txt
359,전쓰트의 게임 채널 Junsst,/channel/UCD8r5Jgns2V64-NcUmXclpg,전쓰트,https://namu.wiki/w/전쓰트,전쓰트.txt
360,라더,/channel/UCDujSmC7qoEp89PE4ANN0vA,라더,https://namu.wiki/w/라더,라더.txt
361,체험판의컴퓨터채널Trialversion,/channel/UCeSnJtdf_dgvFqtK1PpxygA,체험판의 컴퓨터 채널,https://namu.wiki/w/체험판의 컴퓨터 채널,체험판의 컴퓨터 채널.txt
362,Rope로페,/channel/UCAtwdcmAFuTeK_nQ-wxGW0w,로페,https://namu.wiki/w/로페,로페.txt
363,이서니,/channel/UCcL8PoeJCC6DwAcKyzw_eQg,이서니,https://namu.wiki/w/이서니,이서니.txt
364,알로직,/channel/UCd4vEfDwg_kzVI-9Eq8sPHA,알로직,https://namu.wiki/w/알로직,알로직.txt
365,쉐리,/channel/UClDbuB3bgZYVIaN3534c_ew,쉐리(인터넷 방송인),https://namu.wiki/w/쉐리(인터넷 방송인),쉐리(인터넷 방송인).txt
366,노란 단무지,/channel/UCLGFyHp-wUhKrmNJBWZg75A,노란 단무지,https://namu.wiki/w/노란 단무지,노란 단무지.txt
367,PAKA,/channel/UCJpAwvQaZyCI5spAz7tipGA,PAKA,https://namu.wiki/w/PAKA,PAKA.txt
368,구스마일,/channel/UCpVLAetJt6_XjktxxhDUY2w,구스마일,https://namu.wiki/w/구스마일,구스마일.txt
369,중년게이머 김실장,/channel/UCSgvQDek_7CQj08fu7kp1Iw,중년게이머 김실장,https://namu.wiki/w/중년게이머 김실장,중년게이머 김실장.txt
370,왕군게임국,/channel/UCqONn4EbAYzIVEGAoQxmZUA,왕군게임국,https://namu.wiki/w/왕군게임국,왕군게임국.txt
371,화틱,/channel/UC2b9TmgJ-jZt8ZAKF4DwIWg,화틱,https://namu.wiki/w/화틱,화틱.txt
372,말괄량이 박삐삐,/channel/UC1ig0B3mPPXViUMTN5Hm-Ig,박삐삐,https://namu.wiki/w/박삐삐,박삐삐.txt
373,디스 이즈 샤이,/channel/UCBo3r_IAd1EiFGe1x7GgTLw,박상면(프로게이머),https://namu.wiki/w/박상면(프로게이머),박상면(프로게이머).txt
374,코렛트YouTube,/channel/UCvmHDocKuL6MVx1qRgqLV9g,코렛트(인터넷 방송인),https://namu.wiki/w/코렛트(인터넷 방송인),코렛트(인터넷 방송인).txt
375,최군TV [무삭제 풀영상],/channel/UCwGeidQWKEMdFIujQrz37qw,최군,https://namu.wiki/w/최군,최군.txt
376,똘끼100%,/channel/UCybKp0O2N9sUZOgIm1j2r_w,인범,https://namu.wiki/w/인범,인범.txt
377,게렌의 게임극장,/channel/UCUEX0L7GHPs95m8S7G6kWVA,게렌(인터넷 방송인),https://namu.wiki/w/게렌(인터넷 방송인),게렌(인터넷 방송인).txt
378,ryujehong,/channel/UCtt0Hg9MhraTkzWwNQpplHg,류제홍,https://namu.wiki/w/류제홍,류제홍.txt
379,홀릿 Youtube Holit,/channel/UCoH2pCzAr6zWDG-LtUiLWRw,홀릿(유튜버),https://namu.wiki/w/홀릿(유튜버),홀릿(유튜버).txt
380,_헤징,/channel/UCj38fEefpih2o1aHH886Z1g,헤징,https://namu.wiki/w/헤징,헤징.txt
381,넷마블 TV,/channel/UCpYaDypxUY_bB6s23sfpuMg,넷마블 TV,https://namu.wiki/w/넷마블 TV,넷마블 TV.txt
382,꼬예유 & 한예찬의 게임저장소,/channel/UCJoWNCiFuiN4eZnB80WUf4Q,한예찬,https://namu.wiki/w/한예찬,한예찬.txt
383,삐라,/channel/UCw2zOqd6hXsny79qDki_Z4w,삐라,https://namu.wiki/w/삐라,삐라.txt
384,마뫄,/channel/UCgEo04TieA9BEmiDOhYQUGw,마뫄,https://namu.wiki/w/마뫄,마뫄.txt
385,KD키드,/channel/UC98Dw7oYrXnoXCfhxgffzRA,KD키드,https://namu.wiki/w/KD키드,KD키드.txt
386,삐부찡,/channel/UCWbbrLELoBRo-8KG1D9m4HQ,삐부,https://namu.wiki/w/삐부,삐부.txt
387,LOL PRO Replays,/channel/UCYX9IB_lU43EenSWKDlheUg,2020 League of Legends Pro League Summer,https://namu.wiki/w/2020 League of Legends Pro League Summer,2020 League of Legends Pro League Summer.txt
388,Mudassar Saddique,/channel/UC_qgWkLIbwXA8YGWTbjSN3g,나무위키:대문,https://namu.wiki/w/나무위키:대문,나무위키-대문.txt
389,전자오랏맨,/channel/UCkcaRxpTcisadUeCbHOYTFw,전자오랏맨,https://namu.wiki/w/전자오랏맨,전자오랏맨.txt
390,G-ZONE 게임은지원,/channel/UC9iXc6HmaGygDiTj5OaNqNg,은지원,https://namu.wiki/w/은지원,은지원.txt
391,이춘향,/channel/UCH-5Xjx6MuEySkb-lAdIEeg,이춘향(인터넷 방송인),https://namu.wiki/w/이춘향(인터넷 방송인),이춘향(인터넷 방송인).txt
392,369랑께,/channel/UCVjAW_GXsPAbXKKEJYPBs0g,369랑께,https://namu.wiki/w/369랑께,369랑께.txt
393,개리유튜브,/channel/UCN8nXvaYJSqeD0wlwsVq2kQ,개리(인터넷 방송인),https://namu.wiki/w/개리(인터넷 방송인),개리(인터넷 방송인).txt
394,장파Jang Pa,/channel/UC8vlKcN5OpklBkb-Q2xGGjA,장파(인터넷 방송인),https://namu.wiki/w/장파(인터넷 방송인),장파(인터넷 방송인).txt
395,롤큐이슈 LOLQissue,/channel/UCyqwhqket92QYbSALAV7oXQ,롤큐,https://namu.wiki/w/롤큐,롤큐.txt
396,해봄,/channel/UCL9oC0YZRwuyudZqUrgKw9w,해봄,https://namu.wiki/w/해봄,해봄.txt
397,나무늘보,/channel/UCXAXCxTCCYYKsLJNzEvjqfw,나무늘보,https://namu.wiki/w/나무늘보,나무늘보.txt
398,지존조세,/channel/UCQOL6_MBCFXr3M9OTmwl9pg,지존조세,https://namu.wiki/w/지존조세,지존조세.txt
399,애덕 유튜브,/channel/UCSCogaMMoxrDe43Cx_kB9cQ,애덕,https://namu.wiki/w/애덕,애덕.txt
400,JeongWon Entertainment,/channel/UCu07k1hkdNzxLR2uc2-nYVQ,원철,https://namu.wiki/w/원철,원철.txt
401,오하빵 ohhabbang,/channel/UCnPJ_Jcl-dwFuGgqhavB8oA,오하영,https://namu.wiki/w/오하영,오하영.txt
402,찌훈,/channel/UCzlnXVYyIG38fUrMBGOpc3w,찌훈,https://namu.wiki/w/찌훈,찌훈.txt
403,더헬TheHell,/channel/UCRTRG3sr8my7ONpSQNruU2A,더헬,https://namu.wiki/w/더헬,더헬.txt
404,Gong re,/channel/UCl6gx0iQ-VvwhJu0r1FndTQ,Re:Re:,https://namu.wiki/w/Re:Re:,Re-Re-.txt
405,급식게임즈,/channel/UCCWHOI_Xth7mINE98Nprz6A,급식왕 & 급식걸즈,https://namu.wiki/w/급식왕 & 급식걸즈,급식왕 & 급식걸즈.txt
406,쿠키런,/channel/UCr-Eaw_CBpAqKHbzV_GidQQ,쿠키런/쿠키,https://namu.wiki/w/쿠키런/쿠키,쿠키런-쿠키.txt
407,쪼낙 JJONAK,/channel/UCeq0Nrch5KY3VrZyn_BB32g,방성현,https://namu.wiki/w/방성현,방성현.txt
408,제동TV[ JaeDongTV ] 이제동,/channel/UCOp9K7CjksKsve6CkNPzUWg,이제동,https://namu.wiki/w/이제동,이제동.txt
409,모마님,/channel/UCouZRGq24QaCvFlslu9uD9w,모마님,https://namu.wiki/w/모마님,모마님.txt
410,Yh Ha Figure maker,/channel/UCSsdK8cdN9hn3FS0mTf8iFA,YH 사건,https://namu.wiki/w/YH 사건,YH 사건.txt
411,HOWCOW uuu,/channel/UCInT34AJQaNyQ1V1PTEpv7w,HOWCOW uuu,https://namu.wiki/w/HOWCOW uuu,HOWCOW uuu.txt
412,Roblox - 한국,/channel/UCXM-GWvgXxj8V_Q_o1B4zyQ,Roblox - 한국,https://namu.wiki/w/Roblox - 한국,Roblox - 한국.txt
413,원창연 WonChangYeon,/channel/UC1FK8EsrPHHVOvrDvctqpbQ,원창연,https://namu.wiki/w/원창연,원창연.txt
414,Youtube고차비,/channel/UCjZy8afeI-58sPLgJIOmecg,고차비,https://namu.wiki/w/고차비,고차비.txt
415,개인팟,/channel/UCIBoeAMqlic3emU6_crV9Vw,개인팟,https://namu.wiki/w/개인팟,개인팟.txt
416,AfreecaTV eSports,/channel/UCK5eBtuoj_HkdXKHNmBLAXg,Afreeca Freecs/리그 오브 레전드,https://namu.wiki/w/Afreeca Freecs/리그 오브 레전드,Afreeca Freecs-리그 오브 레전드.txt
417,최고기 ENTJ,/channel/UCZgI5WTYh_1LWNexiHNH7QQ,ENTJ,https://namu.wiki/w/ENTJ,ENTJ.txt
418,왓구홍길동,/channel/UC9aktiWNGpSJKLshflga5yw,왓구홍길동,https://namu.wiki/w/왓구홍길동,왓구홍길동.txt
419,쿠리파파 스튜디오KooriPapa Studios,/channel/UCvjevfcEcO4JXSe3SgMYbGA,쿠리(유튜버),https://namu.wiki/w/쿠리(유튜버),쿠리(유튜버).txt
420,쌍튜브,/channel/UCvG7coejM6UD_rOnuDdIoFw,쌍베,https://namu.wiki/w/쌍베,쌍베.txt
421,Mulpan,/channel/UCDBg2guHN1JanH7QP7i2dQQ,Mulpan,https://namu.wiki/w/Mulpan,Mulpan.txt
422,안산저격수 ANS,/channel/UC7g2JNSc0SefzMTyc--Nn4w,이선창,https://namu.wiki/w/이선창,이선창.txt
423,다다토이 DADA Toy,/channel/UC4pIb-g1hjtWK6T98UqeQkQ,다다스튜디오 DADA Studio,https://namu.wiki/w/다다스튜디오 DADA Studio,다다스튜디오 DADA Studio.txt
424,수진이,/channel/UCmu_ekYHVR0vjmpyQZp8YwA,수진이,https://namu.wiki/w/수진이,수진이.txt
425,넥슨 YouTube,/channel/UCZcyI32yv57Zz0Y8-Nr1V9A,넥슨,https://namu.wiki/w/넥슨,넥슨.txt
426,임준하,/channel/UC0iAObTgKlFipjqApv0nJlw,임준하,https://namu.wiki/w/임준하,임준하.txt
427,배틀그라운드 ? PLAYERUNKNOWN'S BATTLEGROUNDS,/channel/UCms8Ge7H1ZGgw6nV94fUhUQ,PLAYERUNKNOWN'S BATTLEGROUNDS,https://namu.wiki/w/PLAYERUNKNOWN'S BATTLEGROUNDS,PLAYERUNKNOWN'S BATTLEGROUNDS.txt
428,CheritzTeam,/channel/UClcACsSYAi97Ka_QxX72JAA,수상한 메신저,https://namu.wiki/w/수상한 메신저,수상한 메신저.txt
429,HAK,/channel/UCMjsi-Xrmyv9vlN-92QySvQ,hack,https://namu.wiki/w/hack,hack.txt
430,금사향,/channel/UC1eIASyCXzaeOuBbGOubI9g,금사향(인터넷 방송인),https://namu.wiki/w/금사향(인터넷 방송인),금사향(인터넷 방송인).txt
431,sum,/channel/UCQknKKnwlpzDS7bjMULUjcg,sum,https://namu.wiki/w/sum,sum.txt
432,인벤,/channel/UCQePzo3_oRB-6RAzBioc6pg,인벤,https://namu.wiki/w/인벤,인벤.txt
433,Toon Tube,/channel/UCIJBt-DqtODaUKGKI5H01fg,배틀토이,https://namu.wiki/w/배틀토이,배틀토이.txt
434,마일드참치,/channel/UCtNQtlVDw79Sdxvm08Egk0w,마일드참치(유튜버),https://namu.wiki/w/마일드참치(유튜버),마일드참치(유튜버).txt
435,정리전문 [웃키키],/channel/UCn8P2mOrwb7BNMRviAFg6DQ,정리전문 [웃키키],https://namu.wiki/w/정리전문 [웃키키],정리전문 [웃키키].txt
436,배그TV,/channel/UCb7DiMpyCaKjMM04Eo2qyfw,재민TV,https://namu.wiki/w/재민TV,재민TV.txt
437,오버워치Player,/channel/UCeZZ5LAX3as-CPv-Bj3hPdQ,오버워치Player,https://namu.wiki/w/오버워치Player,오버워치Player.txt
438,킴스맨KIMSMAN INDUSTRY,/channel/UCixaWz4xXA_mJg8UhOZ6hkQ,킴스맨,https://namu.wiki/w/킴스맨,킴스맨.txt
439,MarioPartyGames,/channel/UCGGPa08De2KNGSaiPPokePA,,0,0
440,나나양,/channel/UC2z7Vj0qpcjIsAEHwOE1-NA,나나양,https://namu.wiki/w/나나양,나나양.txt
441,비엠TV,/channel/UC50HiPRDIXQMcB9orOdlbaQ,비엠(유튜버),https://namu.wiki/w/비엠(유튜버),비엠(유튜버).txt
442,연두의 일상채널,/channel/UCFRDmLQJItqvkfFFfuTGGVg,연두(인터넷 방송인),https://namu.wiki/w/연두(인터넷 방송인),연두(인터넷 방송인).txt
443,핸팝,/channel/UCfSy6hLYDteGVYb5h_Z2xkQ,핸팝,https://namu.wiki/w/핸팝,핸팝.txt
444,DRX,/channel/UC5WN-znPsJK0BbA8aHxZHWQ,DRX/리그 오브 레전드,https://namu.wiki/w/DRX/리그 오브 레전드,DRX-리그 오브 레전드.txt
445,탕카페TV,/channel/UCz1lALRICSdUzHRjJVVo9NQ,탕카페,https://namu.wiki/w/탕카페,탕카페.txt
446,김성룡 바둑랩,/channel/UCfA0tTDLNooBB0ymdoI5M7w,김성룡(바둑기사)/김성룡 바둑랩,https://namu.wiki/w/김성룡(바둑기사)/김성룡 바둑랩,김성룡(바둑기사)-김성룡 바둑랩.txt
447,새상놀이터,/channel/UCJ9Mk-2MwdoS_zMKgkdVUNw,새상놀이터,https://namu.wiki/w/새상놀이터,새상놀이터.txt
448,망개,/channel/UCNKam43W5s-LfRMKcd9Jg5Q,망개(인터넷 방송인),https://namu.wiki/w/망개(인터넷 방송인),망개(인터넷 방송인).txt
449,하지니지,/channel/UCFIUgqzzNjCvarzIqCE89cA,Nizi Project,https://namu.wiki/w/Nizi Project,Nizi Project.txt
450,PlayersCUT,/channel/UCD4_2dTl0ORuzuv75tDom_g,김혜성(성우),https://namu.wiki/w/김혜성(성우),김혜성(성우).txt
451,LookSam,/channel/UCQLfdihF1WwbuVcgJq6x6Iw,김진효,https://namu.wiki/w/김진효,김진효.txt
452,TV벵골,/channel/UC4gnNZCL8d6Eq2lLNqk5aSg,TV벵골,https://namu.wiki/w/TV벵골,TV벵골.txt
453,Yoorop,/channel/UCUJtmHHXN4BGT3zyE0o1j0Q,,0,0
454,조탁구TV,/channel/UC_5H4MxUOOtppCGjpVl3XPg,조탁구,https://namu.wiki/w/조탁구,조탁구.txt
455,BLIZZARDKOREA,/channel/UCEOoYEH7uLJ0Ux566Hy3XmQ,디아블로 이모탈,https://namu.wiki/w/디아블로 이모탈,디아블로 이모탈.txt
456,임아니,/channel/UCeHFCfPMbmQUuypVtXrpnTw,임아니,https://namu.wiki/w/임아니,임아니.txt
457,AliasMuse,/channel/UCiAK_U-vD5zcL8Bh9sberCw,AliasMuse,https://namu.wiki/w/AliasMuse,AliasMuse.txt
458,김도랜드,/channel/UC2_VPutZK0o_tG8ca_QrQRA,김도,https://namu.wiki/w/김도,김도.txt
459,부멘 Bumen,/channel/UC-97DBrSjf37Qu1cyVQ8X1A,부멘,https://namu.wiki/w/부멘,부멘.txt
460,아론 페이지,/channel/UCDbOXmGL7EkmOcnUb5Kki4A,아론 페이지,https://namu.wiki/w/아론 페이지,아론 페이지.txt
461,세드TV,/channel/UCMo4MnhHhSDkiUIXS6dytTQ,세드TV,https://namu.wiki/w/세드TV,세드TV.txt
462,마루에몽,/channel/UCLWXraxoi58otTHcWa9LZhQ,마루에몽,https://namu.wiki/w/마루에몽,마루에몽.txt
463,ShiningStar,/channel/UCde-B1KjFgIb9WGsSdT5wqQ,샤이닝 스타(애니메이션),https://namu.wiki/w/샤이닝 스타(애니메이션),샤이닝 스타(애니메이션).txt
464,철구 풀영상,/channel/UCPuQ0kaW-TX_2LgrEEUl7qQ,철구(인터넷 방송인),https://namu.wiki/w/철구(인터넷 방송인),철구(인터넷 방송인).txt
465,코시TV,/channel/UC7uEw7E1-NBpJwE5L2Amoyg,코시(인터넷 방송인),https://namu.wiki/w/코시(인터넷 방송인),코시(인터넷 방송인).txt
466,심킹,/channel/UCDYdwDXhbVZXkdV6kZn-0IQ,플루톤(원피스),https://namu.wiki/w/플루톤(원피스),플루톤(원피스).txt
467,하얀귤,/channel/UCLXSj8Q2mnL2XbBgRdTPiMQ,하얀귤,https://namu.wiki/w/하얀귤,하얀귤.txt
468,모잉_,/channel/UCHzre37UF4o64HRhp-7CDzQ,모잉,https://namu.wiki/w/모잉,모잉.txt
469,취한무드등,/channel/UCxM_h0LDzNU0XVD8YWCb17A,취한무드등,https://namu.wiki/w/취한무드등,취한무드등.txt
470,뽀박사 뽀쪽 Dr Joon,/channel/UC0hI0RUHrjCCskDMnMBnzFQ,뽀쪽뽀쪽,https://namu.wiki/w/뽀쪽뽀쪽,뽀쪽뽀쪽.txt
471,앤새ANDSADLY,/channel/UCZQvXBMUT7ZMM5i9w9ZFp_Q,앤새ANDSADLY,https://namu.wiki/w/앤새ANDSADLY,앤새ANDSADLY.txt
472,뉴리키,/channel/UCtsaNMRUmgwxMSb7xdpzALA,뉴리키,https://namu.wiki/w/뉴리키,뉴리키.txt
473,아구이뽀 A924,/channel/UCEn8UcA-PNu5ZKr6tZdJ4Kw,아구이뽀,https://namu.wiki/w/아구이뽀,아구이뽀.txt
474,라온스럽게 Be Like Raon Lee,/channel/UCJVsjpZqtve-SZ11U8jmH_g,이라온(유튜버),https://namu.wiki/w/이라온(유튜버),이라온(유튜버).txt
475,기가막힌사람,/channel/UC9V4iFRjgNUaPRPgvSgSlxA,기가막힌사람,https://namu.wiki/w/기가막힌사람,기가막힌사람.txt
476,오늘의 매드무비,/channel/UCcjFBc6EZ76yJarqU1AYuhA,매드 무비,https://namu.wiki/w/매드 무비,매드 무비.txt
477,Companytube,/channel/UCpmGKHhLg6QmdDg03Zds8Fg,,0,0
478,John James,/channel/UCs2QSZ8p8OjLUWUllNTpPZA,르브론 제임스,https://namu.wiki/w/르브론 제임스,르브론 제임스.txt
479,ㅇyㅇ,/channel/UCm6Y-gVqhlhX4FzrJCtsSzg,ㅇyㅇ,https://namu.wiki/w/ㅇyㅇ,ㅇyㅇ.txt
480,선비방송,/channel/UCIwrzpUgafk5ZD14BaSVdGQ,선비방송,https://namu.wiki/w/선비방송,선비방송.txt
481,무결의 VR게임,/channel/UCprxjd4bxAiNAxg947wvrmA,무결,https://namu.wiki/w/무결,무결.txt
482,SM TV [SeoMin TV],/channel/UC6k_2mRnYn8b-W-pKtBy85w,병신TV,https://namu.wiki/w/병신TV,병신TV.txt
483,Dmonk,/channel/UCvlZOzv_B0GD9VLqdsGWfcQ,디몽크,https://namu.wiki/w/디몽크,디몽크.txt
484,GameDO,/channel/UCnhZk0ebU5fm9oazpCtc_Sg,GameDO,https://namu.wiki/w/GameDO,GameDO.txt
485,허샘,/channel/UCnCeDIkExSpULGqmpj5oafg,허샘,https://namu.wiki/w/허샘,허샘.txt
486,신원리강아지,/channel/UCUKBryOxBtW7l9IRFfTyCXw,강아지,https://namu.wiki/w/강아지,강아지.txt
487,캐인유튜브,/channel/UC-8S20Ll1gzPiu_YY8BgyaQ,캐인,https://namu.wiki/w/캐인,캐인.txt
488,레지나Rezina,/channel/UCoGlmInGRIRoDg4NjAYv4-Q,레지나(유튜버),https://namu.wiki/w/레지나(유튜버),레지나(유튜버).txt
489,만득유튜브,/channel/UCLFaCqu7-o7NGqn_-uyKPBQ,만득(인터넷 방송인),https://namu.wiki/w/만득(인터넷 방송인),만득(인터넷 방송인).txt
490,무자비,/channel/UCPPuXI31ybWYB560T2uAeMg,무자비,https://namu.wiki/w/무자비,무자비.txt
491,김슬기 Seulgi KIM,/channel/UCsMjo3TqAQueM3LFWlsKnhw,김슬기,https://namu.wiki/w/김슬기,김슬기.txt
492,"포켓몬 공식 채널 Pok?mon Korea, Inc.",/channel/UCAhmOb9JWkI2HV_KIe9X_3A,포켓몬스터W,https://namu.wiki/w/포켓몬스터W,포켓몬스터W.txt
493,기뉴다GINEWDA,/channel/UCyJgLaAwEwGiLTl9ccd2haw,기뉴다,https://namu.wiki/w/기뉴다,기뉴다.txt
494,라넥갓,/channel/UC-Kk2qNHBsyyYy8kIIKMh8Q,라넥갓,https://namu.wiki/w/라넥갓,라넥갓.txt
495,ScuD?쁘르로세,/channel/UCs5Qp6yaCnsUGwqegqTEPKQ,쁘르로세,https://namu.wiki/w/쁘르로세,쁘르로세.txt
496,악시,/channel/UC58e7PIf49oMlDljMFPSy0w,악시,https://namu.wiki/w/악시,악시.txt
497,윤작까,/channel/UClA2xudL_XKm5HLY9yP8wyg,윤작까,https://namu.wiki/w/윤작까,윤작까.txt
498,우감독 [Director Woo],/channel/UCVbAEP8L2wR5dYvcWShwCsw,우감독,https://namu.wiki/w/우감독,우감독.txt
499,파크모,/channel/UCLdxLyuNHafN-1UlOs2BK8A,파크모,https://namu.wiki/w/파크모,파크모.txt
500,한국닌텐도 공식 채널,/channel/UCRCK5FCJtomQT3b88jXI_DA,한국닌텐도,https://namu.wiki/w/한국닌텐도,한국닌텐도.txt
501,타코리뷰,/channel/UCVes_P0Cc87L48_KvdyNX9w,타코리뷰,https://namu.wiki/w/타코리뷰,타코리뷰.txt
502,동호형,/channel/UCKr3S2aX4SyNkQTY-8UM86A,동호형,https://namu.wiki/w/동호형,동호형.txt
503,TV헤이스트,/channel/UCaiyyjmlyH70au7pzKE4jnQ,헤이스트TV,https://namu.wiki/w/헤이스트TV,헤이스트TV.txt
504,흑열전구,/channel/UC2IYsRiATGe71sLIOlSXGuw,흑열전구,https://namu.wiki/w/흑열전구,흑열전구.txt
505,미키스나,/channel/UCNday6XUUjYBs0fmjAmYTcg,미키스나,https://namu.wiki/w/미키스나,미키스나.txt
506,혜성,/channel/UCC1aXzKxN1P3WcpTh84-1OQ,혜성,https://namu.wiki/w/혜성,혜성.txt
507,시간의 숲,/channel/UCyfg0TBg4jwIqnX3uNADnhg,시간의 숲,https://namu.wiki/w/시간의 숲,시간의 숲.txt
508,핫도규 HOTDOGYU,/channel/UCHvz6pwNdtkhukP6oPOOnQg,핫도그,https://namu.wiki/w/핫도그,핫도그.txt
509,현솔,/channel/UCEWkdaR_6g6giiy8_vI6fmw,현솔,https://namu.wiki/w/현솔,현솔.txt
510,Dobby도비,/channel/UCvejyifMonPNXGLX-QFmYyw,도비,https://namu.wiki/w/도비,도비.txt
511,Bubsa Gaming,/channel/UCrBuJMx9qmXmxvQrmeI-TPA,TUBEPLE Gaming,https://namu.wiki/w/TUBEPLE Gaming,TUBEPLE Gaming.txt
512,Bung Korea,/channel/UCjFTY4_BJ4prXVmFow9x93g,Confinement,https://namu.wiki/w/Confinement,Confinement.txt
513,메이플스토리맑음,/channel/UC1dHu9GhbHH7RcHKyJdaOvA,맑음(유튜버),https://namu.wiki/w/맑음(유튜버),맑음(유튜버).txt
514,CAMAN카맨,/channel/UC3Md9z1EkkGs8htNkRG3Vew,카맨,https://namu.wiki/w/카맨,카맨.txt
515,한자,/channel/UCk5C4AR3uvmKwZYkIlSobbg,한자,https://namu.wiki/w/한자,한자.txt
516,쥐늑대 유튜브,/channel/UCugJ9oXLc7a_6B0yyCHdpSA,쥐늑대,https://namu.wiki/w/쥐늑대,쥐늑대.txt
517,긍정인,/channel/UCAm0pQmaq6dTcH2-qL6RQjQ,이중대,https://namu.wiki/w/이중대,이중대.txt
518,준밧드,/channel/UCDWlQ2AcGlcckdefjtF0goQ,준밧드,https://namu.wiki/w/준밧드,준밧드.txt
519,안내메시지,/channel/UCMswODzU1ZjjrLyUk7NfwPA,안내메시지,https://namu.wiki/w/안내메시지,안내메시지.txt
520,신용인의 게임채널,/channel/UCDrdTV9TcDx9-znGQAy6lzQ,신용인의 게임채널,https://namu.wiki/w/신용인의 게임채널,신용인의 게임채널.txt
521,서농,/channel/UC9nWnAJQDNBkJ_JlbKS-7VA,서농,https://namu.wiki/w/서농,서농.txt
522,병병병,/channel/UCLtZE7A3iN-oysHf5_vJYBA,병병병,https://namu.wiki/w/병병병,병병병.txt
523,표커,/channel/UCdF0eCyf5np3lPO4y1fJVdw,표커,https://namu.wiki/w/표커,표커.txt
524,저펄이,/channel/UCWMK0idJDBqwpueUiEXStCQ,저스트펄슨,https://namu.wiki/w/저스트펄슨,저스트펄슨.txt
525,THE SHY,/channel/UCT2iciPfSx1DmcYaf1MAFiA,강승록,https://namu.wiki/w/강승록,강승록.txt
526,엔씨소프트,/channel/UCbiqc9mdIz3XEH6LG5nCeMg,엔씨소프트,https://namu.wiki/w/엔씨소프트,엔씨소프트.txt
527,고뇌 [Gotube],/channel/UCfiarPVYi8ei4vZntToFYGg,고뇌(인터넷 방송인),https://namu.wiki/w/고뇌(인터넷 방송인),고뇌(인터넷 방송인).txt
528,Sky Nerf Guns,/channel/UCUJv3d2xXUDVhyKJ6BhzPGw,너프(장난감),https://namu.wiki/w/너프(장난감),너프(장난감).txt
529,입만산_김루윈,/channel/UCeRn_02zEifLqXxZkTpiXzA,이형주,https://namu.wiki/w/이형주,이형주.txt
530,안녕수야,/channel/UCm5suozTR8bN1o_5xRf9JrQ,안녕수야,https://namu.wiki/w/안녕수야,안녕수야.txt
531,괴물쥐팬OFFICIAL,/channel/UCz7gPLMK3PAXBTIEavZIXEg,괴물쥐,https://namu.wiki/w/괴물쥐,괴물쥐.txt
532,앵지,/channel/UC6jny3KnjnPLtSWYbrTqAtA,앵지,https://namu.wiki/w/앵지,앵지.txt
533,안기효TV,/channel/UCYG8tuvbQzWsDeoADyJFU8Q,안기효,https://namu.wiki/w/안기효,안기효.txt
534,우에하라아리,/channel/UC0EWVkB5mmeJ8z61rJWQTPg,우에하라아리,https://namu.wiki/w/우에하라아리,우에하라아리.txt
535,OVTV - 오비티비,/channel/UCcfuatJAWBygJ5Y3uPxTZsg,OVTV - 오비티비,https://namu.wiki/w/OVTV - 오비티비,OVTV - 오비티비.txt
536,이클리피아,/channel/UCRZURXN2vyCYzB9eYbSKQiw,이클리피아,https://namu.wiki/w/이클리피아,이클리피아.txt
537,하지,/channel/UCRmG4YBJMlBiH4rt8g2vNPw,하지,https://namu.wiki/w/하지,하지.txt
538,HAMA JUN,/channel/UCuWFQc0UEyNbT8v-pX83MjQ,HAMA JUN,https://namu.wiki/w/HAMA JUN,HAMA JUN.txt
539,불도그,/channel/UCBjPppB6FOLloYBUvgbqE_A,불도그,https://namu.wiki/w/불도그,불도그.txt
540,힙합가이,/channel/UC4ZsaUtdPtivLNNI5kozlDQ,가오가이,https://namu.wiki/w/가오가이,가오가이.txt
541,라간유튜브,/channel/UCqJB7rKizLzFYy2t_2rGahw,임경현,https://namu.wiki/w/임경현,임경현.txt
542,이중선,/channel/UCw7FqLmYfW-nAVhEd_grcZg,이중선,https://namu.wiki/w/이중선,이중선.txt
543,건곤,/channel/UCfO-Z1ZCFn9DF5217ZySjfw,건곤,https://namu.wiki/w/건곤,건곤.txt
544,유튜브박사장,/channel/UCqbx_XBQEA80FHsnLQOKXrw,박사장,https://namu.wiki/w/박사장,박사장.txt
545,Mihaya Gaming,/channel/UC5LL5w510Njr8heGeue1sEA,mihaya,https://namu.wiki/w/mihaya,mihaya.txt
546,Racing Park,/channel/UCAPVYRwD-6yYx85oqgFnqCw,CarX Drift Racing,https://namu.wiki/w/CarX Drift Racing,CarX Drift Racing.txt
547,라이언티,/channel/UChGrYmp0PTFef-XOjueNH6w,더빙레이디,https://namu.wiki/w/더빙레이디,더빙레이디.txt
548,나미춘 choontube,/channel/UCfUnRLITvC9bNpShAEIIhMA,윤태진,https://namu.wiki/w/윤태진,윤태진.txt
549,서봄,/channel/UCkQWAIUktzea2l8xT1GyVSg,서봄(유튜버),https://namu.wiki/w/서봄(유튜버),서봄(유튜버).txt
550,수닝유튜브,/channel/UC4i0dvptG3PokPjMx6r1zNQ,수닝,https://namu.wiki/w/수닝,수닝.txt
551,캡틴김수호,/channel/UCYaFxuv97e0qSx1MU9FvhGg,캡틴김수호,https://namu.wiki/w/캡틴김수호,캡틴김수호.txt
552,겜블비,/channel/UCGHtLohOnwNBhuJnPTjNo8g,더블비,https://namu.wiki/w/더블비,더블비.txt
553,게임저장소,/channel/UC4pUn2_URkvOvObfNcyvRzw,게임저장소,https://namu.wiki/w/게임저장소,게임저장소.txt
554,김호랭,/channel/UCZo3yJ0wjksu7AZAjPMCgbA,김호랭,https://namu.wiki/w/김호랭,김호랭.txt
555,김진우,/channel/UCweizAaKFQrSEYnleVOZqTA,지누(인터넷 방송인),https://namu.wiki/w/지누(인터넷 방송인),지누(인터넷 방송인).txt
556,리버스,/channel/UCFBGBsvOMA2gbxmnxgotsmw,리버스,https://namu.wiki/w/리버스,리버스.txt
557,플러리 Flurry,/channel/UCdZGwKwvi_i5BLvFzCj4FXw,조현수,https://namu.wiki/w/조현수,조현수.txt
558,웃소 게임즈,/channel/UCRMX7IWlG7Hqna2gDhGan_g,웃소,https://namu.wiki/w/웃소,웃소.txt
559,백설양,/channel/UCQPPzb7y4aJz6VV1F3v066g,백설양,https://namu.wiki/w/백설양,백설양.txt
560,TV효근,/channel/UCG8FY3eGM47TVmv8x5ZhA7A,효근,https://namu.wiki/w/효근,효근.txt
561,레고장인 채소골렘,/channel/UCYGtilUot-VLx6F-ubjg24Q,채소골렘,https://namu.wiki/w/채소골렘,채소골렘.txt
562,목츄리,/channel/UCzoX_XRk4Pd5thE2k59c2pw,Chu의 목츄리,https://namu.wiki/w/Chu의 목츄리,Chu의 목츄리.txt
563,강교생 KCS,/channel/UCF90fBrj4HP9VpdwGiQkrmQ,강교생,https://namu.wiki/w/강교생,강교생.txt
564,지수소녀 유튜브,/channel/UChzIscohei65H-7T-Pztaww,지수소녀,https://namu.wiki/w/지수소녀,지수소녀.txt
565,감블러,/channel/UCgmQJAJuiddthVUfJmWxltA,감블러,https://namu.wiki/w/감블러,감블러.txt
566,파닭Padalg,/channel/UCyGe1k6hJ-t7ZlYfYSmPdag,파닭,https://namu.wiki/w/파닭,파닭.txt
567,하솜,/channel/UC7xJ1J2TD7JwYlyL4RkBWmw,하솜,https://namu.wiki/w/하솜,하솜.txt
568,Baby HAPUM,/channel/UCs8zXRDTNzCdaNCioaENt5g,Baby HAPUM,https://namu.wiki/w/Baby HAPUM,Baby HAPUM.txt
569,에스카,/channel/UCoIoRtXGGPCaOE0qQHKXjvw,김인재,https://namu.wiki/w/김인재,김인재.txt
570,혁구,/channel/UC2HEQnILETT1x7V9iW3H1Kw,혁구,https://namu.wiki/w/혁구,혁구.txt
571,조디악,/channel/UC1b5zAyQWKa9KkIzC4wol0Q,조디악,https://namu.wiki/w/조디악,조디악.txt
572,스타크래프트,/channel/UClWPSY-fuGOIldrlUTqoEag,스타크래프트,https://namu.wiki/w/스타크래프트,스타크래프트.txt
573,배룡 TV,/channel/UCLstY59V0mohZmcSGd33cPw,배룡,https://namu.wiki/w/배룡,배룡.txt
574,곽민선,/channel/UCk0BKqdh8W4FR2eRTZ5Uoug,곽민선,https://namu.wiki/w/곽민선,곽민선.txt
575,레알이,/channel/UCpUMkvvodRfGDkVN27lFe3Q,레알이,https://namu.wiki/w/레알이,레알이.txt
576,Yellow character gameplay,/channel/UCymWBXiV4f_N-_xPgwmpEQA,Piggy(Book1),https://namu.wiki/w/Piggy(Book1),Piggy(Book1).txt
577,노력왕먼치,/channel/UCQfISxq5legTqOt1h1us6lg,노력왕먼치,https://namu.wiki/w/노력왕먼치,노력왕먼치.txt
578,임요환,/channel/UCbGzoa8xSdjr-B3UdI06yPA,임요환,https://namu.wiki/w/임요환,임요환.txt
579,가재맨,/channel/UCnkytUgy0CtWd06up9CjNxg,가재맨,https://namu.wiki/w/가재맨,가재맨.txt
580,김채호의 필름찢기,/channel/UCNbUh4ETUOSNq0HMMVjhieQ,김채호의 필름찢기,https://namu.wiki/w/김채호의 필름찢기,김채호의 필름찢기.txt
581,제독신ParkJunHyo,/channel/UCqpW5qIRfLkgnYtpe59Fapw,박준효,https://namu.wiki/w/박준효,박준효.txt
582,얍얍,/channel/UCnb4EuP3C0dxeika3b-bnXA,얍얍,https://namu.wiki/w/얍얍,얍얍.txt
583,주간신보석,/channel/UCY5Xbo2lSFqdDQGZJTXfFZA,원창연,https://namu.wiki/w/원창연,원창연.txt
584,YESOON,/channel/UCQEvlqmTcqU6SbjNhsft2wg,예순(유튜버),https://namu.wiki/w/예순(유튜버),예순(유튜버).txt
585,코뚱잉,/channel/UC4q2QOe3Ht73lVO-31JnkQQ,코뚱잉,https://namu.wiki/w/코뚱잉,코뚱잉.txt
586,게임넛 GAMENUT,/channel/UCMru5gvumXqykoro-yDwQCw,게임넛,https://namu.wiki/w/게임넛,게임넛.txt
587,성주로운 게임생활,/channel/UCfo5uQjcvpD7M3V29pgINnA,양띵/대규모 콘텐츠,https://namu.wiki/w/양띵/대규모 콘텐츠,양띵-대규모 콘텐츠.txt
588,이문주,/channel/UCfdLDnGcRM3okEOtocWNHuQ,이문주,https://namu.wiki/w/이문주,이문주.txt
589,주보리 JooBoRi,/channel/UCRkwhAO2CKNXPcFXAMfn0ng,주보리,https://namu.wiki/w/주보리,주보리.txt
590,설레임 TV,/channel/UC-sn1taSI0CEWg8n4M7WDMQ,설레임 에디션,https://namu.wiki/w/설레임 에디션,설레임 에디션.txt
591,플이,/channel/UCMmlqTsmThrRulFDlyhIUsw,플이,https://namu.wiki/w/플이,플이.txt
592,코지CoZy,/channel/UC7bDvA98eXIUiLMwXPfdF2Q,코지(동음이의어),https://namu.wiki/w/코지(동음이의어),코지(동음이의어).txt
593,LEE&lee리앤리,/channel/UCaxgabcQh_tiPIcZfOS8zXg,,0,0
594,OCK CLAY,/channel/UCBdRqVCFEAuJnfnHTW3RMPQ,아이언(가수),https://namu.wiki/w/아이언(가수),아이언(가수).txt
595,수학자,/channel/UC7Mc5ssSVpWzqH9mlRGEEAg,수학자,https://namu.wiki/w/수학자,수학자.txt
596,싸패TV,/channel/UCfycsfXKilVd-EBL9VC8RGA,싸패,https://namu.wiki/w/싸패,싸패.txt
597,Sun,/channel/UCCILo-Qu-OMAb1zpzDa6B3A,SUN,https://namu.wiki/w/SUN,SUN.txt
598,도멘TV [DOTUBE],/channel/UCFHUplScMiWTjJrtv4hxWmg,도재욱,https://namu.wiki/w/도재욱,도재욱.txt
599,에프람,/channel/UCVgTydj9KUfDm_qmXPtx0FA,김주호(프로게이머),https://namu.wiki/w/김주호(프로게이머),김주호(프로게이머).txt
600,금융인 강은호,/channel/UC9pCNmC-Ovq2sRfHIwLDuIg,강은호,https://namu.wiki/w/강은호,강은호.txt
601,dragonvillage_official,/channel/UC6g-3ON3MpaiUuxBg25CZAg,드래곤빌리지,https://namu.wiki/w/드래곤빌리지,드래곤빌리지.txt
602,로자르TV,/channel/UCuwnt_REmD4YsCtFJRoqjFw,로자르,https://namu.wiki/w/로자르,로자르.txt
603,고래쉬,/channel/UCCWcDTQwUzYxxQNxP17F-Rw,고래쉬,https://namu.wiki/w/고래쉬,고래쉬.txt
604,신성조,/channel/UCNCZoEdHHuF76DZ78IBJvlQ,신성조,https://namu.wiki/w/신성조,신성조.txt
605,새루 유튜브/SaeRu YouTube,/channel/UCzZepWSPs2VCpCirB3zGgtw,새루,https://namu.wiki/w/새루,새루.txt
606,BJ섭이 FIFA4 S2 Korea,/channel/UCKd2rI7xVJm86kav7okWC6A,김승섭(프로게이머),https://namu.wiki/w/김승섭(프로게이머),김승섭(프로게이머).txt
607,랑께님,/channel/UCkye8NKh9-zmsi466P_stcA,랑께님,https://namu.wiki/w/랑께님,랑께님.txt
608,요루루유튜브,/channel/UCXCa03lRK6tlntZoJ7TUWRw,요루루,https://namu.wiki/w/요루루,요루루.txt
609,다누리,/channel/UCtcw3t27H9qFwcdAujrDEyQ,다누리,https://namu.wiki/w/다누리,다누리.txt
610,연두부 YouTube,/channel/UCmOmhm_p0UEwcPkAmotX8RQ,연두부(인터넷 방송인),https://namu.wiki/w/연두부(인터넷 방송인),연두부(인터넷 방송인).txt
611,MGTV,/channel/UCKymUugOQ8dkT7dZ4KmK_3g,후난 방송영상 그룹,https://namu.wiki/w/후난 방송영상 그룹,후난 방송영상 그룹.txt
612,살타 Salta,/channel/UCsbo5VemDR505Etd5ZKnWNA,살타,https://namu.wiki/w/살타,살타.txt
613,YunMot,/channel/UCWtPonhrTEf25p9nONwBwYQ,,0,0
614,솜사탕,/channel/UClfxB3OFyNkolbCEXp-5v1w,솜사탕(유튜버),https://namu.wiki/w/솜사탕(유튜버),솜사탕(유튜버).txt
615,초승달,/channel/UCxx7UvIhPkEQxaplaWS2hLg,초승달(인터넷 방송인),https://namu.wiki/w/초승달(인터넷 방송인),초승달(인터넷 방송인).txt
616,신속,/channel/UC0hk2D145ogyBYMKjylWkkw,신속(인터넷 방송인),https://namu.wiki/w/신속(인터넷 방송인),신속(인터넷 방송인).txt
617,허블렛TV,/channel/UCJriMiQFo5023wkc2hWaiuA,허블렛,https://namu.wiki/w/허블렛,허블렛.txt
618,에어비스,/channel/UCXybGky1c_63xzXFzI0eU8A,에어비스,https://namu.wiki/w/에어비스,에어비스.txt
619,Nizzotch,/channel/UC3XJRyvLD7rvsVFCFS1IX0A,,0,0
620,MapleStory_KR,/channel/UCU_hKD03cUTCvnOJpEmKvCg,메이플스토리,https://namu.wiki/w/메이플스토리,메이플스토리.txt
621,김승희 KIMSEUNGHEE,/channel/UCPZkUGXQrWKqWFCfDMaZxhA,김승희(모델),https://namu.wiki/w/김승희(모델),김승희(모델).txt
622,나이스게임TV,/channel/UCVR8eG4I5Fies8NQFWF-KsA,나이스게임TV,https://namu.wiki/w/나이스게임TV,나이스게임TV.txt
623,만취한 오박사 Drunk Oak,/channel/UC0iFX-aClxo7TM6fE8K0duQ,만취한 오박사,https://namu.wiki/w/만취한 오박사,만취한 오박사.txt
624,라이너TV,/channel/UCqgRbodod44OjLp9tqpgkPw,라이너(인터넷 방송인),https://namu.wiki/w/라이너(인터넷 방송인),라이너(인터넷 방송인).txt
625,항심,/channel/UCX1s-RbSfskDNPnrwH3GvKQ,항심,https://namu.wiki/w/항심,항심.txt
626,주식회사 중계진,/channel/UCNymqCXr3sxL8dnmO_jScuA,이승원(게임 해설가),https://namu.wiki/w/이승원(게임 해설가),이승원(게임 해설가).txt
627,카오,/channel/UCXkY64Z4UW9XEluhplCJafQ,카오(유튜버),https://namu.wiki/w/카오(유튜버),카오(유튜버).txt
628,中譯版今日韓服精華,/channel/UCLrMXBAgIPbOPR0h_6xWVrA,나무위키,https://namu.wiki/w/나무위키,나무위키.txt
629,Play with Toy,/channel/UChvR-r6dtgPkXhY4rvPgq2A,배틀토이,https://namu.wiki/w/배틀토이,배틀토이.txt
630,프로즈,/channel/UCww3MeqGQnIatVvEr3pSjhA,프로즈(유튜버),https://namu.wiki/w/프로즈(유튜버),프로즈(유튜버).txt
631,ROBLOX 해달선,/channel/UCwqLV5Xndjm4Wztk-c7IMjQ,해달선,https://namu.wiki/w/해달선,해달선.txt
632,김기열,/channel/UCf8xJL-CznwfW7W2LO3y_EQ,김기열,https://namu.wiki/w/김기열,김기열.txt
633,사이,/channel/UCqEoc6yuYRg5CFG4NIG8euQ,사이,https://namu.wiki/w/사이,사이.txt
634,닼발DACKBAL,/channel/UCQIx6hvYi2eurTCAum1HNyQ,닼발,https://namu.wiki/w/닼발,닼발.txt
635,축덕,/channel/UCj1Q64mwSIbGSJXZjhuAnLQ,축덕,https://namu.wiki/w/축덕,축덕.txt
636,Polypuff,/channel/UC0aFOAetT4Hur0qmOnmmbBA,,0,0
637,정윤종,/channel/UCGyIKWpa4cbKJQIc2hNmVJA,정윤종,https://namu.wiki/w/정윤종,정윤종.txt
638,코태(Kotae),/channel/UCJFkH0p-M4_WEaHvLqWnkIg,,0,0
639,LinkTrader,/channel/UC8JzTlzwWkbyQuXaYDb00nA,,0,0
640,눈가루,/channel/UCAXuZuWLv9oLq6SEXnOppNA,눈가루TV,https://namu.wiki/w/눈가루TV,눈가루TV.txt
